station_id,true_opnid,opnids,comments,modeled,repo_name,wplmn_flag,source
E01001001,,,,,SuperiorNorth,0.0,wiski
E01005001,,,,,SuperiorNorth,0.0,wiski
E01008001,,,,,SuperiorNorth,0.0,wiski
E01008002,,,,,SuperiorNorth,0.0,wiski
E73058001,,,,,Vermilion,0.0,wiski
E02002001,,,,,SuperiorSouth,0.0,wiski
E73064001,,,,,Vermilion,0.0,wiski
E03012001,,,,,StLouisCloquet,0.0,wiski
E03013002,,,,,StLouisCloquet,0.0,wiski
E03084002,,,,,StLouisCloquet,0.0,wiski
E03112001,,,,,StLouisCloquet,0.0,wiski
E03119002,,,,,StLouisCloquet,0.0,wiski
E03129001,,,,,StLouisCloquet,0.0,wiski
H09075001,,,,,MissGrandRapids,0.0,wiski
E03132001,,,,,StLouisCloquet,0.0,wiski
E03137001,,,,,StLouisCloquet,0.0,wiski
E03145001,,,,,StLouisCloquet,0.0,wiski
E10089001,,,,,MissBrainerd,0.0,wiski
E12016001,,,,,CrowWing,0.0,wiski
E03163017,,,,,StLouisCloquet,0.0,wiski
E03163018,,,,,StLouisCloquet,0.0,wiski
E03174001,502.0,502,,,StLouisCloquet,1.0,wiski
E03175001,,,,,StLouisCloquet,0.0,wiski
E04042001,,,,,StLouisCloquet,0.0,wiski
E05013001,,,,,Nemadji,0.0,wiski
E05013002,,,,,Nemadji,0.0,wiski
E07008001,,,,,MissHeadwaters,0.0,wiski
E09005001,,,,,MissGrandRapids,0.0,wiski
E09020001,151.0,151,"Despite name, gauge is not on the Prairie River, should double check with load monitoring",,MissGrandRapids,1.0,wiski
E09029001,,,,,MissGrandRapids,0.0,wiski
E09033001,,,,,MissGrandRapids,0.0,wiski
E09064001,220.0,220,Inflows from other model. Probably should use this station for the MissHeadwaters model for reach 650,,MissGrandRapids,1.0,wiski
E10015001,110.0,110,,,MissBrainerd,1.0,wiski
E10048001,,,,,MissBrainerd,0.0,wiski
E10082002,,,,,MissBrainerd,0.0,wiski
E12043001,,,,,CrowWing,0.0,wiski
E12085001,557.0,557,,,CrowWing,1.0,wiski
E15001002,610.0,610,,,MissSartell,1.0,wiski
E16058004,470.0,470,,,Sauk,0.0,wiski
E17001001,790.0,"770,390",,,MissStCloud,0.0,wiski
E17022001,10.0,10,,,MissStCloud,0.0,wiski
E17035001,667.0,"667,-665",665 should really route downstream of 667,,MissStCloud,0.0,wiski
E17049001,689.0,689,,,MissStCloud,0.0,wiski
E17049002,689.0,"677,679",,,MissStCloud,0.0,wiski
E18037001,90.0,90,,,NFCrow,0.0,wiski
E18043001,110.0,"90,101",,,NFCrow,0.0,wiski
E18087001,950.0,950,,,NFCrow,0.0,wiski
E20041001,,,,,,1.0,wiski
E20057001,,,,,,0.0,wiski
E20058001,,,,,,0.0,wiski
E20062001,,,,,,0.0,wiski
E20063001,,,,,,0.0,wiski
E20064001,,,,,,0.0,wiski
E20065001,,,,,,0.0,wiski
E20079001,,,,,,0.0,wiski
E20088001,,,,,,0.0,wiski
E20088003,,,,,,0.0,wiski
E20093001,,,,,,0.0,wiski
E20095001,,,,,,0.0,wiski
E20106001,,,,,,0.0,wiski
E20110001,,,,,,0.0,wiski
E20114001,,,,,,0.0,wiski
E20115001,,,,,,0.0,wiski
E20115002,,,,,,0.0,wiski
E20115003,,,,,,0.0,wiski
E20115004,,,,,,0.0,wiski
E20115005,,,,,,0.0,wiski
E21059002,45.0,45,"lake outlet, likely backwater effects",,Rum,0.0,wiski
E21059003,45.0,45,lake outlet,,Rum,0.0,wiski
E21077001,290.0,"270,277",,,Rum,0.0,wiski
E21089001,413.0,413,middle of reach,,Rum,0.0,wiski
E21095001,410.0,410,middle of reach,,Rum,0.0,wiski
E22006001,103.0,103,,,Chippewa,0.0,wiski
E22007001,,,,,LacQuiParle,1.0,wiski
E22010001,,,,,LacQuiParle,0.0,wiski
E22010002,,,,,LacQuiParle,0.0,wiski
E22022001,,,,,LacQuiParle,0.0,wiski
E22052001,,,,,LacQuiParle,0.0,wiski
E22079001,102.0,103,,,Chippewa,0.0,wiski
E23007001,10.0,20,,,PommeDeTerre,1.0,wiski
E24008001,,,,,LacQuiParle,0.0,wiski
E24020002,,,,,LacQuiParle,0.0,wiski
E24023001,102.0,102,,,LacQuiParle,1.0,wiski
E25002001,215.0,215,single reachshed,,HawkYellowMedicine,0.0,wiski
E25002002,,,,0.0,HawkYellowMedicine,,wiski
E25002003,,,,0.0,HawkYellowMedicine,,wiski
E25028001,219.0,219,,,HawkYellowMedicine,0.0,wiski
E25063001,307.0,"307,-180",downstream confluence of upstream model,,HawkYellowMedicine,0.0,wiski
E25075001,101.0,101,,,HawkYellowMedicine,1.0,wiski
E25130001,,,,0.0,HawkYellowMedicine,,wiski
E25130002,,,,0.0,HawkYellowMedicine,,wiski
E25151001,106.0,"110,107",,,HawkYellowMedicine,0.0,wiski
E26038002,149.0,149,,,Chippewa,0.0,wiski
E26057001,106.0,106,,,Chippewa,1.0,wiski
E27035001,450.0,450,,,Redwood,1.0,wiski
E27042001,,,,,Redwood,0.0,wiski
E27043002,,,,,Redwood,0.0,wiski
E28057001,377.0,377,,,MiddleMN,0.0,wiski
E28073001,,,,,MiddleMN,0.0,wiski
E29044001,,,,,Cottonwood,0.0,wiski
E29044002,,,,,Cottonwood,0.0,wiski
E29044003,,,,,Cottonwood,0.0,wiski
E29079001,,,,,Cottonwood,0.0,wiski
E30092001,430.0,410,,,BlueEarth,1.0,wiski
E32069001,,,,,LeSueur,0.0,wiski
E32077001,850.0,850,,,LeSueur,1.0,wiski
E33027001,,,,,MetroMN,0.0,wiski
E33038001,,,,,LowerMN,0.0,wiski
E33091001,217.0,215,,,LowerMN,1.0,wiski
E33103001,289.0,287,,,LowerMN,0.0,wiski
E33117001,,,,,MetroMN,0.0,wiski
E33117002,,,,,MetroMN,0.0,wiski
E33118001,,,,,MetroMN,0.0,wiski
E33118002,,,,,MetroMN,0.0,wiski
E33122001,,,,,MetroMN,0.0,wiski
E33123001,,,,,MetroMN,0.0,wiski
E33130001,,,,,MetroMN,0.0,wiski
E33130002,,,,,MetroMN,0.0,wiski
E33143004,710.0,710,technically 694 draings to 710 but is downstream of gauge but this is a small trib relative to minnesota,,MetroMN,1.0,wiski
E33145001,310.0,310,,,LowerMN,1.0,wiski
E34035001,,,,,Kettle,0.0,wiski
E34042001,,,,,,0.0,wiski
E35021001,,,,,Kettle,0.0,wiski
E35061001,,,,,Kettle,0.0,wiski
E35065001,,,,,Kettle,0.0,wiski
E36076001,270.0,260,,,SnakeSE,1.0,wiski
E37023001,,,,,,0.0,wiski
E37037001,,,,,,0.0,wiski
E37048002,,,,,,1.0,wiski
E37061001,,,,,,1.0,wiski
E37073001,,,,,,0.0,wiski
E38009001,,,,,,0.0,wiski
E38025002,,,,,,0.0,wiski
E38026001,,,,,,0.0,wiski
E38034001,,,,,,0.0,wiski
E39004002,103.0,103,,,Cannon,1.0,wiski
E39069002,,,,,Cannon,0.0,wiski
E39077002,,,,,Cannon,0.0,wiski
E39101001,802.0,802,,,Cannon,1.0,wiski
E40006001,,,,,MissWinona,1.0,wiski
E40006002,,,,,,0.0,wiski
E40007001,,,,,MissWinona,0.0,wiski
E40010001,,,,,MissWinona,0.0,wiski
E40013001,,,,,MissWinona,0.0,wiski
E40029001,,,,,MissWinona,0.0,wiski
E40030001,,,,,MissWinona,0.0,wiski
E41031002,,,,,Zumbro,0.0,wiski
E41042001,103.0,103,,,Zumbro,0.0,wiski
E41063002,,,,,Zumbro,0.0,wiski
E43001001,,,,,Root,0.0,wiski
E43015001,,,,,Root,0.0,wiski
E43017001,114.0,114,middle of the reach,,Root,1.0,wiski
E43050001,,,,,Root,0.0,wiski
E43054001,135.0,135,,,Root,1.0,wiski
E43083001,,,,,Root,0.0,wiski
E48020001,430.0,410,,,Cedar,1.0,wiski
E54018001,104.0,104,,,MustinkaBDS,1.0,wiski
E54034001,111.0,111,,,MustinkaBDS,0.0,wiski
E55044001,309.0,309,,,MustinkaBDS,0.0,wiski
E55064001,308.0,"309,322",,,MustinkaBDS,0.0,wiski
E55068001,,,,0.0,MustinkaBDS,0.0,wiski
E56008002,234.0,"234,229",lake,,OtterTail,0.0,wiski
E56008003,225.0,225,lake,,OtterTail,0.0,wiski
E56008004,224.0,224,lake,,OtterTail,0.0,wiski
E56008005,,,lake,,OtterTail,0.0,wiski
E56048001,200.0,200,massive reach that needs to be broken up,,OtterTail,0.0,wiski
E56050001,302.0,302,,,OtterTail,1.0,wiski
E56065001,111.0,111,,,OtterTail,0.0,wiski
E56078001,229.0,229,lake,,OtterTail,0.0,wiski
E56081001,226.0,227,lake,,OtterTail,0.0,wiski
E56081002,228.0,228,lake,,OtterTail,0.0,wiski
E56081003,,,,0.0,OtterTail,0.0,wiski
E56081004,,,,0.0,OtterTail,0.0,wiski
E56082006,230.0,230,,,OtterTail,0.0,wiski
E56086001,535.0,535,middle of reach,,OtterTail,0.0,wiski
E57006001,,,,,OtterTail,0.0,wiski
E57006002,,,,,UpperRed,0.0,wiski
E57028001,134.0,134,,,UpperRed,0.0,wiski
E58002001,183.0,184,,,Buffalo,0.0,wiski
E58040001,117.0,"117,116",,,Buffalo,0.0,wiski
E58056001,180.0,180,,,Buffalo,0.0,wiski
E58059001,126.0,127,,,Buffalo,1.0,wiski
E59002001,999.0,"999,-991,-980,-993,-995",mainstem of model should be borken up,,,0.0,wiski
E60112001,730.0,730,,,WildRiceMarsh,1.0,wiski
E60124001,511.0,491,,,WildRiceMarsh,1.0,wiski
E61027002,370.0,"370,-365",middle of reach,,Sandhill,0.0,wiski
E61039001,430.0,430,,,Sandhill,1.0,wiski
E61046001,,,,,,0.0,wiski
E62021001,,,,,RedLake,0.0,wiski
E62021001,,,,,RedLakes,0.0,wiski
E62023001,,,,,RedLakes,0.0,wiski
E62031001,343.0,343,likely backwater effects,,RedLakes,0.0,wiski
E62033001,339.0,339,"near lake, likely backwater effects",,RedLakes,0.0,wiski
E63007001,110.0,"90,95",,,RedLake,1.0,wiski
E63055001,,,,,RedLake,0.0,wiski
E63057001,,,,,RedLake,0.0,wiski
E63060001,,,,,RedLake,0.0,wiski
E63060002,,,,,RedLake,0.0,wiski
E63061001,,,,,RedLake,0.0,wiski
E63062001,357.0,,,,Sandhill,0.0,wiski
E63078001,570.0,550,,,RedLake,1.0,wiski
E65014001,490.0,490,,,Thief,1.0,wiski
E66020001,,,,,Clearwater,0.0,wiski
E66021001,,,,,Clearwater,0.0,wiski
E66022001,,,,,Clearwater,0.0,wiski
E66023001,,,,,Clearwater,0.0,wiski
E66035001,,,,,Clearwater,0.0,wiski
E66041001,410.0,390,,,Clearwater,1.0,wiski
E66050001,650.0,650,,,Clearwater,1.0,wiski
E66052001,,,,,Clearwater,0.0,wiski
E66062001,,,,,Clearwater,0.0,wiski
E68006002,,,,,SnakeNW,0.0,wiski
E68017001,567.0,565,,,SnakeNW,1.0,wiski
E69030001,,,,,,0.0,wiski
E70014001,,,,,TwoRivers,0.0,wiski
E70015001,,,,,TwoRivers,0.0,wiski
E70024001,,,,,TwoRivers,0.0,wiski
E70025001,,,,,TwoRivers,0.0,wiski
E70030001,,,,,TwoRivers,0.0,wiski
E70033001,230.0,"210,211",,,TwoRivers,1.0,wiski
E70040001,,,,,TwoRivers,0.0,wiski
E71024001,,,,,Roseau,0.0,wiski
E71033001,,,,,Roseau,0.0,wiski
E71035002,,,,,Roseau,0.0,wiski
E71041001,,,,,Roseau,0.0,wiski
E71057001,,,,,Roseau,0.0,wiski
E72003001,,,,,RainyHeadwaters,0.0,wiski
E72023001,,,,,RainyHeadwaters,0.0,wiski
E72045002,,,,,RainyHeadwaters,0.0,wiski
E72059001,,,,,RainyHeadwaters,0.0,wiski
E72061001,,,,,RainyHeadwaters,0.0,wiski
E72065001,,,,,RainyHeadwaters,0.0,wiski
E72065002,,,,,RainyHeadwaters,0.0,wiski
E72068001,,,,,RainyHeadwaters,0.0,wiski
E72068002,,,,,RainyHeadwaters,0.0,wiski
E72068003,,,,,RainyHeadwaters,0.0,wiski
E72068004,,,,,RainyHeadwaters,0.0,wiski
E72090001,,,,,RainyHeadwaters,0.0,wiski
E72091001,,,,,RainyHeadwaters,0.0,wiski
E72092001,,,,,RainyHeadwaters,0.0,wiski
E73002001,370.0,"350,351",,,Vermilion,1.0,wiski
E74004001,,,,,RainyLake,0.0,wiski
E74005001,,,,,RainyLake,0.0,wiski
E74043001,,,,,LittleFork,0.0,wiski
E76003001,,,,,LittleFork,0.0,wiski
E76090001,490.0,490,,,LittleFork,1.0,wiski
E76104001,,,,,LittleFork,0.0,wiski
E77069001,470.0,470,,,BigFork,1.0,wiski
E78010001,,,,,RainyRiver,0.0,wiski
E80023001,50.0,"50,-41",,,LOWUS,0.0,wiski
E80027001,41.0,41,,,LOWUS,0.0,wiski
E80028001,55.0,55,,,LOWUS,0.0,wiski
E84011001,10.0,,,,LittleSioux,0.0,wiski
E84012001,3.0,3,,,LittleSioux,0.0,wiski
E84025001,163.0,162,,,LittleSioux,0.0,wiski
H01009001,,,,,SuperiorNorth,0.0,wiski
H01014001,,,,,SuperiorNorth,0.0,wiski
H01015001,,,,,SuperiorNorth,0.0,wiski
H01022001,231.0,231,,,SuperiorNorth,1.0,wiski
H01037001,,,,,SuperiorNorth,0.0,wiski
H01063001,,,,,SuperiorNorth,0.0,wiski
H01063003,193.0,193,,,SuperiorNorth,1.0,wiski
H01076003,,,,,SuperiorNorth,0.0,wiski
H01077001,,,,,SuperiorNorth,0.0,wiski
H01088003,,,,,SuperiorNorth,0.0,wiski
H01092001,161.0,161,,,SuperiorNorth,1.0,wiski
H02006002,,,,,SuperiorSouth,0.0,wiski
H02006003,150.0,150,,,SuperiorSouth,1.0,wiski
H02009001,,,,,SuperiorSouth,0.0,wiski
H02012004,,,,,SuperiorSouth,0.0,wiski
H02020001,,,,,SuperiorSouth,0.0,wiski
H02021001,,,,,SuperiorSouth,0.0,wiski
H02025004,,,,,SuperiorSouth,0.0,wiski
H02026001,,,,,SuperiorSouth,0.0,wiski
H02031001,,,,,SuperiorSouth,0.0,wiski
H02031002,120.0,120,,,SuperiorSouth,1.0,wiski
H02032002,,,,,SuperiorSouth,0.0,wiski
H02033001,,,,,SuperiorSouth,0.0,wiski
H02035001,,,,,SuperiorSouth,0.0,wiski
H02036003,,,,,SuperiorSouth,0.0,wiski
H02037005,,,,,SuperiorSouth,0.0,wiski
H02038001,,,,,SuperiorSouth,0.0,wiski
H02039008,,,,,SuperiorSouth,0.0,wiski
H02040008,,,,,SuperiorSouth,0.0,wiski
H02048001,,,,,SuperiorSouth,0.0,wiski
H03001001,,,,,StLouisCloquet,0.0,wiski
H03001002,,,,,StLouisCloquet,0.0,wiski
H03001003,,,,,StLouisCloquet,0.0,wiski
H03001012,,,,,StLouisCloquet,0.0,wiski
H03010003,201.0,"202,231",,,StLouisCloquet,0.0,wiski
H03034001,227.0,227,,,StLouisCloquet,1.0,wiski
H03055001,279.0,"280,295",reach vector layer different than routing scheme,,StLouisCloquet,1.0,wiski
H03059001,,,,,StLouisCloquet,0.0,wiski
H03084001,236.0,"233,236",reach vector layer different than routing scheme,,StLouisCloquet,1.0,wiski
H03115001,249.0,"271,250",,,StLouisCloquet,1.0,wiski
H03116001,,,,,StLouisCloquet,0.0,wiski
H03119004,,,,,StLouisCloquet,0.0,wiski
H03134002,,,,,StLouisCloquet,0.0,wiski
H03138001,,,,,StLouisCloquet,0.0,wiski
H03143001,,,,,StLouisCloquet,0.0,wiski
H03145003,,,,,StLouisCloquet,0.0,wiski
H03147001,,,,,StLouisCloquet,0.0,wiski
H03148001,,,,,StLouisCloquet,0.0,wiski
H03148010,,,,,StLouisCloquet,0.0,wiski
H03149001,,,,,StLouisCloquet,0.0,wiski
H03149002,,,,,StLouisCloquet,0.0,wiski
H03150001,260.0,260,single reach/subwatershed,,StLouisCloquet,1.0,wiski
H03150003,,,,,StLouisCloquet,0.0,wiski
H03153001,,,,,StLouisCloquet,0.0,wiski
H03153002,,,,,StLouisCloquet,0.0,wiski
H03155002,,,,,StLouisCloquet,0.0,wiski
H03155005,,,,,StLouisCloquet,0.0,wiski
H03155006,,,,,StLouisCloquet,0.0,wiski
H03155007,,,,,StLouisCloquet,0.0,wiski
H03157002,,,,,StLouisCloquet,0.0,wiski
H03158002,,,,,StLouisCloquet,0.0,wiski
H03163011,,,,,StLouisCloquet,0.0,wiski
H03167001,,,,,StLouisCloquet,0.0,wiski
H03173011,,,,,StLouisCloquet,0.0,wiski
H03189001,250.0,250,,,StLouisCloquet,0.0,wiski
H03189002,,,,,StLouisCloquet,0.0,wiski
H03189003,,,,,StLouisCloquet,0.0,wiski
H03189016,,,,,StLouisCloquet,0.0,wiski
H04012001,415.0,415,reach vector layer different than routing scheme,,StLouisCloquet,1.0,wiski
H04048001,402.0,"421,402",reach vector layer different than routing scheme,,StLouisCloquet,1.0,wiski
H05006001,511.0,511,,,Nemadji,0.0,wiski
H05008001,118.0,118,,,Nemadji,0.0,wiski
H05008002,119.0,119,,,Nemadji,0.0,wiski
H05009001,120.0,120,Could actually use this station but it's technically not on a modeled reach,,Nemadji,0.0,wiski
H05011001,114.0,"115,117,-118",opnid information in the subwatershed file instead of the reach shapefile,,Nemadji,1.0,wiski
H05013003,,,,,Nemadji,0.0,wiski
H05013005,,,,,Nemadji,0.0,wiski
H05016001,113.0,113,,,Nemadji,0.0,wiski
H05018001,112.0,112,,,Nemadji,0.0,wiski
H05019001,111.0,111,Large catchment,,Nemadji,0.0,wiski
H07002001,,,,,MissHeadwaters,0.0,wiski
H07007001,,,,,MissHeadwaters,0.0,wiski
H07015001,,,,,MissHeadwaters,0.0,wiski
H07028001,,,,,MissHeadwaters,0.0,wiski
H07045001,,,,,MissHeadwaters,0.0,wiski
H07052001,,,,,MissHeadwaters,0.0,wiski
H07052002,,,,,MissHeadwaters,0.0,wiski
H07052003,,,,,MissHeadwaters,0.0,wiski
H07062001,290.0,290,,,MissHeadwaters,1.0,wiski
H07062002,,,,,MissHeadwaters,0.0,wiski
H07065001,,,,,MissHeadwaters,0.0,wiski
H07073001,,,,,MissHeadwaters,0.0,wiski
H07100001,,,,,MissHeadwaters,0.0,wiski
H07115001,,,,,MissHeadwaters,0.0,wiski
H07125001,,,,,MissHeadwaters,0.0,wiski
H08003001,,,,,LeechLake,0.0,wiski
H08005001,,,,,LeechLake,0.0,wiski
H08007002,,,,,LeechLake,0.0,wiski
H08014001,,,,,LeechLake,0.0,wiski
H08022001,,,,,LeechLake,0.0,wiski
H08034001,190.0,190,reach vector layer different than routing scheme,,LeechLake,1.0,wiski
H08046001,115.0,115,,,LeechLake,1.0,wiski
H08060002,,,,,LeechLake,0.0,wiski
H09043001,,,,,MissGrandRapids,0.0,wiski
H09045005,,,,,MissGrandRapids,0.0,wiski
H09050001,,,,,MissGrandRapids,0.0,wiski
H09052001,,,,,MissGrandRapids,0.0,wiski
H09052004,,,,,MissGrandRapids,0.0,wiski
H09053002,,,,,MissGrandRapids,0.0,wiski
H09065001,309.0,309,middle of the reach,,MissGrandRapids,1.0,wiski
H09069001,,,,,MissGrandRapids,0.0,wiski
H09077001,,,,,MissGrandRapids,0.0,wiski
H09077002,,,,,MissGrandRapids,0.0,wiski
H09079001,,,,,MissGrandRapids,0.0,wiski
H09080001,,,,,MissGrandRapids,0.0,wiski
H09080002,,,,,MissGrandRapids,0.0,wiski
H09087001,,,,,MissGrandRapids,0.0,wiski
H09095001,,,,,MissGrandRapids,0.0,wiski
H09097001,,,,,MissGrandRapids,0.0,wiski
H09100001,,,,,MissGrandRapids,0.0,wiski
H09100002,,,,,MissGrandRapids,0.0,wiski
H09107001,,,,,MissGrandRapids,0.0,wiski
H09109001,,,,,MissGrandRapids,0.0,wiski
H09110001,,,,,MissGrandRapids,0.0,wiski
H09118001,690.0,670,middle of the reach but upstream of tributary. Could use 690 and exclude 677,,MissGrandRapids,1.0,wiski
H10008001,,,,,MissBrainerd,0.0,wiski
H10013001,,,,,MissBrainerd,0.0,wiski
H10018001,,,,,MissBrainerd,0.0,wiski
H10032001,,,,,MissBrainerd,0.0,wiski
H10060001,,,,,MissBrainerd,0.0,wiski
H10065001,,,,,MissBrainerd,0.0,wiski
H10065002,585.0,585,,,MissBrainerd,1.0,wiski
H10065003,,,,,MissBrainerd,0.0,wiski
H10066002,,,,,MissBrainerd,0.0,wiski
H10067001,,,,,MissBrainerd,0.0,wiski
H10072001,,,,,MissBrainerd,0.0,wiski
H10086001,,,,,MissBrainerd,0.0,wiski
H10090001,,,,,MissBrainerd,0.0,wiski
H10100006,,,,,MissBrainerd,0.0,wiski
H10101002,,,,,MissBrainerd,0.0,wiski
H10103001,450.0,450,middle of the reach,,MissBrainerd,1.0,wiski
H10135001,,,,,MissBrainerd,0.0,wiski
H11011001,,,,,Pine,0.0,wiski
H11013001,,,,,Pine,0.0,wiski
H11013002,,,,,Pine,0.0,wiski
H11015001,250.0,250,,,Pine,1.0,wiski
H11040001,,,,,Pine,0.0,wiski
H11051001,330.0,330,,,Pine,1.0,wiski
H11054001,,,,,Pine,0.0,wiski
H11067002,,,,,Pine,0.0,wiski
H12019001,,,,,CrowWing,0.0,wiski
H12021001,,,,,CrowWing,0.0,wiski
H12021002,530.0,530,middle of the reach,,CrowWing,1.0,wiski
H12029001,,,,,CrowWing,0.0,wiski
H12030002,,,,,CrowWing,0.0,wiski
H12030003,,,,,CrowWing,0.0,wiski
H12030017,,,,,CrowWing,0.0,wiski
H12031001,,,,,CrowWing,0.0,wiski
H12033001,,,,,CrowWing,0.0,wiski
H12033002,,,,,CrowWing,0.0,wiski
H12039001,,,,,CrowWing,0.0,wiski
H12047001,,,,,CrowWing,0.0,wiski
H12050001,,,,,CrowWing,0.0,wiski
H12059001,,,,,CrowWing,0.0,wiski
H12059002,,,,,CrowWing,0.0,wiski
H12059003,,,,,CrowWing,0.0,wiski
H12059005,,,,,CrowWing,0.0,wiski
H12059006,,,,,CrowWing,0.0,wiski
H12060001,,,,,CrowWing,0.0,wiski
H12063001,,,,,CrowWing,0.0,wiski
H12068001,,,,,CrowWing,0.0,wiski
H12082001,,,,,CrowWing,0.0,wiski
H12086001,,,,,CrowWing,0.0,wiski
H12107001,,,,,CrowWing,0.0,wiski
H12123001,,,,,CrowWing,0.0,wiski
H12124002,,,,,CrowWing,0.0,wiski
H12126001,,,,,CrowWing,0.0,wiski
H12143001,,,,,CrowWing,0.0,wiski
H13003001,,,,,Redeye,0.0,wiski
H13011001,,,,,Redeye,0.0,wiski
H13011002,,,,,Redeye,0.0,wiski
H13023001,,,,,Redeye,0.0,wiski
H13023002,,,,,Redeye,0.0,wiski
H13029001,,,,,Redeye,0.0,wiski
H13055001,130.0,130,,,Redeye,1.0,wiski
H13056001,122.0,122,,,Redeye,1.0,wiski
H13058001,131.0,131,,,Redeye,1.0,wiski
H13060001,,,,,Redeye,0.0,wiski
H14011001,,,,,LongPrairie,0.0,wiski
H14011002,,,,,LongPrairie,0.0,wiski
H14019001,,,,,LongPrairie,0.0,wiski
H14027001,,,,,LongPrairie,0.0,wiski
H14027002,347.0,"341,346","reach vector layer different than routing scheme, modeled reach incorrect compared to aerial imagery and wid layer",,LongPrairie,1.0,wiski
H14031001,,,,,LongPrairie,0.0,wiski
H14036001,,,,,LongPrairie,0.0,wiski
H14038001,,,,,LongPrairie,0.0,wiski
H14042001,,,,,LongPrairie,0.0,wiski
H14047001,,,,,LongPrairie,0.0,wiski
H14051002,,,,,LongPrairie,0.0,wiski
H14051003,,,,,LongPrairie,0.0,wiski
H14059001,,,,,LongPrairie,0.0,wiski
H15001001,625.0,625,,,MissSartell,0.0,wiski
H15003001,621.0,621,,,MissSartell,0.0,wiski
H15005001,907.0,907,,,MissSartell,0.0,wiski
H15017001,,,,0.0,MissSartell,0.0,wiski
H15026002,,,,0.0,MissSartell,0.0,wiski
H15027002,939.0,939,,,MissSartell,0.0,wiski
H15028001,933.0,933,,,MissSartell,0.0,wiski
H15029001,931.0,931,,,MissSartell,0.0,wiski
H15029002,931.0,931,,,MissSartell,0.0,wiski
H15029003,931.0,931,,,MissSartell,0.0,wiski
H15030001,890.0,890,,,MissSartell,1.0,wiski
H15031001,935.0,935,,,MissSartell,0.0,wiski
H15045001,830.0,830,,,MissSartell,0.0,wiski
H15045003,830.0,830,,,MissSartell,0.0,wiski
H15054001,819.0,819,,,MissSartell,0.0,wiski
H15067002,625.0,625,middle of reach,,MissSartell,1.0,wiski
H16002001,77.0,77,,,Sauk,0.0,wiski
H16002002,77.0,"75,73",,,Sauk,0.0,wiski
H16004001,75.0,75,,,Sauk,0.0,wiski
H16006001,383.0,383,381 is poorly routed as it enters at end of begining of 383 but is routed at the end.,,Sauk,0.0,wiski
H16009001,435.0,435,,,Sauk,0.0,wiski
H16009002,435.0,"435,-434",Wacky routing scheme,,Sauk,0.0,wiski
H16010001,433.0,434,Bad routing scheme in the model in an effort to capture a lake in the middle of reach 433. Need to reshape and brake up,,Sauk,0.0,wiski
H16011001,420.0,420,,,Sauk,0.0,wiski
H16011005,,,,0.0,Sauk,0.0,wiski
H16011006,,,,0.0,Sauk,0.0,wiski
H16011007,,,,0.0,Sauk,0.0,wiski
H16011008,,,,0.0,Sauk,0.0,wiski
H16011009,,,,0.0,Sauk,0.0,wiski
H16012001,450.0,450,,,Sauk,0.0,wiski
H16014001,411.0,411,,,Sauk,0.0,wiski
H16015001,,,,0.0,Sauk,0.0,wiski
H16017001,350.0,350,,,Sauk,0.0,wiski
H16021001,321.0,321,,,Sauk,0.0,wiski
H16023001,245.0,245,,,Sauk,0.0,wiski
H16025001,241.0,241,,,Sauk,0.0,wiski
H16027001,159.0,157,,,Sauk,0.0,wiski
H16029001,165.0,164,,,Sauk,0.0,wiski
H16029002,165.0,165,middle of reach,,Sauk,0.0,wiski
H16031001,162.0,162,lake,,Sauk,0.0,wiski
H16035002,77.0,77,,,Sauk,0.0,wiski
H16035003,83.0,83,,,Sauk,0.0,wiski
H16036001,87.0,87,,,Sauk,0.0,wiski
H16036002,87.0,87,,,Sauk,0.0,wiski
H16036004,87.0,87,,,Sauk,0.0,wiski
H16038001,110.0,110,middle of reach,,Sauk,0.0,wiski
H16038002,100.0,100,lake,,Sauk,0.0,wiski
H16042003,123.0,123,,,Sauk,0.0,wiski
H16044001,190.0,190,reach 185 should really drain to reach 210,,Sauk,0.0,wiski
H16046001,263.0,263,,,Sauk,0.0,wiski
H16046005,263.0,263,,,Sauk,0.0,wiski
H16048001,265.0,265,,,Sauk,0.0,wiski
H16049001,267.0,267,,,Sauk,0.0,wiski
H16051001,290.0,290,,,Sauk,1.0,wiski
H16054001,375.0,375,,,Sauk,0.0,wiski
H16060001,10.0,10,,,Sauk,0.0,wiski
H16060002,,,,0.0,Sauk,0.0,wiski
H16061001,10.0,10,,,Sauk,0.0,wiski
H16061003,10.0,10,middle of reach,,Sauk,0.0,wiski
H16061004,10.0,"3,5",,,Sauk,0.0,wiski
H16062001,5.0,5,,,Sauk,0.0,wiski
H16063001,3.0,2,,,Sauk,0.0,wiski
H16067001,30.0,20,lake,,Sauk,0.0,wiski
H16067003,30.0,30,middloe of reach,,Sauk,0.0,wiski
H16072001,70.0,70,,,Sauk,0.0,wiski
H16072003,70.0,70,middle of reach,,Sauk,0.0,wiski
H16073001,,,,0.0,Sauk,0.0,wiski
H17004002,359.0,359,,,MissStCloud,0.0,wiski
H17008001,310.0,310,middle of reach,,MissStCloud,0.0,wiski
H17008002,310.0,310,,,MissStCloud,0.0,wiski
H17008003,310.0,310,,,MissStCloud,1.0,wiski
H17008004,310.0,300,,,MissStCloud,0.0,wiski
H17010001,210.0,210,,,MissStCloud,0.0,wiski
H17010006,181.0,,,0.0,MissStCloud,0.0,wiski
H17010007,181.0,,,0.0,MissStCloud,0.0,wiski
H17021001,39.0,39,middle of reach,,MissStCloud,0.0,wiski
H17023002,33.0,31,,,MissStCloud,0.0,wiski
H17024001,490.0,490,middle of reach,,MissStCloud,0.0,wiski
H17038001,495.0,495,reach 493 shouldn't route to 495,,MissStCloud,0.0,wiski
H17048001,650.0,650,,,MissStCloud,0.0,wiski
H17049003,689.0,689,middle of reach,,MissStCloud,1.0,wiski
H17052005,639.0,"639,-637",Double check uci to make sure g37 really routes to 639...,,MissStCloud,0.0,wiski
H17056003,630.0,620,just downstream lake,,MissStCloud,0.0,wiski
H17062001,450.0,"431,430",,,MissStCloud,0.0,wiski
H17063001,457.0,457,,,MissStCloud,0.0,wiski
H18003001,21.0,21,,,NFCrow,0.0,wiski
H18011001,490.0,"470,485",,,NFCrow,0.0,wiski
H18012001,485.0,485,,,NFCrow,0.0,wiski
H18016002,443.0,444,lake,,NFCrow,0.0,wiski
H18016003,443.0,443,wacky routing scheme as they try and capture a lake at reach 444,,NFCrow,0.0,wiski
H18017001,383.0,383,,,NFCrow,0.0,wiski
H18022001,220.0,220,lake,,NFCrow,0.0,wiski
H18023001,190.0,180,lake,,NFCrow,0.0,wiski
H18054001,325.0,325,,,NFCrow,0.0,wiski
H18023002,210.0,210,,,NFCrow,0.0,wiski
H18023003,190.0,190,,,NFCrow,0.0,wiski
H18024001,171.0,171,,,NFCrow,0.0,wiski
H18026001,130.0,120,lake,,NFCrow,0.0,wiski
H18027001,133.0,133,,,NFCrow,0.0,wiski
H18032001,,,,0.0,NFCrow,0.0,wiski
H18032002,,,,0.0,NFCrow,0.0,wiski
H18032003,282.0,282,lake,,NFCrow,0.0,wiski
H18032004,283.0,282,downstream a bit from lake,,NFCrow,0.0,wiski
H18033001,250.0,250,,,NFCrow,0.0,wiski
H18034001,241.0,241,,,NFCrow,0.0,wiski
H18041001,,,,0.0,NFCrow,0.0,wiski
H18043003,110.0,110,middle of large reach,,NFCrow,1.0,wiski
H18049001,357.0,357,,,NFCrow,0.0,wiski
H18049002,357.0,357,lake,,NFCrow,0.0,wiski
H18051001,345.0,345,,,NFCrow,0.0,wiski
H18051003,345.0,344,upper third of reach,,NFCrow,0.0,wiski
H18051004,345.0,345,,,NFCrow,0.0,wiski
H18052001,341.0,341,,,NFCrow,0.0,wiski
H18053001,310.0,310,,,NFCrow,1.0,wiski
H18054002,325.0,324,downstream of reach 324 which is a lake,,NFCrow,0.0,wiski
H18055001,150.0,140,140 is a lake,,NFCrow,0.0,wiski
H18055002,150.0,150,middle of large reach,,NFCrow,0.0,wiski
H18060001,371.0,371,,,NFCrow,0.0,wiski
H18061002,373.0,373,long reach that should be broken up,,NFCrow,0.0,wiski
H18062001,350.0,350,,,NFCrow,0.0,wiski
H18063001,330.0,"327,325,310,150",,,NFCrow,0.0,wiski
H18064001,,,,0.0,NFCrow,0.0,wiski
H18066001,70.0,70,,,NFCrow,0.0,wiski
H18070001,43.0,43,,,NFCrow,0.0,wiski
H18071001,30.0,30,reach 30 needs to be broken up,,NFCrow,0.0,wiski
H18071002,30.0,"21,10,23",Reach 10 states it drains to reach 20 but no reach 20 in the shapefile... GIS layer could be wrong,,NFCrow,0.0,wiski
H18072001,,,,,NFCrow,0.0,wiski
H18074001,503.0,503,,,NFCrow,0.0,wiski
H18075001,517.0,517,,,NFCrow,0.0,wiski
H18075002,517.0,517,,,NFCrow,0.0,wiski
H18075003,515.0,515,,,NFCrow,0.0,wiski
H18077001,472.0,472,lake,,NFCrow,0.0,wiski
H18077002,471.0,471,,,NFCrow,0.0,wiski
H18077003,471.0,471,,,NFCrow,0.0,wiski
H18077004,473.0,473,Should use 472 but there is a lake upstream of the station.,,NFCrow,0.0,wiski
H18083001,430.0,430,,,NFCrow,1.0,wiski
H18085001,2.0,2,lake,,NFCrow,0.0,wiski
H18086001,985.0,985,,,NFCrow,0.0,wiski
H18088001,530.0,530,,,NFCrow,1.0,wiski
H19001001,910.0,910,,,SFCrow,1.0,wiski
H19024001,610.0,610,,,SFCrow,0.0,wiski
H19033001,733.0,733,,,SFCrow,0.0,wiski
H19036001,750.0,"730,731",lower portion of reach but model routing scheme would require subtracting tributaries so keeping it simple. Should break up reach as it's long.,,SFCrow,1.0,wiski
H19037001,749.0,749,,,SFCrow,0.0,wiski
H19043001,815.0,815,,,SFCrow,1.0,wiski
H19049002,,,,,SFCrow,0.0,wiski
H19056001,799.0,799,,,SFCrow,0.0,wiski
H19059001,745.0,745,shapefile layer indicates strange network. Look into this later,,SFCrow,0.0,wiski
H19062001,690.0,690,,,SFCrow,0.0,wiski
H19069001,769.0,769,,,SFCrow,0.0,wiski
H19073001,789.0,789,,,SFCrow,0.0,wiski
H19082001,850.0,850,,,SFCrow,0.0,wiski
H19089001,535.0,535,,,SFCrow,0.0,wiski
H19089002,,,,0.0,SFCrow,0.0,wiski
H20088002,,,,,,0.0,wiski
H21003001,33.0,33,,,Rum,0.0,wiski
H21018002,130.0,120,,,Rum,0.0,wiski
H21021001,170.0,170,,,Rum,1.0,wiski
H21022001,175.0,175,,,Rum,0.0,wiski
H21040002,261.0,261,middle of reach,,Rum,1.0,wiski
H21045001,253.0,253,,,Rum,0.0,wiski
H21050001,135.0,135,133 shouldn't route to 135,,Rum,0.0,wiski
H21058001,8.0,8,lake,,Rum,0.0,wiski
H21059001,45.0,45,lake outlet likely backwater impacts,,Rum,0.0,wiski
H21067001,323.0,323,really long reach should brake up,,Rum,0.0,wiski
H21097001,419.0,419,419 should be broken up,,Rum,0.0,wiski
H21101002,450.0,450,,,Rum,1.0,wiski
H23015001,,,,,PommeDeTerre,0.0,wiski
H23054001,440.0,440,,,PommeDeTerre,1.0,wiski
H24005001,,,,,LacQuiParle,0.0,wiski
H24018001,,,,,LacQuiParle,0.0,wiski
H24020001,,,,,LacQuiParle,0.0,wiski
H24035001,,,,,LacQuiParle,0.0,wiski
H24039001,,,,,LacQuiParle,0.0,wiski
H24053001,108.0,108,,,LacQuiParle,1.0,wiski
H24059001,300.0,300,,,LacQuiParle,1.0,wiski
H25007001,213.0,213,,,HawkYellowMedicine,0.0,wiski
H25024001,202.0,202,,,HawkYellowMedicine,1.0,wiski
H25027001,217.0,217,,,HawkYellowMedicine,0.0,wiski
H25037001,201.0,201,,,HawkYellowMedicine,1.0,wiski
H25047001,231.0,231,,,HawkYellowMedicine,0.0,wiski
H25047002,231.0,231,,,HawkYellowMedicine,0.0,wiski
H25053002,230.0,230,,,HawkYellowMedicine,1.0,wiski
H25087001,104.0,104,,,HawkYellowMedicine,1.0,wiski
H25088001,119.0,119,,,HawkYellowMedicine,1.0,wiski
H25151002,106.0,106,,,HawkYellowMedicine,0.0,wiski
H26003001,119.0,,"127,126,120",,Chippewa,0.0,wiski
H26005001,116.0,116,,,Chippewa,1.0,wiski
H26011001,132.0,132,,,Chippewa,0.0,wiski
H26012001,,,,,Chippewa,0.0,wiski
H26019001,,,,,Chippewa,0.0,wiski
H26019003,,,,,Chippewa,0.0,wiski
H26023001,,,,,Chippewa,0.0,wiski
H26023002,140.0,140,,,Chippewa,0.0,wiski
H26030001,,,,,Chippewa,0.0,wiski
H26037001,,,,,Chippewa,0.0,wiski
H26038001,149.0,150,,,Chippewa,1.0,wiski
H26042001,155.0,155,middle of smallish reach,,Chippewa,0.0,wiski
H26042002,,,,,Chippewa,0.0,wiski
H26042003,,,,,Chippewa,0.0,wiski
H26042004,,,,,Chippewa,0.0,wiski
H26042005,,,,,Chippewa,0.0,wiski
H26042008,,,,,Chippewa,0.0,wiski
H26047001,,,,,Chippewa,0.0,wiski
H26052001,151.0,151,,,Chippewa,0.0,wiski
H26053001,150.0,151,,,Chippewa,0.0,wiski
H26078001,159.0,159,,,Chippewa,0.0,wiski
H26088001,136.0,136,,,Chippewa,1.0,wiski
H26098001,129.0,129,,,Chippewa,0.0,wiski
H26132001,129.0,129,,,Chippewa,0.0,wiski
H27030001,,,,,Redwood,0.0,wiski
H27039001,,,,,Redwood,0.0,wiski
H27043001,210.0,190,,,Redwood,1.0,wiski
H28012001,,,,,MiddleMN,0.0,wiski
H28038002,610.0,590,,,MiddleMN,1.0,wiski
H28045001,,,,,MiddleMN,0.0,wiski
H28045002,,,,,MiddleMN,0.0,wiski
H28054001,430.0,"410,417",,,MiddleMN,1.0,wiski
H28062001,,,,,MiddleMN,0.0,wiski
H28063001,,,,,MiddleMN,0.0,wiski
H28063002,,,,,MiddleMN,0.0,wiski
H28063003,583.0,583,,,MiddleMN,1.0,wiski
H28066001,,,,,MiddleMN,0.0,wiski
H28094001,,,,,MiddleMN,0.0,wiski
H28095001,,,,,MiddleMN,0.0,wiski
H28098001,,,,,MiddleMN,0.0,wiski
H28102001,,,,,MiddleMN,0.0,wiski
H29011001,407.0,407,,,Cottonwood,1.0,wiski
H29015001,,,,,Cottonwood,0.0,wiski
H29017001,,,,,MiddleMN,0.0,wiski
H29022001,370.0,"350,351",,,Cottonwood,1.0,wiski
H29048001,,,,,Cottonwood,0.0,wiski
H29048002,,,,,Cottonwood,0.0,wiski
H29053001,,,,,Cottonwood,0.0,wiski
H29053002,,,,,Cottonwood,0.0,wiski
H29062002,,,,,Cottonwood,0.0,wiski
H29065001,,,,,Cottonwood,0.0,wiski
H29065005,,,,,Cottonwood,0.0,wiski
H30021001,,,,,BlueEarth,0.0,wiski
H30021003,70.0,70,,,BlueEarth,1.0,wiski
H30025001,330.0,"250,317",,,BlueEarth,1.0,wiski
H30028001,,,,,BlueEarth,0.0,wiski
H30046001,,,,,BlueEarth,0.0,wiski
H30046002,133.0,133,,,BlueEarth,1.0,wiski
H30051001,,,,,BlueEarth,0.0,wiski
H30072001,,,,,BlueEarth,0.0,wiski
H31021001,201.0,201,,,Watonwan,1.0,wiski
H31028001,150.0,150,,,Watonwan,1.0,wiski
H31030001,90.0,90,,,Watonwan,0.0,wiski
H31040001,110.0,110,,,Watonwan,0.0,wiski
H32002002,,,,,LeSueur,0.0,wiski
H32002003,,,,,LeSueur,0.0,wiski
H32002004,,,,,LeSueur,0.0,wiski
H32062001,811.0,811,,,LeSueur,1.0,wiski
H32071001,751.0,749,,,LeSueur,1.0,wiski
H32072001,819.0,817,,,LeSueur,1.0,wiski
H32073001,747.0,747,,,LeSueur,1.0,wiski
H32076001,710.0,710,,,LeSueur,1.0,wiski
H32077002,,,,,LeSueur,0.0,wiski
H32079001,650.0,650,,,LeSueur,1.0,wiski
H33003001,,,,,LowerMN,0.0,wiski
H33010001,,,,,LowerMN,0.0,wiski
H33032001,,,,,LowerMN,0.0,wiski
H33032002,,,,,LowerMN,0.0,wiski
H33065001,,,,,LowerMN,0.0,wiski
H33068001,,,,,LowerMN,0.0,wiski
H33069001,,,,,LowerMN,0.0,wiski
H33071001,,,,,LowerMN,0.0,wiski
H33075001,197.0,197,,,LowerMN,1.0,wiski
H33092001,,,,,LowerMN,0.0,wiski
H33092002,,,,,LowerMN,0.0,wiski
H33096001,,,,,LowerMN,0.0,wiski
H33114001,,,,,MetroMN,0.0,wiski
H33120001,,,,,MetroMN,0.0,wiski
H34004002,,,,,Kettle,0.0,wiski
H34006001,,,,,Kettle,0.0,wiski
H34021003,,,,,Kettle,0.0,wiski
H34035002,,,,,Kettle,0.0,wiski
H34038001,,,,,Kettle,0.0,wiski
H34041001,,,,,Kettle,0.0,wiski
H35006001,,,,,Kettle,0.0,wiski
H35020001,,,,,Kettle,0.0,wiski
H35024001,,,,,Kettle,0.0,wiski
H35038001,,,,,Kettle,0.0,wiski
H35038003,,,,,Kettle,0.0,wiski
H35039001,,,,,Kettle,0.0,wiski
H35049001,,,,,Kettle,0.0,wiski
H35051002,520.0,"513,512,520","complex, review",,Kettle,1.0,wiski
H35057002,,,,,Kettle,0.0,wiski
H35069001,,,,,Kettle,0.0,wiski
H35069003,,,,,Kettle,0.0,wiski
H36009001,,,,,SnakeSE,0.0,wiski
H36010001,,,,,SnakeSE,0.0,wiski
H36015001,,,,,SnakeSE,0.0,wiski
H36022001,,,,,SnakeSE,0.0,wiski
H36036002,80.0,80,,,SnakeSE,1.0,wiski
H36038001,,,,,SnakeSE,0.0,wiski
H36043001,,,,,SnakeSE,0.0,wiski
H36048001,,,,,SnakeSE,0.0,wiski
H36048002,,,,,SnakeSE,0.0,wiski
H36049001,120.0,120,,,SnakeSE,1.0,wiski
H36051001,,,,,SnakeSE,0.0,wiski
H36054001,,,,,SnakeSE,0.0,wiski
H36057001,,,,,SnakeSE,0.0,wiski
H36058001,,,,,SnakeSE,0.0,wiski
H36059001,,,,,SnakeSE,0.0,wiski
H36061003,220.0,220,,,SnakeSE,1.0,wiski
H36068001,,,,,SnakeSE,0.0,wiski
H36068002,,,,,SnakeSE,0.0,wiski
H36068003,,,,,SnakeSE,0.0,wiski
H36069001,,,,,SnakeSE,0.0,wiski
H36072001,,,,,SnakeSE,0.0,wiski
H36072005,,,,,SnakeSE,0.0,wiski
H36072006,,,,,SnakeSE,0.0,wiski
H36077001,,,,,SnakeSE,0.0,wiski
H36077002,,,,,SnakeSE,0.0,wiski
H37004001,,,,,,0.0,wiski
H37022001,,,,,,0.0,wiski
H37024001,,,,,,0.0,wiski
H37026001,,,,,,0.0,wiski
H37028001,,,,,,0.0,wiski
H37030001,,,,,,1.0,wiski
H37030002,,,,,,0.0,wiski
H37041002,,,,,,0.0,wiski
H37062004,,,,,,0.0,wiski
H37067001,,,,,,0.0,wiski
H37067002,,,,,,0.0,wiski
H37074001,,,,,,0.0,wiski
H38006001,118.0,"128,119",,,PepinTribs,0.0,wiski
H38006002,116.0,116,reach vector layer different than routing scheme,,PepinTribs,1.0,wiski
H38019001,,,,,,0.0,wiski
H38019002,,,,,,0.0,wiski
H38020001,,,,,,0.0,wiski
H38020002,,,,,,0.0,wiski
H38020004,,,,,,0.0,wiski
H38022001,,,,,,0.0,wiski
H38025003,,,,,,0.0,wiski
H38025004,,,,,,0.0,wiski
H38027002,,,,,,0.0,wiski
H38027003,,,,,,0.0,wiski
H38032001,,,,,,0.0,wiski
H38032002,,,,,,0.0,wiski
H38034002,,,,,,0.0,wiski
H38034006,,,,,,0.0,wiski
H39016001,,,,,Cannon,0.0,wiski
H39017001,,,,,Cannon,0.0,wiski
H39017002,,,,,Cannon,0.0,wiski
H39017003,,,,,Cannon,0.0,wiski
H39025001,,,,,Cannon,0.0,wiski
H39027001,,,,,Cannon,0.0,wiski
H39034001,,,,,Cannon,0.0,wiski
H39034002,,,,,Cannon,0.0,wiski
H39034003,,,,,Cannon,0.0,wiski
H39034004,,,,,Cannon,0.0,wiski
H39038001,,,,,Cannon,0.0,wiski
H39042001,,,,,Cannon,0.0,wiski
H39043001,,,,,Cannon,0.0,wiski
H39054001,,,,,Cannon,0.0,wiski
H39068001,,,,,Cannon,0.0,wiski
H39068002,,,,,Cannon,0.0,wiski
H39068005,,,,,Cannon,0.0,wiski
H39091001,305.0,305,Something about temp reach ID in reach shapefile,,Cannon,1.0,wiski
H39103001,,,,,Cannon,0.0,wiski
H39103002,,,,,Cannon,0.0,wiski
H39103003,,,,,Cannon,0.0,wiski
H39103005,,,,,Cannon,0.0,wiski
H39103006,,,,,Cannon,0.0,wiski
H39106002,,,,,Cannon,0.0,wiski
H39107001,,,,,Cannon,0.0,wiski
H39107003,,,,,Cannon,0.0,wiski
H39108001,,,,,Cannon,0.0,wiski
H40008001,215.0,215,,,MissWinona,0.0,wiski
H40008002,,,,,MissWinona,0.0,wiski
H40009001,205.0,205,,,MissWinona,0.0,wiski
H40015001,151.0,151,,,MissWinona,0.0,wiski
H40015003,151.0,151,,,MissWinona,0.0,wiski
H40016001,150.0,150,,,MissWinona,1.0,wiski
H40017001,89.0,89,,,MissWinona,0.0,wiski
H40017002,89.0,89,,,MissWinona,1.0,wiski
H40019001,,,,,MissWinona,0.0,wiski
H40019002,50.0,50,,,MissWinona,0.0,wiski
H40019004,,,,,MissWinona,0.0,wiski
H40021001,,,,,MissWinona,0.0,wiski
H40024001,107.0,107,,,MissWinona,0.0,wiski
H40037001,,,,,MissWinona,0.0,wiski
H41006001,200.0,"20,201",,,Zumbro,1.0,wiski
H41010001,,,,,Zumbro,0.0,wiski
H41015001,,,,,Zumbro,0.0,wiski
H41016001,,,,,Zumbro,0.0,wiski
H41034001,,,,,Zumbro,0.0,wiski
H41043001,101.0,101,,,Zumbro,1.0,wiski
H41046001,3.0,4,,,Zumbro,0.0,wiski
H41049001,601.0,601,,,Zumbro,1.0,wiski
H41050001,,,,,Zumbro,0.0,wiski
H41050002,,,,,Zumbro,0.0,wiski
H41051001,,,,,Zumbro,0.0,wiski
H41061001,,,,,Zumbro,0.0,wiski
H41061002,,,,,Zumbro,0.0,wiski
H41064001,,,,,Zumbro,0.0,wiski
H41065002,,,,,Zumbro,0.0,wiski
H41065005,,,,,Zumbro,0.0,wiski
H41065006,,,,,Zumbro,0.0,wiski
H41067001,,,,,Zumbro,0.0,wiski
H41067002,,,,,Zumbro,0.0,wiski
H41071001,,,,,Zumbro,0.0,wiski
H41071002,500.0,500,reach vector layer different than routing scheme,,Zumbro,1.0,wiski
H41071003,302.0,303,502 drains to this reach but should really draing to 301. Could use reach 302 and exclude reach 500,,Zumbro,1.0,wiski
H43003001,,,,,Root,0.0,wiski
H43007002,103.0,"181,105,104",complicated review,,Root,1.0,wiski
H43020001,,,,,Root,0.0,wiski
H43022001,,,,,Root,0.0,wiski
H43034001,,,,,Root,0.0,wiski
H43049001,120.0,120,,,Root,1.0,wiski
H43053001,,,,,Root,0.0,wiski
H43064001,,,,,Root,0.0,wiski
H43067001,,,,,Root,0.0,wiski
H43067002,,,,,Root,0.0,wiski
H43071001,,,,,Root,0.0,wiski
H43072001,,,,,Root,0.0,wiski
H43076001,140.0,"192,141,142,143",reach vector layer different than routing scheme,,Root,1.0,wiski
H43079001,,,,,Root,0.0,wiski
H43105001,,,,,Root,0.0,wiski
H43106001,,,,,Root,0.0,wiski
H44010002,,,,,RenoUpperIA,0.0,wiski
H48005001,,,,,Cedar,0.0,wiski
H48023001,,,,,Cedar,0.0,wiski
H48027001,387.0,387,,,Cedar,1.0,wiski
H49007001,,,,,ShellRock,0.0,wiski
H49009001,190.0,190,,,ShellRock,1.0,wiski
H51011001,,,,,DesMoines,0.0,wiski
H51017001,,,,,DesMoines,0.0,wiski
H51021001,,,,,DesMoines,0.0,wiski
H51026001,93.0,93,,,DesMoines,1.0,wiski
H51055001,,,,,DesMoines,0.0,wiski
H51065001,,,,,DesMoines,0.0,wiski
H51069001,,,,,DesMoines,0.0,wiski
H51078001,,,,,DesMoines,0.0,wiski
H51092001,,,,,DesMoines,0.0,wiski
H51093001,,,,,DesMoines,0.0,wiski
H53008001,,,,,DesMoines,0.0,wiski
H53014001,,,,,DesMoines,0.0,wiski
H54017001,205.0,205,,,MustinkaBDS,1.0,wiski
H54017002,202.0,202,,,MustinkaBDS,1.0,wiski
H55024001,341.0,342,,,MustinkaBDS,0.0,wiski
H55030001,315.0,315,middle of long reach,,MustinkaBDS,0.0,wiski
H55033001,309.0,"311,312",,,MustinkaBDS,0.0,wiski
H55044002,309.0,309,,,MustinkaBDS,0.0,wiski
H55044003,309.0,309,middle of long reach that should be broken up,,MustinkaBDS,1.0,wiski
H55060002,306.0,"307,308",,,MustinkaBDS,0.0,wiski
H55064003,306.0,"309,322",middle of reach,,MustinkaBDS,1.0,wiski
H55065001,322.0,322,,,MustinkaBDS,1.0,wiski
H56015001,507.0,507,,,OtterTail,0.0,wiski
H56028001,206.0,206,middle of large reach,,OtterTail,0.0,wiski
H56048002,200.0,200,,,OtterTail,1.0,wiski
H56052001,400.0,400,lake,,OtterTail,0.0,wiski
H56066001,107.0,107,,,OtterTail,0.0,wiski
H56067002,108.0,108,,,OtterTail,0.0,wiski
H56074006,509.0,509,,,OtterTail,0.0,wiski
H56075001,533.0,535,middle of reach,,OtterTail,0.0,wiski
H56105001,101.0,101,upstream watson sagg,,OtterTail,1.0,wiski
H57001001,203.0,203,,,UpperRed,0.0,wiski
H57008001,202.0,"203,205,207",,,UpperRed,0.0,wiski
H57026001,117.0,117,,,UpperRed,1.0,wiski
H57037001,154.0,154,,,UpperRed,0.0,wiski
H58005004,,,,0.0,Buffalo,0.0,wiski
H58010001,131.0,"132,145",,,Buffalo,0.0,wiski
H58014001,145.0,145,,,Buffalo,0.0,wiski
H58017001,139.0,"139,136",,,Buffalo,0.0,wiski
H58017002,139.0,140,,,Buffalo,0.0,wiski
H58025001,188.0,188,,,Buffalo,0.0,wiski
H58025004,190.0,190,,,Buffalo,0.0,wiski
H58026001,192.0,192,,,Buffalo,0.0,wiski
H58030001,197.0,197,,,Buffalo,0.0,wiski
H58033001,104.0,104,,,Buffalo,1.0,wiski
H58036001,105.0,105,,,Buffalo,0.0,wiski
H58039001,110.0,110,,,Buffalo,0.0,wiski
H58048001,122.0,122,,,Buffalo,0.0,wiski
H58048002,123.0,123,,,Buffalo,1.0,wiski
H58050001,166.0,168,,,Buffalo,1.0,wiski
H58056002,181.0,181,,,Buffalo,0.0,wiski
H58057001,171.0,171,Reach is too long,,Buffalo,0.0,wiski
H58057002,171.0,"172,178",,,Buffalo,0.0,wiski
H58063001,182.0,182,,,Buffalo,0.0,wiski
H58068001,172.0,172,,,Buffalo,0.0,wiski
H60027001,165.0,165,middle of large reach that should be broken up,,WildRiceMarsh,0.0,wiski
H60029001,130.0,"129,110",end of reach,,WildRiceMarsh,1.0,wiski
H60030001,129.0,129,large reach should be broken up,,WildRiceMarsh,0.0,wiski
H60099001,330.0,330,,,WildRiceMarsh,0.0,wiski
H60115001,591.0,"571,589",,,WildRiceMarsh,0.0,wiski
H60117001,701.0,701,,,WildRiceMarsh,0.0,wiski
H61006002,330.0,330,,,Sandhill,1.0,wiski
H61022001,270.0,,"251,250",,Sandhill,0.0,wiski
H61024001,363.0,363,,,Sandhill,0.0,wiski
H61026001,,,,,Sandhill,0.0,wiski
H62017001,215.0,215,,,RedLakes,0.0,wiski
H62035001,327.0,327,,,RedLakes,0.0,wiski
H62046001,321.0,"319,301",,,RedLakes,0.0,wiski
H62054001,170.0,170,,,RedLakes,0.0,wiski
H63017001,,,,,RedLake,0.0,wiski
H63023001,,,,,RedLake,0.0,wiski
H63025001,350.0,350,,,RedLake,1.0,wiski
H63053001,,,,,RedLake,0.0,wiski
H63058001,,,,,RedLake,0.0,wiski
H63074001,,,,,RedLake,0.0,wiski
H63083001,,,,,RedLake,0.0,wiski
H65014002,490.0,490,,,Thief,0.0,wiski
H65017001,370.0,"350,366",,,Thief,1.0,wiski
H65019002,,,,,Thief,0.0,wiski
H65041001,247.0,247,,,Thief,1.0,wiski
H66016001,,,,,Clearwater,0.0,wiski
H66021002,,,,,Clearwater,0.0,wiski
H66029002,,,,,Clearwater,0.0,wiski
H66048001,477.0,475,,,Clearwater,1.0,wiski
H66057001,,,,,Clearwater,0.0,wiski
H66060001,,,,,Clearwater,0.0,wiski
H67009001,519.0,519,,,GrandMarais,0.0,wiski
H67011001,,,,,,0.0,wiski
H67012001,475.0,475,,,GrandMarais,0.0,wiski
H67013001,359.0,357,,,GrandMarais,0.0,wiski
H67014001,370.0,370,,,GrandMarais,0.0,wiski
H67016001,270.0,"250,251",,,GrandMarais,0.0,wiski
H68006001,,,,,SnakeNW,0.0,wiski
H68009001,,,,,SnakeNW,0.0,wiski
H68011001,650.0,650,,,SnakeNW,1.0,wiski
H68016001,,,,,SnakeNW,0.0,wiski
H68019001,,,,,SnakeNW,0.0,wiski
H68031001,,,,,SnakeNW,0.0,wiski
H68031002,,,,,SnakeNW,0.0,wiski
H68032001,,,,,SnakeNW,0.0,wiski
H68052001,,,,,SnakeNW,0.0,wiski
H69001001,,,,,,0.0,wiski
H69014001,,,,,LowerRed,0.0,wiski
H69016001,,,,,LowerRed,0.0,wiski
H69036001,230.0,230,,,LowerRed,1.0,wiski
H69044001,,,,,LowerRed,0.0,wiski
H69051001,450.0,430,,,LowerRed,1.0,wiski
H69051002,,,,,LowerRed,0.0,wiski
H70012001,450.0,"290,433",,,TwoRivers,1.0,wiski
H70018001,270.0,"250,257",,,TwoRivers,1.0,wiski
H70020002,419.0,"391,415",,,TwoRivers,1.0,wiski
H70021001,,,,,TwoRivers,0.0,wiski
H70021002,391.0,391,,,TwoRivers,1.0,wiski
H70030003,,,,,TwoRivers,0.0,wiski
H70037001,,,,,TwoRivers,0.0,wiski
H70040002,,,,,TwoRivers,0.0,wiski
H70046001,,,,,TwoRivers,0.0,wiski
H71024002,,,,,Roseau,0.0,wiski
H71035001,,,,,Roseau,0.0,wiski
H71037001,,,,,Roseau,0.0,wiski
H71038001,,,,,Roseau,0.0,wiski
H71049001,,,,,Roseau,0.0,wiski
H71074001,,,,,Roseau,0.0,wiski
H72030001,,,,,RainyHeadwaters,0.0,wiski
H72031003,,,,,RainyHeadwaters,0.0,wiski
H72031004,,,,,RainyHeadwaters,0.0,wiski
H72032001,,,,,RainyHeadwaters,0.0,wiski
H72034001,,,,,RainyHeadwaters,0.0,wiski
H72045001,341.0,341,,,RainyHeadwaters,1.0,wiski
H72047001,,,,,RainyHeadwaters,0.0,wiski
H72047002,,,,,RainyHeadwaters,0.0,wiski
H72061002,,,,,RainyHeadwaters,0.0,wiski
H72068005,,,,,RainyHeadwaters,0.0,wiski
H72095001,,,,,RainyHeadwaters,0.0,wiski
H72098001,,,,,RainyHeadwaters,0.0,wiski
H73014002,,,,,Vermilion,0.0,wiski
H73017001,130.0,"121,120",middle of long reach that should be broken up[,,Vermilion,1.0,wiski
H73050001,,,,,Vermilion,0.0,wiski
H74009004,,,,,RainyLake,0.0,wiski
H74018008,,,,,RainyLake,0.0,wiski
H74033001,170.0,170,,,RainyLake,1.0,wiski
H74033002,,,,,RainyLake,0.0,wiski
H74033003,,,,,RainyLake,0.0,wiski
H75012001,,,,,RainyRiver,0.0,wiski
H76013002,,,,,LittleFork,0.0,wiski
H76023001,90.0,,,,LittleFork,1.0,wiski
H76033001,290.0,290,,,LittleFork,1.0,wiski
H76096001,,,,,LittleFork,0.0,wiski
H76099001,430.0,430,,,LittleFork,1.0,wiski
H76106001,370.0,350,,,LittleFork,1.0,wiski
H76108002,,,,,LittleFork,0.0,wiski
H77031001,210.0,210,,,BigFork,1.0,wiski
H77033001,,,,,BigFork,0.0,wiski
H77034001,,,,,BigFork,0.0,wiski
H77034002,,,,,BigFork,0.0,wiski
H77107001,350.0,350,,,BigFork,1.0,wiski
H78006001,369.0,369,,,RainyRiver,1.0,wiski
H78007001,370.0,370,,,RainyRiver,1.0,wiski
H78012001,,,,,RainyRiver,0.0,wiski
H78030001,,,,,RainyRiver,0.0,wiski
H79001001,,,,,RainyRiver,0.0,wiski
H79008003,,,,,RainyRiver,0.0,wiski
H79011002,,,,,RainyRiver,0.0,wiski
H79013001,,,,,RainyRiver,0.0,wiski
H79013002,,,,,RainyRiver,0.0,wiski
H80010001,211.0,211,,,LOWUS,0.0,wiski
H80011001,231.0,231,,,LOWUS,0.0,wiski
H80011002,231.0,221,,,LOWUS,0.0,wiski
H80013001,,,,,LOWUS,0.0,wiski
H80017001,,,,,LOWUS,0.0,wiski
H80023003,50.0,"50,-41",,,LOWUS,0.0,wiski
H80025001,,,,,LOWUS,0.0,wiski
H80025003,30.0,"30,-23",,,LOWUS,0.0,wiski
H80028003,55.0,55,,,LOWUS,0.0,wiski
H82001001,513.0,,end of reach,,BigSioux,0.0,wiski
H82001002,513.0,513,,,BigSioux,0.0,wiski
H82015001,270.0,270,,,BigSioux,1.0,wiski
H82024001,379.0,379,,,BigSioux,0.0,wiski
H82034003,150.0,150,,,BigSioux,1.0,wiski
H82035001,105.0,105,,,BigSioux,0.0,wiski
H82038001,30.0,"10,21",It appears that reach 10 routes to 21 even though they both practically drain to reach 30.,,BigSioux,0.0,wiski
H82038004,30.0,30,,,BigSioux,0.0,wiski
H82042001,70.0,70,,,BigSioux,0.0,wiski
H82045001,537.0,537,reach 535 is downstream the station but routes to 537. Small draiange so just ignoring it for now,,BigSioux,0.0,wiski
H83006001,,,,,Rock,0.0,wiski
H83011001,,,,,Rock,0.0,wiski
H83016001,170.0,170,,,Rock,1.0,wiski
H83027001,,,,,Rock,0.0,wiski
H83033001,,,,,Rock,0.0,wiski
H83052001,,,,,Rock,0.0,wiski
H84008001,227.0,224,downstream a dam,,LittleSioux,0.0,wiski
H84016001,137.0,137,,,LittleSioux,0.0,wiski
H84019001,90.0,90,,,LittleSioux,0.0,wiski
L01006200,,,,,MissGrandRapids,0.0,wiski
L04003500,,,,0.0,RedLake,0.0,wiski
L04003501,,,,,RedLakes,0.0,wiski
L06000100,,,,,LacQuiParle,0.0,wiski
L11014700,,,,,MissHeadwaters,0.0,wiski
L11030500,,,,,CrowWing,0.0,wiski
L11030501,,,,,CrowWing,0.0,wiski
L18031200,,,,,Pine,0.0,wiski
L25000100,,,,,,0.0,wiski
L31053200,,,,,MissHeadwaters,0.0,wiski
L31132500,,,,,MissGrandRapids,0.0,wiski
L32005701,,,,,DesMoines,0.0,wiski
L32005707,,,,,DesMoines,0.0,wiski
L35000300,,,,,TwoRivers,0.0,wiski
L39000200,,,,,LOWUS,0.0,wiski
L39000201,,,,,LOWUS,0.0,wiski
L56094500,112.0,112,lake,,OtterTail,0.0,wiski
L69061600,,,,,Vermilion,0.0,wiski
L69069300,,,,,RainyLake,0.0,wiski
L78002400,112.0,112,,,MustinkaBDS,0.0,wiski
L78002500,114.0,114,,,MustinkaBDS,0.0,wiski
L82016700,,,,,,0.0,wiski
W03013001,,,,,StLouisCloquet,0.0,wiski
W03176001,,,,,StLouisCloquet,0.0,wiski
W05011002,114.0,"115,117,-118",,,Nemadji,0.0,wiski
W12030001,,,,,CrowWing,0.0,wiski
W14051001,,,,,LongPrairie,0.0,wiski
W17046001,710.0,710,,,MissStCloud,0.0,wiski
W22012001,,,,,LacQuiParle,0.0,wiski
W22028001,,,,,LacQuiParle,0.0,wiski
W28042001,,,,,MiddleMN,0.0,wiski
W29001001,,,,,Cottonwood,0.0,wiski
W30012001,,,,,BlueEarth,0.0,wiski
W31051001,,,,,Watonwan,0.0,wiski
W38027004,,,,,,0.0,wiski
W41063001,,,,,Zumbro,0.0,wiski
W43022002,106.0,106,,,Root,1.0,wiski
W48020005,,,,,Cedar,0.0,wiski
W51107001,,,,,DesMoines,0.0,wiski
W55060001,306.0,"308,307",,,MustinkaBDS,0.0,wiski
W56013001,515.0,515,,,OtterTail,0.0,wiski
W56082005,230.0,230,,,OtterTail,0.0,wiski
W59008001,930.0,"910,929",,,WildRiceMarsh,0.0,wiski
W60088001,190.0,190,,,WildRiceMarsh,0.0,wiski
W63013001,,,,,RedLake,0.0,wiski
W68032002,,,,,SnakeNW,0.0,wiski
W70044001,,,,,TwoRivers,0.0,wiski
W71005001,,,,,Roseau,0.0,wiski
W71022001,,,,,Roseau,0.0,wiski
W75005001,,,,,RainyRiver,0.0,wiski
W76058001,,,,,LittleFork,0.0,wiski
E05011002,103.0,103,,,Nemadji,1.0,wiski
W82011001,,,,,BigSioux,0.0,wiski
W83020001,,,,,Rock,0.0,wiski
W83069001,,,,,Rock,0.0,wiski
W82005001,,,,,BigSioux,0.0,wiski
H83063001,,,,,Rock,0.0,wiski
W83064001,,,,,Rock,0.0,wiski
W83053001,,,,,Rock,0.0,wiski
W83002001,,,,,Rock,0.0,wiski
H82038003,,,,,BigSioux,0.0,wiski
H82038002,,,,,BigSioux,0.0,wiski
W82034002,,,,,BigSioux,0.0,wiski
W82034001,,,,,BigSioux,0.0,wiski
W82048001,,,,,BigSioux,0.0,wiski
W83026001,,,,,Rock,0.0,wiski
W83003001,,,,,Rock,0.0,wiski
W83027002,,,,,Rock,0.0,wiski
W83016003,,,,,Rock,0.0,wiski
W82014001,,,,,BigSioux,0.0,wiski
W51007003,,,,,DesMoines,0.0,wiski
W51007002,,,,,DesMoines,0.0,wiski
W51089001,,,,,DesMoines,0.0,wiski
W53005001,,,,,DesMoines,0.0,wiski
W51040001,,,,,DesMoines,0.0,wiski
W51051001,,,,,DesMoines,0.0,wiski
W51017002,,,,,DesMoines,0.0,wiski
W51037001,,,,,DesMoines,0.0,wiski
W51092002,,,,,DesMoines,0.0,wiski
W51042001,,,,,DesMoines,0.0,wiski
W51105001,,,,,DesMoines,0.0,wiski
W51087001,,,,,DesMoines,0.0,wiski
W53015001,,,,,DesMoines,0.0,wiski
W51031001,,,,,DesMoines,0.0,wiski
W51053001,,,,,DesMoines,0.0,wiski
H51007001,,,,,DesMoines,0.0,wiski
H52006001,,,,,DesMoines,0.0,wiski
W51012001,,,,,DesMoines,0.0,wiski
W51011002,,,,,DesMoines,0.0,wiski
W51030001,,,,,DesMoines,0.0,wiski
W49012003,,,,,ShellRock,0.0,wiski
H49012001,,,,,ShellRock,0.0,wiski
W49012002,,,,,ShellRock,0.0,wiski
W48020003,,,,,Cedar,0.0,wiski
H48023002,,,,,Cedar,0.0,wiski
W48036001,,,,,Cedar,0.0,wiski
W48032001,,,,,Cedar,0.0,wiski
W48032002,,,,,Cedar,0.0,wiski
W48024001,,,,,Cedar,0.0,wiski
W48005002,,,,,Cedar,0.0,wiski
H48005003,,,,,Cedar,0.0,wiski
W48056002,,,,,Cedar,0.0,wiski
H48056001,,,,,Cedar,0.0,wiski
H49004001,,,,,ShellRock,0.0,wiski
W50004002,291.0,291.0,,,Winnebago,0.0,wiski
W50004001,291.0,291.0,291,,Winnebago,0.0,wiski
W50005001,311.0,311.0,middle of reach,,Winnebago,0.0,wiski
W50006002,310.0,290.0,,,Winnebago,0.0,wiski
W50006002,310.0,291.0,,,Winnebago,0.0,wiski
W50006003,270.0,270.0,,,Winnebago,0.0,wiski
W50006001,310.0,290.0,,,Winnebago,0.0,wiski
W50006001,310.0,291.0,,,Winnebago,0.0,wiski
W48013001,,,,,Cedar,0.0,wiski
W48054002,,,,,Cedar,0.0,wiski
W48054001,,,,,Cedar,0.0,wiski
W48017001,,,,,Cedar,0.0,wiski
H49005001,,,,,ShellRock,0.0,wiski
H49005002,,,,,ShellRock,0.0,wiski
W48003001,,,,,Cedar,0.0,wiski
W48019002,,,,,Cedar,0.0,wiski
H48019001,,,,,Cedar,0.0,wiski
H49003001,,,,,ShellRock,0.0,wiski
H49007002,,,,,ShellRock,0.0,wiski
W49009002,,,,,ShellRock,0.0,wiski
W50001001,253.0,253.0,,,Winnebago,0.0,wiski
W50001002,255.0,251.0,,,Winnebago,0.0,wiski
W50001002,255.0,253.0,,,Winnebago,0.0,wiski
W48047001,,,,,Cedar,0.0,wiski
W48027004,,,,,Cedar,0.0,wiski
W48027002,,,,,Cedar,0.0,wiski
W48027003,,,,,Cedar,0.0,wiski
L24007504,,,,,Cedar,0.0,wiski
W49013002,,,,,ShellRock,0.0,wiski
H49013001,,,,,ShellRock,0.0,wiski
W48004001,,,,,Cedar,0.0,wiski
W48034001,,,,,Cedar,0.0,wiski
W48020004,,,,,Cedar,0.0,wiski
W48020002,,,,,Cedar,0.0,wiski
W66051001,,,,,Clearwater,0.0,wiski
W66054001,,,,,Clearwater,0.0,wiski
W65038001,383.0,383,,,Thief,0.0,wiski
W63050002,,,,,RedLake,0.0,wiski
H63050001,,,,,RedLake,0.0,wiski
W63039001,,,,,RedLake,0.0,wiski
W63074002,,,,,RedLake,0.0,wiski
W63074003,,,,,RedLake,0.0,wiski
W63071001,,,,,RedLake,0.0,wiski
W66050002,,,,,Clearwater,0.0,wiski
W66021004,,,,,Clearwater,0.0,wiski
E66044001,,,,,Clearwater,0.0,wiski
W66021003,,,,,Clearwater,0.0,wiski
W66008003,,,,,Clearwater,0.0,wiski
W66008001,,,,,Clearwater,0.0,wiski
W66008002,,,,,Clearwater,0.0,wiski
W62041001,304.0,304.0,middle of reach upstream lake,,RedLakes,0.0,wiski
W62041002,304.0,304.0,middle of reach upstream lake,,RedLakes,0.0,wiski
W61005001,,,,,Sandhill,0.0,wiski
W63058002,,,,,RedLake,0.0,wiski
H67014002,300.0,"280,291",,,GrandMarais,0.0,wiski
W71074001,,,,,Roseau,0.0,wiski
W71049003,,,,,Roseau,0.0,wiski
W71049002,,,,,Roseau,0.0,wiski
W71054001,,,,,Roseau,0.0,wiski
E66073001,,,,,Clearwater,0.0,wiski
E66072001,,,,,Clearwater,0.0,wiski
W69014002,675.0,675.0,,,LowerRed,0.0,wiski
H63055002,,,,,RedLake,0.0,wiski
W63055003,,,,,RedLake,0.0,wiski
W70036001,,,,,TwoRivers,0.0,wiski
W63038001,,,,,RedLake,0.0,wiski
W66033001,,,,,Clearwater,0.0,wiski
W66015001,,,,,Clearwater,0.0,wiski
W66015002,,,,,Clearwater,0.0,wiski
E66053001,,,,,Clearwater,0.0,wiski
W65002001,,,,,Thief,0.0,wiski
W65006001,461.0,461,,,Thief,0.0,wiski
W68013001,,,,,SnakeNW,0.0,wiski
W65010001,529.0,529,,,Thief,0.0,wiski
W70030002,,,,,TwoRivers,0.0,wiski
W70030003,,,,,TwoRivers,0.0,wiski
W68046001,,,,,SnakeNW,0.0,wiski
W68017002,,,,,SnakeNW,0.0,wiski
W68053001,,,,,SnakeNW,0.0,wiski
W68022001,,,,,SnakeNW,0.0,wiski
W68018001,,,,,SnakeNW,0.0,wiski
W65001001,150.0,150,,,Thief,0.0,wiski
W65052001,,,,,Thief,0.0,wiski
W65041002,249.0,247,,,Thief,0.0,wiski
W62033003,339.0,339.0,middle of reach,,RedLakes,0.0,wiski
W62033002,339.0,339.0,middle of reach,,RedLakes,0.0,wiski
W70024002,,,,,TwoRivers,0.0,wiski
W70020001,,,,,TwoRivers,0.0,wiski
W62050001,277.0,277.0,middle of reach,,RedLakes,0.0,wiski
W62005001,271.0,271.0,middloe of reach (need to break up),,RedLakes,0.0,wiski
W63004001,,,,,RedLake,0.0,wiski
W63046001,,,,,RedLake,0.0,wiski
W71024002,,,,,Roseau,0.0,wiski
E67013001,359.0,357,,,GrandMarais,0.0,wiski
W66080001,,,,,Clearwater,0.0,wiski
W67036001,459.0,459,,,GrandMarais,0.0,wiski
W67004001,457.0,455,,,GrandMarais,0.0,wiski
E66040001,,,,,Clearwater,0.0,wiski
W63080001,,,,,RedLake,0.0,wiski
W63057002,,,,,RedLake,0.0,wiski
W63025003,,,,,RedLake,0.0,wiski
W63023002,,,,,RedLake,0.0,wiski
W63057004,,,,,RedLake,0.0,wiski
W63025002,,,,,RedLake,0.0,wiski
W63024001,,,,,RedLake,0.0,wiski
W70064001,,,,,TwoRivers,0.0,wiski
W71063001,,,,,Roseau,0.0,wiski
W71005002,,,,,Roseau,0.0,wiski
E71005001,,,,,Roseau,0.0,wiski
W71005003,,,,,Roseau,0.0,wiski
W71057003,,,,,Roseau,0.0,wiski
W71057002,,,,,Roseau,0.0,wiski
W71073002,,,,,Roseau,0.0,wiski
W71019001,,,,,Roseau,0.0,wiski
W71073001,,,,,Roseau,0.0,wiski
W70039001,,,,,TwoRivers,0.0,wiski
H70043001,,,,,TwoRivers,0.0,wiski
H70042001,,,,,TwoRivers,0.0,wiski
W70003001,,,,,TwoRivers,0.0,wiski
W70025002,,,,,TwoRivers,0.0,wiski
W61019001,133.0,133,,,Sandhill,0.0,wiski
W61006001,,,,,Sandhill,0.0,wiski
W61015001,,,,,Sandhill,0.0,wiski
W61003001,30.0,30,,,Sandhill,0.0,wiski
W61011001,110.0,"91,90",,,Sandhill,0.0,wiski
W61039002,430.0,430,,,Sandhill,0.0,wiski
W61011002,150.0,150,,,Sandhill,0.0,wiski
W62028001,357.0,357.0,lower third of reach,,RedLakes,0.0,wiski
W71065001,,,,,Roseau,0.0,wiski
W71065002,,,,,Roseau,0.0,wiski
H66029001,,,,,Clearwater,0.0,wiski
W68006003,,,,,SnakeNW,0.0,wiski
W62009003,265.0,"263,257",upper third of reach should break up,,RedLakes,0.0,wiski
W62009001,265.0,"263,257",upper third of reach,,RedLakes,0.0,wiski
W62009002,265.0,265.0,lower end of reach,,RedLakes,0.0,wiski
W68052002,,,,,SnakeNW,0.0,wiski
W68003001,,,,,SnakeNW,0.0,wiski
W70031001,,,,,TwoRivers,0.0,wiski
W70049001,,,,,TwoRivers,0.0,wiski
W71033002,,,,,Roseau,0.0,wiski
W71038002,,,,,Roseau,0.0,wiski
W69054001,390.0,360.0,,,LowerRed,0.0,wiski
W69051003,470.0,470.0,,,LowerRed,0.0,wiski
W69054003,310.0,290.0,,,LowerRed,0.0,wiski
W69054002,350.0,350.0,middle of reach,,LowerRed,0.0,wiski
W66055001,,,,,Clearwater,0.0,wiski
W65014003,490.0,490,,,Thief,0.0,wiski
W65016001,390.0,390,,,Thief,0.0,wiski
W65018001,210.0,"201,190",,,Thief,0.0,wiski
W65019001,210.0,,"201,190",,Thief,0.0,wiski
W65013001,,,,,Thief,0.0,wiski
W70018002,,,,,TwoRivers,0.0,wiski
H70042002,,,,,TwoRivers,0.0,wiski
W23001002,,,,,PommeDeTerre,0.0,wiski
W23001001,,,,,PommeDeTerre,0.0,wiski
W33114003,,,,,MetroMN,0.0,wiski
W30032001,,,,,BlueEarth,0.0,wiski
W33101001,,,,,LowerMN,0.0,wiski
W32071003,,,,,LeSueur,0.0,wiski
W32071002,,,,,LeSueur,0.0,wiski
W22031001,,,,,LacQuiParle,0.0,wiski
W22034001,,,,,LacQuiParle,0.0,wiski
W28010001,,,,,MiddleMN,0.0,wiski
H32065004,,,,,LeSueur,0.0,wiski
H32065001,,,,,LeSueur,0.0,wiski
H32065007,,,,,LeSueur,0.0,wiski
W30021002,,,,,BlueEarth,0.0,wiski
W30092002,,,,,BlueEarth,0.0,wiski
W30025002,,,,,BlueEarth,0.0,wiski
W30022001,,,,,BlueEarth,0.0,wiski
W30024001,,,,,BlueEarth,0.0,wiski
W32017001,,,,,LeSueur,0.0,wiski
W33116002,,,,,MetroMN,0.0,wiski
W33116001,,,,,MetroMN,0.0,wiski
W33116003,,,,,MetroMN,0.0,wiski
W32026001,,,,,LeSueur,0.0,wiski
W28086001,,,,,MiddleMN,0.0,wiski
W28093001,,,,,MiddleMN,0.0,wiski
W28083001,,,,,MiddleMN,0.0,wiski
W30014001,,,,,BlueEarth,0.0,wiski
H32013001,,,,,LeSueur,0.0,wiski
W31016001,115.0,"111,113",,,Watonwan,0.0,wiski
W31016002,115.0,115,,,Watonwan,0.0,wiski
W31029001,123.0,123,,,Watonwan,0.0,wiski
W31018001,119.0,119,,,Watonwan,0.0,wiski
H31053001,,,,,LeSueur,0.0,wiski
W24016002,,,,,LacQuiParle,0.0,wiski
W24016001,,,,,LacQuiParle,0.0,wiski
W33109001,,,,,MetroMN,0.0,wiski
H31041001,153.0,153,,,Watonwan,0.0,wiski
W30075001,,,,,BlueEarth,0.0,wiski
W30057001,,,,,BlueEarth,0.0,wiski
W28037003,,,,,MiddleMN,0.0,wiski
W28037001,,,,,MiddleMN,0.0,wiski
W28037002,,,,,MiddleMN,0.0,wiski
W25036001,,,,,HawkYellowMedicine,0.0,wiski
W26065001,,,,,Chippewa,0.0,wiski
W26037002,,,,,Chippewa,0.0,wiski
W26120001,,,,,Chippewa,0.0,wiski
W26099001,,,,,Chippewa,0.0,wiski
W26066002,,,,,Chippewa,0.0,wiski
W27030002,,,,,Redwood,0.0,wiski
W29014001,,,,,Cottonwood,0.0,wiski
W24009001,,,,,LacQuiParle,0.0,wiski
W27003002,,,,,Redwood,0.0,wiski
W30043001,,,,,BlueEarth,0.0,wiski
W27002001,,,,,Redwood,0.0,wiski
W26061003,,,,,Chippewa,0.0,wiski
W26061001,,,,,Chippewa,0.0,wiski
W26061002,,,,,Chippewa,0.0,wiski
W29001002,,,,,Cottonwood,0.0,wiski
W29036002,,,,,Cottonwood,0.0,wiski
W29036001,,,,,Cottonwood,0.0,wiski
W26062002,,,,,Cottonwood,0.0,wiski
W29022002,,,,,Cottonwood,0.0,wiski
W31047001,181.0,181,,,Watonwan,0.0,wiski
W31047002,181.0,181,,,Watonwan,0.0,wiski
W31047003,,,,,Watonwan,0.0,wiski
H33121003,,,,,MetroMN,0.0,wiski
W33123002,,,,,MetroMN,0.0,wiski
W24045001,,,,,LacQuiParle,0.0,wiski
H26007001,,,,,Chippewa,0.0,wiski
H26087002,,,,,Chippewa,0.0,wiski
H26087003,,,,,Chippewa,0.0,wiski
H26087004,,,,,Chippewa,0.0,wiski
H26087005,,,,,Chippewa,0.0,wiski
H26087006,,,,,Chippewa,0.0,wiski
H26087007,,,,,Chippewa,0.0,wiski
H26087008,,,,,Chippewa,0.0,wiski
W29067001,,,,,Cottonwood,0.0,wiski
W26083001,,,,,Chippewa,0.0,wiski
W26081001,,,,,Chippewa,0.0,wiski
W23015002,,,,,PommeDeTerre,0.0,wiski
W23015003,,,,,PommeDeTerre,0.0,wiski
W29063001,,,,,Cottonwood,0.0,wiski
W29081001,,,,,Cottonwood,0.0,wiski
W29074001,,,,,Cottonwood,0.0,wiski
W30013001,,,,,BlueEarth,0.0,wiski
H33121001,,,,,MetroMN,0.0,wiski
H33121002,,,,,MetroMN,0.0,wiski
W33121001,,,,,MetroMN,0.0,wiski
W26029001,,,,,Chippewa,0.0,wiski
W26088002,,,,,Chippewa,0.0,wiski
H26019002,,,,,Chippewa,0.0,wiski
W33023002,,,,,MetroMN,0.0,wiski
W33023001,,,,,MetroMN,0.0,wiski
W25049001,,,,,HawkYellowMedicine,0.0,wiski
W25080001,,,,,HawkYellowMedicine,0.0,wiski
W28059001,,,,,MiddleMN,0.0,wiski
W30076001,,,,,BlueEarth,0.0,wiski
W30051002,,,,,BlueEarth,0.0,wiski
W22021001,,,,,LacQuiParle,0.0,wiski
W22023001,,,,,LacQuiParle,0.0,wiski
W22020001,,,,,LacQuiParle,0.0,wiski
W22020002,,,,,LacQuiParle,0.0,wiski
W30047001,,,,,BlueEarth,0.0,wiski
W32050001,,,,,LeSueur,0.0,wiski
W30015001,,,,,BlueEarth,0.0,wiski
W30044001,,,,,BlueEarth,0.0,wiski
W30100001,,,,,BlueEarth,0.0,wiski
W30045001,,,,,BlueEarth,0.0,wiski
W30034001,,,,,BlueEarth,0.0,wiski
W22050001,,,,,LacQuiParle,0.0,wiski
W22049002,,,,,LacQuiParle,0.0,wiski
W22049001,,,,,LacQuiParle,0.0,wiski
W22004002,,,,,LacQuiParle,0.0,wiski
W22004001,,,,,LacQuiParle,0.0,wiski
W24008002,,,,,LacQuiParle,0.0,wiski
W24042002,,,,,LacQuiParle,0.0,wiski
W24042001,,,,,LacQuiParle,0.0,wiski
W24008003,,,,,LacQuiParle,0.0,wiski
W28022001,,,,,MiddleMN,0.0,wiski
W28022003,,,,,MiddleMN,0.0,wiski
W28022002,,,,,MiddleMN,0.0,wiski
W28022004,,,,,MiddleMN,0.0,wiski
W28019001,,,,,MiddleMN,0.0,wiski
W28015001,,,,,MiddleMN,0.0,wiski
W30005001,,,,,BlueEarth,0.0,wiski
W30011001,,,,,BlueEarth,0.0,wiski
W28076001,,,,,MiddleMN,0.0,wiski
W28072002,,,,,MiddleMN,0.0,wiski
H31043001,154.0,154,,,Watonwan,0.0,wiski
H33143003,,,,,MetroMN,0.0,wiski
H33143002,,,,,MetroMN,0.0,wiski
W25009001,,,,,HawkYellowMedicine,0.0,wiski
H25074002,,,,,HawkYellowMedicine,0.0,wiski
W33003002,,,,,LowerMN,0.0,wiski
H19060001,,,,,LowerMN,0.0,wiski
W29065006,,,,,Cottonwood,0.0,wiski
W28094002,,,,,MiddleMN,0.0,wiski
H32002001,,,,,LeSueur,0.0,wiski
W28092001,,,,,MiddleMN,0.0,wiski
W28092002,,,,,MiddleMN,0.0,wiski
W28092003,,,,,MiddleMN,0.0,wiski
W25007002,,,,,HawkYellowMedicine,0.0,wiski
H33143001,,,,,MetroMN,0.0,wiski
W24033001,,,,,LacQuiParle,0.0,wiski
W24036001,,,,,LacQuiParle,0.0,wiski
W24058001,,,,,LacQuiParle,0.0,wiski
W24025001,,,,,LacQuiParle,0.0,wiski
W24030001,,,,,LacQuiParle,0.0,wiski
W24038001,,,,,LacQuiParle,0.0,wiski
W24022001,,,,,LacQuiParle,0.0,wiski
W24053002,,,,,LacQuiParle,0.0,wiski
W24018002,,,,,LacQuiParle,0.0,wiski
W24018003,,,,,LacQuiParle,0.0,wiski
W24037002,,,,,LacQuiParle,0.0,wiski
W24037001,,,,,LacQuiParle,0.0,wiski
W24053003,,,,,LacQuiParle,0.0,wiski
W24067001,,,,,LacQuiParle,0.0,wiski
W24034001,,,,,LacQuiParle,0.0,wiski
W24023002,,,,,LacQuiParle,0.0,wiski
W24024001,,,,,LacQuiParle,0.0,wiski
H27003001,,,,,Redwood,0.0,wiski
L61000600,,,,,Chippewa,0.0,wiski
W24013001,,,,,LacQuiParle,0.0,wiski
W24005002,,,,,LacQuiParle,0.0,wiski
W33018001,,,,,MetroMN,0.0,wiski
W32077003,,,,,LeSueur,0.0,wiski
W32077004,,,,,LeSueur,0.0,wiski
W32011003,,,,,LeSueur,0.0,wiski
W32011002,,,,,LeSueur,0.0,wiski
W32011001,,,,,LeSueur,0.0,wiski
W27015001,,,,,Redwood,0.0,wiski
W27007001,,,,,Redwood,0.0,wiski
W27014001,,,,,Redwood,0.0,wiski
W26098001,,,,,Chippewa,0.0,wiski
W32035001,,,,,LeSueur,0.0,wiski
W32069002,,,,,LeSueur,0.0,wiski
W32069003,,,,,LeSueur,0.0,wiski
W28057002,377.0,377,,,MiddleMN,0.0,wiski
W28085001,,,,,MiddleMN,0.0,wiski
W22028002,,,,,LacQuiParle,0.0,wiski
W28007001,,,,,MiddleMN,0.0,wiski
W28024001,,,,,MiddleMN,0.0,wiski
W28023002,,,,,MiddleMN,0.0,wiski
W28023001,,,,,MiddleMN,0.0,wiski
W29040001,,,,,Cottonwood,0.0,wiski
W24044001,,,,,LacQuiParle,0.0,wiski
W27041001,,,,,Redwood,0.0,wiski
W27004001,,,,,Redwood,0.0,wiski
W27013001,,,,,Redwood,0.0,wiski
L07004400,,,,,LeSueur,0.0,wiski
W32072002,,,,,LeSueur,0.0,wiski
W32061001,,,,,LeSueur,0.0,wiski
W22015001,,,,,LacQuiParle,0.0,wiski
W22026001,,,,,LacQuiParle,0.0,wiski
W30056001,,,,,BlueEarth,0.0,wiski
W29104001,,,,,Cottonwood,0.0,wiski
W22045001,,,,,LacQuiParle,0.0,wiski
W30039001,,,,,BlueEarth,0.0,wiski
W30040001,,,,,BlueEarth,0.0,wiski
W33069002,,,,,LowerMN,0.0,wiski
W28044001,,,,,MiddleMN,0.0,wiski
W33122002,,,,,MetroMN,0.0,wiski
W28053001,,,,,MiddleMN,0.0,wiski
W28032001,,,,,MiddleMN,0.0,wiski
W28011001,,,,,MiddleMN,0.0,wiski
W33124001,,,,,MetroMN,0.0,wiski
W33146004,,,,,MetroMN,0.0,wiski
W33143012,,,,,MetroMN,0.0,wiski
W33143006,,,,,MetroMN,0.0,wiski
W33143005,,,,,MetroMN,0.0,wiski
W33114002,,,,,MetroMN,0.0,wiski
W33119001,,,,,MetroMN,0.0,wiski
W33122003,,,,,MetroMN,0.0,wiski
W28055001,,,,,MiddleMN,0.0,wiski
W29017001,,,,,Cottonwood,0.0,wiski
W31058001,33.0,33,,,Watonwan,0.0,wiski
W26089001,,,,,Chippewa,0.0,wiski
H26096001,,,,,Chippewa,0.0,wiski
W26049001,,,,,Chippewa,0.0,wiski
W26092001,,,,,Chippewa,0.0,wiski
W26028002,,,,,Chippewa,0.0,wiski
W26028001,,,,,Chippewa,0.0,wiski
W26030002,,,,,Chippewa,0.0,wiski
W23008001,,,,,PommeDeTerre,0.0,wiski
W23047001,,,,,PommeDeTerre,0.0,wiski
W23012001,,,,,PommeDeTerre,0.0,wiski
W23042001,,,,,PommeDeTerre,0.0,wiski
W23042002,,,,,PommeDeTerre,0.0,wiski
W22043001,,,,,LacQuiParle,0.0,wiski
W22040001,,,,,LacQuiParle,0.0,wiski
W28065001,,,,,MiddleMN,0.0,wiski
W28067001,,,,,MiddleMN,0.0,wiski
W28067002,,,,,MiddleMN,0.0,wiski
W28066002,,,,,MiddleMN,0.0,wiski
W28068001,417.0,417,,,MiddleMN,0.0,wiski
W33120002,,,,,MetroMN,0.0,wiski
W33142001,,,,,MetroMN,0.0,wiski
W31054001,93.0,93,,,Watonwan,0.0,wiski
W31036001,95.0,95,,,Watonwan,0.0,wiski
W22022002,,,,,LacQuiParle,0.0,wiski
W22022003,,,,,LacQuiParle,0.0,wiski
W26010002,,,,,Chippewa,0.0,wiski
W26010001,,,,,Chippewa,0.0,wiski
W23023001,,,,,PommeDeTerre,0.0,wiski
W23023002,,,,,PommeDeTerre,0.0,wiski
W31001001,243.0,243,,,Watonwan,0.0,wiski
W31001002,243.0,243,middle of reach,,Watonwan,0.0,wiski
W31062001,241.0,241,,,Watonwan,0.0,wiski
W31049002,253.0,253,,,Watonwan,0.0,wiski
W31049001,253.0,253,,,Watonwan,0.0,wiski
H26097001,,,,,Chippewa,0.0,wiski
H23043001,,,,,PommeDeTerre,0.0,wiski
H23049001,,,,,PommeDeTerre,0.0,wiski
W23037001,,,,,PommeDeTerre,0.0,wiski
W23049002,,,,,PommeDeTerre,0.0,wiski
W23007002,,,,,PommeDeTerre,0.0,wiski
W23007003,,,,,PommeDeTerre,0.0,wiski
W23007004,,,,,PommeDeTerre,0.0,wiski
W23051001,,,,,PommeDeTerre,0.0,wiski
W23032001,,,,,PommeDeTerre,0.0,wiski
W23032002,,,,,PommeDeTerre,0.0,wiski
W23020001,,,,,PommeDeTerre,0.0,wiski
W23043002,,,,,PommeDeTerre,0.0,wiski
W23030001,,,,,PommeDeTerre,0.0,wiski
W26021001,,,,,Chippewa,0.0,wiski
H33118003,,,,,MetroMN,0.0,wiski
W27036001,,,,,Redwood,0.0,wiski
W27036002,,,,,Redwood,0.0,wiski
W27036003,,,,,Redwood,0.0,wiski
W33136001,,,,,MetroMN,0.0,wiski
L21029100,,,,,Chippewa,0.0,wiski
W29007001,,,,,Cottonwood,0.0,wiski
W25160001,,,,,HawkYellowMedicine,0.0,wiski
W28098002,,,,,MiddleMN,0.0,wiski
W27042002,,,,,Redwood,0.0,wiski
W27043004,,,,,Redwood,0.0,wiski
W27043005,,,,,Redwood,0.0,wiski
W27025001,,,,,Redwood,0.0,wiski
W25060001,,,,,Redwood,0.0,wiski
W27053001,,,,,Redwood,0.0,wiski
W27021001,,,,,Redwood,0.0,wiski
W28006001,,,,,MiddleMN,0.0,wiski
W28009001,,,,,MiddleMN,0.0,wiski
W32053001,,,,,LeSueur,0.0,wiski
W28061001,,,,,MiddleMN,0.0,wiski
W33065002,,,,,LowerMN,0.0,wiski
W25141002,,,,,HawkYellowMedicine,0.0,wiski
W25141001,,,,,HawkYellowMedicine,0.0,wiski
W25141003,,,,,HawkYellowMedicine,0.0,wiski
W25042001,,,,,HawkYellowMedicine,0.0,wiski
W28063004,,,,,MiddleMN,0.0,wiski
W26072001,,,,,Chippewa,0.0,wiski
W26070001,,,,,Chippewa,0.0,wiski
W26052002,,,,,Chippewa,0.0,wiski
W28035001,,,,,MiddleMN,0.0,wiski
W28036001,,,,,MiddleMN,0.0,wiski
L41008900,,,,,HawkYellowMedicine,0.0,wiski
W33102001,,,,,LowerMN,0.0,wiski
W29069001,,,,,Cottonwood,0.0,wiski
H33095001,,,,,LowerMN,0.0,wiski
E33065001,,,,,LowerMN,0.0,wiski
W30029002,,,,,BlueEarth,0.0,wiski
W30029001,,,,,BlueEarth,0.0,wiski
W31021003,201.0,201,,,Watonwan,0.0,wiski
W31009002,,,,,Watonwan,0.0,wiski
W31009001,184.0,184,,,Watonwan,0.0,wiski
W31021002,,,,,Watonwan,0.0,wiski
W22024001,,,,,LacQuiParle,0.0,wiski
W22018001,,,,,LacQuiParle,0.0,wiski
W22017001,,,,,LacQuiParle,0.0,wiski
W31024001,251.0,251,,,Watonwan,0.0,wiski
W31024002,251.0,251,,,Watonwan,0.0,wiski
W28094004,,,,,MiddleMN,0.0,wiski
W28094005,,,,,MiddleMN,0.0,wiski
W28094003,,,,,MiddleMN,0.0,wiski
W31020001,133.0,"131,123",,,Watonwan,0.0,wiski
W31020003,131.0,"129,127",,,Watonwan,0.0,wiski
W31020002,131.0,131,,,Watonwan,0.0,wiski
W23029001,,,,,PommeDeTerre,0.0,wiski
W26007002,,,,,Chippewa,0.0,wiski
W26106001,,,,,Chippewa,0.0,wiski
H22035001,,,,,LacQuiParle,0.0,wiski
W26087009,,,,,Chippewa,0.0,wiski
W26040001,,,,,Chippewa,0.0,wiski
W26039001,,,,,Chippewa,0.0,wiski
W24035003,,,,,LacQuiParle,0.0,wiski
W24035002,,,,,LacQuiParle,0.0,wiski
W24003001,,,,,LacQuiParle,0.0,wiski
W24001001,,,,,LacQuiParle,0.0,wiski
W27045001,,,,,Redwood,0.0,wiski
W27048001,,,,,Redwood,0.0,wiski
W27044001,,,,,Redwood,0.0,wiski
W27039001,,,,,Redwood,0.0,wiski
L61001400,,,,,Chippewa,0.0,wiski
W26009010,,,,,Chippewa,0.0,wiski
H26009001,,,,,Chippewa,0.0,wiski
H26009005,,,,,Chippewa,0.0,wiski
H26009004,,,,,Chippewa,0.0,wiski
H26009006,,,,,Chippewa,0.0,wiski
H26009007,,,,,Chippewa,0.0,wiski
H26009009,,,,,Chippewa,0.0,wiski
H26009003,,,,,Chippewa,0.0,wiski
H26009008,,,,,Chippewa,0.0,wiski
L61000700,,,,,Chippewa,0.0,wiski
H33143011,,,,,MetroMN,0.0,wiski
H33143010,,,,,MetroMN,0.0,wiski
H33143009,,,,,MetroMN,0.0,wiski
H33143007,,,,,MetroMN,0.0,wiski
H33143008,,,,,MetroMN,0.0,wiski
L06046600,,,,,LacQuiParle,0.0,wiski
L34034300,,,,,Chippewa,0.0,wiski
L61059000,,,,,Chippewa,0.0,wiski
L61058600,,,,,Chippewa,0.0,wiski
L70027800,,,,,MetroMN,0.0,wiski
L70036000,,,,,MetroMN,0.0,wiski
L42015200,,,,,Redwood,0.0,wiski
L06046400,,,,,LacQuiParle,0.0,wiski
L06046300,,,,,LacQuiParle,0.0,wiski
L34065900,,,,,Chippewa,0.0,wiski
L34065300,,,,,Chippewa,0.0,wiski
L34065800,,,,,Chippewa,0.0,wiski
L34065300001,,,,,Chippewa,0.0,wiski
W24059004,,,,,LacQuiParle,0.0,wiski
W28100001,,,,,MiddleMN,0.0,wiski
W31055001,91.0,91,,,Watonwan,0.0,wiski
W31044001,157.0,157,,,Watonwan,0.0,wiski
W31055002,91.0,,,,Watonwan,0.0,wiski
W31027001,210.0,210,,,Watonwan,0.0,wiski
H31027003,210.0,210,,,Watonwan,0.0,wiski
W31034001,50.0,50,,,Watonwan,0.0,wiski
W31057001,10.0,,,,Watonwan,0.0,wiski
W31028002,150.0,150,,,Watonwan,0.0,wiski
W31027002,230.0,230,,,Watonwan,0.0,wiski
W31030002,90.0,90,,,Watonwan,0.0,wiski
W30038001,,,,,BlueEarth,0.0,wiski
H33121005,,,,,MetroMN,0.0,wiski
H33121004,,,,,MetroMN,0.0,wiski
W24027001,,,,,LacQuiParle,0.0,wiski
W24039002,,,,,LacQuiParle,0.0,wiski
W24059002,,,,,LacQuiParle,0.0,wiski
W24040002,,,,,LacQuiParle,0.0,wiski
W24046001,,,,,LacQuiParle,0.0,wiski
W24046003,,,,,LacQuiParle,0.0,wiski
W24046002,,,,,LacQuiParle,0.0,wiski
W24040001,,,,,LacQuiParle,0.0,wiski
W24059003,,,,,LacQuiParle,0.0,wiski
E25047002,,,,,HawkYellowMedicine,0.0,wiski
W31048001,195.0,195,,,Watonwan,0.0,wiski
W30088001,,,,,BlueEarth,0.0,wiski
W22011001,,,,,LacQuiParle,0.0,wiski
W22012002,,,,,LacQuiParle,0.0,wiski
W25083001,,,,,HawkYellowMedicine,0.0,wiski
W25086001,,,,,HawkYellowMedicine,0.0,wiski
W25075002,,,,,HawkYellowMedicine,0.0,wiski
W25132001,,,,,HawkYellowMedicine,0.0,wiski
H02038024,,,,,SuperiorSouth,0.0,wiski
H02038022,,,,,SuperiorSouth,0.0,wiski
H02038023,,,,,SuperiorSouth,0.0,wiski
W02038021,,,,,SuperiorSouth,0.0,wiski
W02038020,,,,,SuperiorSouth,0.0,wiski
W02038019,,,,,SuperiorSouth,0.0,wiski
W02038015,,,,,SuperiorSouth,0.0,wiski
W02038016,,,,,SuperiorSouth,0.0,wiski
W02038018,,,,,SuperiorSouth,0.0,wiski
W02038017,,,,,SuperiorSouth,0.0,wiski
W02038025,,,,,SuperiorSouth,0.0,wiski
W02038004,,,,,SuperiorSouth,0.0,wiski
W02038007,,,,,SuperiorSouth,0.0,wiski
W02038014,,,,,SuperiorSouth,0.0,wiski
W02038013,,,,,SuperiorSouth,0.0,wiski
W02038003,,,,,SuperiorSouth,0.0,wiski
W02038012,,,,,SuperiorSouth,0.0,wiski
W02038005,,,,,SuperiorSouth,0.0,wiski
W02038006,,,,,SuperiorSouth,0.0,wiski
W01030002,,,,,SuperiorNorth,0.0,wiski
W01030001,,,,,SuperiorNorth,0.0,wiski
W01092003,,,,,SuperiorNorth,0.0,wiski
E01092001,,,,,SuperiorNorth,0.0,wiski
W01092008,,,,,SuperiorNorth,0.0,wiski
W02060005,,,,,SuperiorSouth,0.0,wiski
W02019004,,,,,SuperiorSouth,0.0,wiski
W02006010,,,,,SuperiorSouth,0.0,wiski
W02006011,,,,,SuperiorSouth,0.0,wiski
W02006006,,,,,SuperiorSouth,0.0,wiski
W02006008,,,,,SuperiorSouth,0.0,wiski
W02006005,,,,,SuperiorSouth,0.0,wiski
W02006004,,,,,SuperiorSouth,0.0,wiski
W02006009,,,,,SuperiorSouth,0.0,wiski
W02006007,,,,,SuperiorSouth,0.0,wiski
W02007001,,,,,SuperiorSouth,0.0,wiski
W02060003,,,,,SuperiorSouth,0.0,wiski
W02060002,,,,,SuperiorSouth,0.0,wiski
W02060001,,,,,SuperiorSouth,0.0,wiski
W02029002,,,,,SuperiorSouth,0.0,wiski
W02031006,,,,,SuperiorSouth,0.0,wiski
W02031007,,,,,SuperiorSouth,0.0,wiski
W02031008,,,,,SuperiorSouth,0.0,wiski
W02027001,,,,,SuperiorSouth,0.0,wiski
W02029001,,,,,SuperiorSouth,0.0,wiski
W02031003,,,,,SuperiorSouth,0.0,wiski
W02027002,,,,,SuperiorSouth,0.0,wiski
W02004003,,,,,SuperiorSouth,0.0,wiski
W02005003,,,,,SuperiorSouth,0.0,wiski
W02005001,,,,,SuperiorSouth,0.0,wiski
W02004001,,,,,SuperiorSouth,0.0,wiski
W02004002,,,,,SuperiorSouth,0.0,wiski
W01034002,,,,,SuperiorNorth,0.0,wiski
W01034003,,,,,SuperiorNorth,0.0,wiski
W02070004,,,,,SuperiorSouth,0.0,wiski
W02027004,,,,,SuperiorSouth,0.0,wiski
W02027003,,,,,SuperiorSouth,0.0,wiski
W01022003,,,,,SuperiorNorth,0.0,wiski
W01022002,,,,,SuperiorNorth,0.0,wiski
W01031004,,,,,SuperiorNorth,0.0,wiski
W01032001,,,,,SuperiorNorth,0.0,wiski
W01031005,,,,,SuperiorNorth,0.0,wiski
W01085001,,,,,SuperiorNorth,0.0,wiski
W02041002,,,,,SuperiorSouth,0.0,wiski
W02041001,,,,,SuperiorSouth,0.0,wiski
W01061006,,,,,SuperiorNorth,0.0,wiski
W01061001,,,,,SuperiorNorth,0.0,wiski
W01080001,,,,,SuperiorNorth,0.0,wiski
W01080002,,,,,SuperiorNorth,0.0,wiski
W01080003,,,,,SuperiorNorth,0.0,wiski
W01080004,,,,,SuperiorNorth,0.0,wiski
W02031004,,,,,SuperiorSouth,0.0,wiski
W01123001,,,,,SuperiorNorth,0.0,wiski
W01124001,,,,,SuperiorNorth,0.0,wiski
W01053001,,,,,SuperiorNorth,0.0,wiski
W01053002,,,,,SuperiorNorth,0.0,wiski
W02003003,,,,,SuperiorSouth,0.0,wiski
W02003002,,,,,SuperiorSouth,0.0,wiski
W02003001,,,,,SuperiorSouth,0.0,wiski
W02040011,,,,,SuperiorSouth,0.0,wiski
W02040010,,,,,SuperiorSouth,0.0,wiski
W02040001,,,,,SuperiorSouth,0.0,wiski
W02040012,,,,,SuperiorSouth,0.0,wiski
W02040009,,,,,SuperiorSouth,0.0,wiski
W02040002,,,,,SuperiorSouth,0.0,wiski
W02040004,,,,,SuperiorSouth,0.0,wiski
W02040003,,,,,SuperiorSouth,0.0,wiski
W01078001,,,,,SuperiorNorth,0.0,wiski
W01075001,,,,,SuperiorNorth,0.0,wiski
W02014002,,,,,SuperiorSouth,0.0,wiski
W02014003,,,,,SuperiorSouth,0.0,wiski
W02014004,,,,,SuperiorSouth,0.0,wiski
W01093001,,,,,SuperiorNorth,0.0,wiski
W02013002,,,,,SuperiorSouth,0.0,wiski
W02013001,,,,,SuperiorSouth,0.0,wiski
W02013003,,,,,SuperiorSouth,0.0,wiski
W43019002,,,,,Root,0.0,wiski
W01037007,,,,,SuperiorNorth,0.0,wiski
W01037008,,,,,SuperiorNorth,0.0,wiski
W01037003,,,,,SuperiorNorth,0.0,wiski
W01037005,,,,,SuperiorNorth,0.0,wiski
W01037006,,,,,SuperiorNorth,0.0,wiski
W01106002,,,,,SuperiorNorth,0.0,wiski
W01106001,,,,,SuperiorNorth,0.0,wiski
W01090004,,,,,SuperiorNorth,0.0,wiski
W02019007,,,,,SuperiorSouth,0.0,wiski
W02058001,,,,,SuperiorSouth,0.0,wiski
W02019002,,,,,SuperiorSouth,0.0,wiski
W02037022,,,,,SuperiorSouth,0.0,wiski
W02037016,,,,,SuperiorSouth,0.0,wiski
W02037021,,,,,SuperiorSouth,0.0,wiski
W02037014,,,,,SuperiorSouth,0.0,wiski
W02037015,,,,,SuperiorSouth,0.0,wiski
W02037017,,,,,SuperiorSouth,0.0,wiski
W02037018,,,,,SuperiorSouth,0.0,wiski
W02037019,,,,,SuperiorSouth,0.0,wiski
W02037020,,,,,SuperiorSouth,0.0,wiski
W02058007,,,,,SuperiorSouth,0.0,wiski
W02037003,,,,,SuperiorSouth,0.0,wiski
W02037013,,,,,SuperiorSouth,0.0,wiski
W02037004,,,,,SuperiorSouth,0.0,wiski
W02037011,,,,,SuperiorSouth,0.0,wiski
W02037002,,,,,SuperiorSouth,0.0,wiski
W02037001,,,,,SuperiorSouth,0.0,wiski
W02037023,,,,,SuperiorSouth,0.0,wiski
W01090003,,,,,SuperiorNorth,0.0,wiski
W02001003,,,,,SuperiorSouth,0.0,wiski
W02058002,,,,,SuperiorSouth,0.0,wiski
W02001001,,,,,SuperiorSouth,0.0,wiski
W02001006,,,,,SuperiorSouth,0.0,wiski
W02001005,,,,,SuperiorSouth,0.0,wiski
W02058006,,,,,SuperiorSouth,0.0,wiski
W02058005,,,,,SuperiorSouth,0.0,wiski
W02001004,,,,,SuperiorSouth,0.0,wiski
W02058003,,,,,SuperiorSouth,0.0,wiski
W02001002,,,,,SuperiorSouth,0.0,wiski
W02040006,,,,,SuperiorSouth,0.0,wiski
W02040005,,,,,SuperiorSouth,0.0,wiski
W02016009,,,,,SuperiorSouth,0.0,wiski
W02016008,,,,,SuperiorSouth,0.0,wiski
W02016007,,,,,SuperiorSouth,0.0,wiski
W02019001,,,,,SuperiorSouth,0.0,wiski
W02019005,,,,,SuperiorSouth,0.0,wiski
W02019006,,,,,SuperiorSouth,0.0,wiski
W02019003,,,,,SuperiorSouth,0.0,wiski
W01090001,,,,,SuperiorNorth,0.0,wiski
W01090002,,,,,SuperiorNorth,0.0,wiski
W01035001,,,,,SuperiorNorth,0.0,wiski
W02015006,,,,,SuperiorSouth,0.0,wiski
W02015005,,,,,SuperiorSouth,0.0,wiski
W02015003,,,,,SuperiorSouth,0.0,wiski
W02015004,,,,,SuperiorSouth,0.0,wiski
W02015001,,,,,SuperiorSouth,0.0,wiski
W02015002,,,,,SuperiorSouth,0.0,wiski
W01046001,,,,,SuperiorNorth,0.0,wiski
W01015008,,,,,SuperiorNorth,0.0,wiski
W01015011,,,,,SuperiorNorth,0.0,wiski
W01015006,,,,,SuperiorNorth,0.0,wiski
W01015005,,,,,SuperiorNorth,0.0,wiski
W01015012,,,,,SuperiorNorth,0.0,wiski
W01015003,,,,,SuperiorNorth,0.0,wiski
W01015004,,,,,SuperiorNorth,0.0,wiski
W01015010,,,,,SuperiorNorth,0.0,wiski
W01015009,,,,,SuperiorNorth,0.0,wiski
W01015007,,,,,SuperiorNorth,0.0,wiski
W01015002,,,,,SuperiorNorth,0.0,wiski
W01079011,,,,,SuperiorNorth,0.0,wiski
W01079009,,,,,SuperiorNorth,0.0,wiski
W01079012,,,,,SuperiorNorth,0.0,wiski
W02032008,,,,,SuperiorSouth,0.0,wiski
W02032007,,,,,SuperiorSouth,0.0,wiski
W02032005,,,,,SuperiorSouth,0.0,wiski
W02032004,,,,,SuperiorSouth,0.0,wiski
W02032003,,,,,SuperiorSouth,0.0,wiski
W02032006,,,,,SuperiorSouth,0.0,wiski
H02032001,,,,,SuperiorSouth,0.0,wiski
W02012001,,,,,SuperiorSouth,0.0,wiski
W02059002,,,,,SuperiorSouth,0.0,wiski
W02059001,,,,,SuperiorSouth,0.0,wiski
W02059003,,,,,SuperiorSouth,0.0,wiski
W02012005,,,,,SuperiorSouth,0.0,wiski
W02012002,,,,,SuperiorSouth,0.0,wiski
W02012003,,,,,SuperiorSouth,0.0,wiski
W01021008,,,,,SuperiorNorth,0.0,wiski
W01021009,,,,,SuperiorNorth,0.0,wiski
W01021010,,,,,SuperiorNorth,0.0,wiski
W01021005,,,,,SuperiorNorth,0.0,wiski
W01021006,,,,,SuperiorNorth,0.0,wiski
W01021007,,,,,SuperiorNorth,0.0,wiski
W01021003,,,,,SuperiorNorth,0.0,wiski
W01021001,,,,,SuperiorNorth,0.0,wiski
W01021002,,,,,SuperiorNorth,0.0,wiski
W01021004,,,,,SuperiorNorth,0.0,wiski
W01094005,,,,,SuperiorNorth,0.0,wiski
W01094016,,,,,SuperiorNorth,0.0,wiski
W01094001,,,,,SuperiorNorth,0.0,wiski
W01094017,,,,,SuperiorNorth,0.0,wiski
W01094019,,,,,SuperiorNorth,0.0,wiski
W01094018,,,,,SuperiorNorth,0.0,wiski
W01094010,,,,,SuperiorNorth,0.0,wiski
W01094011,,,,,SuperiorNorth,0.0,wiski
W01094008,,,,,SuperiorNorth,0.0,wiski
W01094015,,,,,SuperiorNorth,0.0,wiski
W01094013,,,,,SuperiorNorth,0.0,wiski
W01094014,,,,,SuperiorNorth,0.0,wiski
W01094020,,,,,SuperiorNorth,0.0,wiski
W01094012,,,,,SuperiorNorth,0.0,wiski
W01094009,,,,,SuperiorNorth,0.0,wiski
W01094003,,,,,SuperiorNorth,0.0,wiski
W01094002,,,,,SuperiorNorth,0.0,wiski
W01094004,,,,,SuperiorNorth,0.0,wiski
W01094006,,,,,SuperiorNorth,0.0,wiski
W01094007,,,,,SuperiorNorth,0.0,wiski
W01083003,,,,,SuperiorNorth,0.0,wiski
W01014005,,,,,SuperiorNorth,0.0,wiski
W01014007,,,,,SuperiorNorth,0.0,wiski
W01014004,,,,,SuperiorNorth,0.0,wiski
W01014006,,,,,SuperiorNorth,0.0,wiski
W01014003,,,,,SuperiorNorth,0.0,wiski
W01014008,,,,,SuperiorNorth,0.0,wiski
W01014002,,,,,SuperiorNorth,0.0,wiski
W01036001,,,,,SuperiorNorth,0.0,wiski
W01089002,,,,,SuperiorNorth,0.0,wiski
W01024001,,,,,SuperiorNorth,0.0,wiski
W01025001,,,,,SuperiorNorth,0.0,wiski
W01025004,,,,,SuperiorNorth,0.0,wiski
W01025002,,,,,SuperiorNorth,0.0,wiski
W02008001,,,,,SuperiorSouth,0.0,wiski
W02026004,,,,,SuperiorSouth,0.0,wiski
W02021002,,,,,SuperiorSouth,0.0,wiski
W02021003,,,,,SuperiorSouth,0.0,wiski
W02026003,,,,,SuperiorSouth,0.0,wiski
W02026002,,,,,SuperiorSouth,0.0,wiski
W02009002,,,,,SuperiorSouth,0.0,wiski
W02009006,,,,,SuperiorSouth,0.0,wiski
W02009008,,,,,SuperiorSouth,0.0,wiski
W01070001,,,,,SuperiorNorth,0.0,wiski
W02036008,,,,,SuperiorSouth,0.0,wiski
W02033004,,,,,SuperiorSouth,0.0,wiski
W02033001,,,,,SuperiorSouth,0.0,wiski
W02033002,,,,,SuperiorSouth,0.0,wiski
W02036007,,,,,SuperiorSouth,0.0,wiski
W02033003,,,,,SuperiorSouth,0.0,wiski
W02033005,,,,,SuperiorSouth,0.0,wiski
W02036004,,,,,SuperiorSouth,0.0,wiski
W02036002,,,,,SuperiorSouth,0.0,wiski
W01092010,,,,,SuperiorNorth,0.0,wiski
W01092011,,,,,SuperiorNorth,0.0,wiski
W01092009,,,,,SuperiorNorth,0.0,wiski
W01092005,,,,,SuperiorNorth,0.0,wiski
W01092006,,,,,SuperiorNorth,0.0,wiski
W01092004,,,,,SuperiorNorth,0.0,wiski
W01092007,,,,,SuperiorNorth,0.0,wiski
W01038004,,,,,SuperiorNorth,0.0,wiski
W01038002,,,,,SuperiorNorth,0.0,wiski
W01038001,,,,,SuperiorNorth,0.0,wiski
W01038003,,,,,SuperiorNorth,0.0,wiski
W02018002,,,,,SuperiorSouth,0.0,wiski
W02018001,,,,,SuperiorSouth,0.0,wiski
W02030003,,,,,SuperiorSouth,0.0,wiski
W02030002,,,,,SuperiorSouth,0.0,wiski
W02030001,,,,,SuperiorSouth,0.0,wiski
W02036006,,,,,SuperiorSouth,0.0,wiski
W02036005,,,,,SuperiorSouth,0.0,wiski
W02017010,,,,,SuperiorSouth,0.0,wiski
W02017006,,,,,SuperiorSouth,0.0,wiski
W02017007,,,,,SuperiorSouth,0.0,wiski
W02017002,,,,,SuperiorSouth,0.0,wiski
W02017001,,,,,SuperiorSouth,0.0,wiski
W02017009,,,,,SuperiorSouth,0.0,wiski
W02017008,,,,,SuperiorSouth,0.0,wiski
W02017004,,,,,SuperiorSouth,0.0,wiski
W02017003,,,,,SuperiorSouth,0.0,wiski
W02017005,,,,,SuperiorSouth,0.0,wiski
W02005002,,,,,SuperiorSouth,0.0,wiski
W02005004,,,,,SuperiorSouth,0.0,wiski
W01031003,,,,,SuperiorNorth,0.0,wiski
W01087002,,,,,SuperiorNorth,0.0,wiski
W01088001,,,,,SuperiorNorth,0.0,wiski
W01087001,,,,,SuperiorNorth,0.0,wiski
W01053003,,,,,SuperiorNorth,0.0,wiski
W02009004,,,,,SuperiorSouth,0.0,wiski
W02009005,,,,,SuperiorSouth,0.0,wiski
W02009003,,,,,SuperiorSouth,0.0,wiski
W03001005,,,,,StLouisCloquet,0.0,wiski
W02011001,,,,,SuperiorSouth,0.0,wiski
W02011003,,,,,SuperiorSouth,0.0,wiski
W02011002,,,,,SuperiorSouth,0.0,wiski
W01054001,,,,,SuperiorNorth,0.0,wiski
W01058001,,,,,SuperiorNorth,0.0,wiski
W01061002,,,,,SuperiorNorth,0.0,wiski
W01061003,,,,,SuperiorNorth,0.0,wiski
W01053004,,,,,SuperiorNorth,0.0,wiski
W01086001,,,,,SuperiorNorth,0.0,wiski
W01031002,,,,,SuperiorNorth,0.0,wiski
W01031001,,,,,SuperiorNorth,0.0,wiski
W02023003,,,,,SuperiorSouth,0.0,wiski
W01066001,,,,,SuperiorNorth,0.0,wiski
W02055001,,,,,SuperiorSouth,0.0,wiski
W01061004,,,,,SuperiorNorth,0.0,wiski
W01061005,,,,,SuperiorNorth,0.0,wiski
W01071002,,,,,SuperiorNorth,0.0,wiski
W01071001,,,,,SuperiorNorth,0.0,wiski
W01063005,,,,,SuperiorNorth,0.0,wiski
W01063004,,,,,SuperiorNorth,0.0,wiski
W01063002,,,,,SuperiorNorth,0.0,wiski
W01062001,,,,,SuperiorNorth,0.0,wiski
W01012001,,,,,SuperiorNorth,0.0,wiski
W01101001,,,,,SuperiorNorth,0.0,wiski
W01101002,,,,,SuperiorNorth,0.0,wiski
W01101003,,,,,SuperiorNorth,0.0,wiski
W02028001,,,,,SuperiorSouth,0.0,wiski
W02028002,,,,,SuperiorSouth,0.0,wiski
W01091005,,,,,SuperiorNorth,0.0,wiski
W01091006,,,,,SuperiorNorth,0.0,wiski
W01091004,,,,,SuperiorNorth,0.0,wiski
W01091003,,,,,SuperiorNorth,0.0,wiski
W01091002,,,,,SuperiorNorth,0.0,wiski
W01091007,,,,,SuperiorNorth,0.0,wiski
W01091008,,,,,SuperiorNorth,0.0,wiski
W01091001,,,,,SuperiorNorth,0.0,wiski
W02016005,,,,,SuperiorSouth,0.0,wiski
W02016006,,,,,SuperiorSouth,0.0,wiski
W02016004,,,,,SuperiorSouth,0.0,wiski
W02016002,,,,,SuperiorSouth,0.0,wiski
W02016001,,,,,SuperiorSouth,0.0,wiski
W02016014,,,,,SuperiorSouth,0.0,wiski
W02016003,,,,,SuperiorSouth,0.0,wiski
W02016013,,,,,SuperiorSouth,0.0,wiski
W02016011,,,,,SuperiorSouth,0.0,wiski
W02016012,,,,,SuperiorSouth,0.0,wiski
W02016016,,,,,SuperiorSouth,0.0,wiski
W02016015,,,,,SuperiorSouth,0.0,wiski
W01065001,,,,,SuperiorNorth,0.0,wiski
W02011007,,,,,SuperiorSouth,0.0,wiski
W02011005,,,,,SuperiorSouth,0.0,wiski
W01089003,,,,,SuperiorNorth,0.0,wiski
W01089001,,,,,SuperiorNorth,0.0,wiski
W01034001,,,,,SuperiorNorth,0.0,wiski
W02023004,,,,,SuperiorSouth,0.0,wiski
W02010001,,,,,SuperiorSouth,0.0,wiski
W01060001,,,,,SuperiorNorth,0.0,wiski
W02023002,,,,,SuperiorSouth,0.0,wiski
W02023001,,,,,SuperiorSouth,0.0,wiski
W02025008,,,,,SuperiorSouth,0.0,wiski
W02025018,,,,,SuperiorSouth,0.0,wiski
W02025010,,,,,SuperiorSouth,0.0,wiski
W02025016,,,,,SuperiorSouth,0.0,wiski
H02025001,,,,,SuperiorSouth,0.0,wiski
W02025007,,,,,SuperiorSouth,0.0,wiski
W02025013,,,,,SuperiorSouth,0.0,wiski
W02025012,,,,,SuperiorSouth,0.0,wiski
W02025011,,,,,SuperiorSouth,0.0,wiski
W02025019,,,,,SuperiorSouth,0.0,wiski
W02025003,,,,,SuperiorSouth,0.0,wiski
W02025002,,,,,SuperiorSouth,0.0,wiski
W02025015,,,,,SuperiorSouth,0.0,wiski
W02025006,,,,,SuperiorSouth,0.0,wiski
W02025005,,,,,SuperiorSouth,0.0,wiski
W02025017,,,,,SuperiorSouth,0.0,wiski
W02025009,,,,,SuperiorSouth,0.0,wiski
W02011006,,,,,SuperiorSouth,0.0,wiski
W02011004,,,,,SuperiorSouth,0.0,wiski
W02054001,,,,,SuperiorSouth,0.0,wiski
W01019002,,,,,SuperiorNorth,0.0,wiski
W01019001,,,,,SuperiorNorth,0.0,wiski
W02031005,,,,,SuperiorSouth,0.0,wiski
W01010002,,,,,SuperiorNorth,0.0,wiski
H01010001,,,,,SuperiorNorth,0.0,wiski
W01029001,,,,,SuperiorNorth,0.0,wiski
W01055001,,,,,SuperiorNorth,0.0,wiski
W02035025,,,,,SuperiorSouth,0.0,wiski
W02035019,,,,,SuperiorSouth,0.0,wiski
W02035004,,,,,SuperiorSouth,0.0,wiski
W02035007,,,,,SuperiorSouth,0.0,wiski
W02035002,,,,,SuperiorSouth,0.0,wiski
W02035003,,,,,SuperiorSouth,0.0,wiski
W02035018,,,,,SuperiorSouth,0.0,wiski
W02035017,,,,,SuperiorSouth,0.0,wiski
W02035015,,,,,SuperiorSouth,0.0,wiski
W02035023,,,,,SuperiorSouth,0.0,wiski
W02035022,,,,,SuperiorSouth,0.0,wiski
W02035016,,,,,SuperiorSouth,0.0,wiski
W02035021,,,,,SuperiorSouth,0.0,wiski
W02035010,,,,,SuperiorSouth,0.0,wiski
W02035020,,,,,SuperiorSouth,0.0,wiski
W02035011,,,,,SuperiorSouth,0.0,wiski
W02035013,,,,,SuperiorSouth,0.0,wiski
W02035006,,,,,SuperiorSouth,0.0,wiski
W02035009,,,,,SuperiorSouth,0.0,wiski
W02035008,,,,,SuperiorSouth,0.0,wiski
W02035005,,,,,SuperiorSouth,0.0,wiski
W01125001,,,,,SuperiorNorth,0.0,wiski
W01076001,,,,,SuperiorNorth,0.0,wiski
W01076002,,,,,SuperiorNorth,0.0,wiski
W01076004,,,,,SuperiorNorth,0.0,wiski
W01032002,,,,,SuperiorNorth,0.0,wiski
W02039014,,,,,SuperiorSouth,0.0,wiski
W02039023,,,,,SuperiorSouth,0.0,wiski
W02039015,,,,,SuperiorSouth,0.0,wiski
W02039026,,,,,SuperiorSouth,0.0,wiski
W02039021,,,,,SuperiorSouth,0.0,wiski
W02039018,,,,,SuperiorSouth,0.0,wiski
W02039027,,,,,SuperiorSouth,0.0,wiski
W02039028,,,,,SuperiorSouth,0.0,wiski
W02039025,,,,,SuperiorSouth,0.0,wiski
W02039017,,,,,SuperiorSouth,0.0,wiski
W02039024,,,,,SuperiorSouth,0.0,wiski
W02039031,,,,,SuperiorSouth,0.0,wiski
W02039019,,,,,SuperiorSouth,0.0,wiski
W02039020,,,,,SuperiorSouth,0.0,wiski
W02039022,,,,,SuperiorSouth,0.0,wiski
W02039007,,,,,SuperiorSouth,0.0,wiski
W02039030,,,,,SuperiorSouth,0.0,wiski
W02039013,,,,,SuperiorSouth,0.0,wiski
W02039012,,,,,SuperiorSouth,0.0,wiski
W02039001,,,,,SuperiorSouth,0.0,wiski
W02039016,,,,,SuperiorSouth,0.0,wiski
W02039011,,,,,SuperiorSouth,0.0,wiski
W02039002,,,,,SuperiorSouth,0.0,wiski
W02039029,,,,,SuperiorSouth,0.0,wiski
W02039006,,,,,SuperiorSouth,0.0,wiski
H02039005,,,,,SuperiorSouth,0.0,wiski
H02039003,,,,,SuperiorSouth,0.0,wiski
W02039004,,,,,SuperiorSouth,0.0,wiski
W02039010,,,,,SuperiorSouth,0.0,wiski
W01079014,,,,,SuperiorNorth,0.0,wiski
W01079016,,,,,SuperiorNorth,0.0,wiski
W01079013,,,,,SuperiorNorth,0.0,wiski
W01079015,,,,,SuperiorNorth,0.0,wiski
W01079017,,,,,SuperiorNorth,0.0,wiski
W01079005,,,,,SuperiorNorth,0.0,wiski
W01079008,,,,,SuperiorNorth,0.0,wiski
W01079006,,,,,SuperiorNorth,0.0,wiski
W01079010,,,,,SuperiorNorth,0.0,wiski
H01079001,,,,,SuperiorNorth,0.0,wiski
W01079003,,,,,SuperiorNorth,0.0,wiski
W01079002,,,,,SuperiorNorth,0.0,wiski
W01079004,,,,,SuperiorNorth,0.0,wiski
W02024007,,,,,SuperiorSouth,0.0,wiski
W02024006,,,,,SuperiorSouth,0.0,wiski
W02024005,,,,,SuperiorSouth,0.0,wiski
W02024004,,,,,SuperiorSouth,0.0,wiski
W02024003,,,,,SuperiorSouth,0.0,wiski
W01083002,,,,,SuperiorNorth,0.0,wiski
W01083001,,,,,SuperiorNorth,0.0,wiski
W02024010,,,,,SuperiorSouth,0.0,wiski
W01082001,,,,,SuperiorNorth,0.0,wiski
W01082003,,,,,SuperiorNorth,0.0,wiski
W01082004,,,,,SuperiorNorth,0.0,wiski
W01082002,,,,,SuperiorNorth,0.0,wiski
W02024012,,,,,SuperiorSouth,0.0,wiski
W02024001,,,,,SuperiorSouth,0.0,wiski
W02024011,,,,,SuperiorSouth,0.0,wiski
W02024002,,,,,SuperiorSouth,0.0,wiski
W02040007,,,,,SuperiorSouth,0.0,wiski
W02022003,,,,,SuperiorSouth,0.0,wiski
W02022004,,,,,SuperiorSouth,0.0,wiski
W02022001,,,,,SuperiorSouth,0.0,wiski
W02022005,,,,,SuperiorSouth,0.0,wiski
W02022006,,,,,SuperiorSouth,0.0,wiski
W02022002,,,,,SuperiorSouth,0.0,wiski
H01081001,,,,,SuperiorNorth,0.0,wiski
W01075002,,,,,SuperiorNorth,0.0,wiski
W01037009,,,,,SuperiorNorth,0.0,wiski
W01037002,,,,,SuperiorNorth,0.0,wiski
W01037010,,,,,SuperiorNorth,0.0,wiski
W01037004,,,,,SuperiorNorth,0.0,wiski
W72044001,,,,,RainyHeadwaters,0.0,wiski
W72044002,,,,,RainyHeadwaters,0.0,wiski
W72042002,,,,,RainyHeadwaters,0.0,wiski
W72042001,,,,,RainyHeadwaters,0.0,wiski
W74024002,,,,,RainyLake,0.0,wiski
W74024003,,,,,RainyLake,0.0,wiski
W74024004,,,,,RainyLake,0.0,wiski
W74019002,,,,,RainyLake,0.0,wiski
W74019003,,,,,RainyLake,0.0,wiski
W74009001,,,,,RainyLake,0.0,wiski
W74009002,,,,,RainyLake,0.0,wiski
W74009003,,,,,RainyLake,0.0,wiski
W74019001,,,,,RainyLake,0.0,wiski
W74024001,,,,,RainyLake,0.0,wiski
W79014001,,,,,RainyRiver,0.0,wiski
W76036001,,,,,LittleFork,0.0,wiski
W77073001,,,,,BigFork,0.0,wiski
W76075001,,,,,LittleFork,0.0,wiski
W76086001,,,,,LittleFork,0.0,wiski
W77094001,,,,,BigFork,0.0,wiski
W77104001,,,,,BigFork,0.0,wiski
W77091001,,,,,BigFork,0.0,wiski
W77031002,,,,,BigFork,0.0,wiski
W77072001,,,,,BigFork,0.0,wiski
W77069002,,,,,BigFork,0.0,wiski
W77107002,,,,,BigFork,0.0,wiski
W77023001,,,,,BigFork,0.0,wiski
W77071001,,,,,BigFork,0.0,wiski
W72031005,,,,,RainyHeadwaters,0.0,wiski
H72031002,,,,,RainyHeadwaters,0.0,wiski
W74027002,,,,,RainyLake,0.0,wiski
W74027001,,,,,RainyLake,0.0,wiski
W74018005,,,,,RainyLake,0.0,wiski
W74027004,,,,,RainyLake,0.0,wiski
W74018001,,,,,RainyLake,0.0,wiski
W74018004,,,,,RainyLake,0.0,wiski
W74018007,,,,,RainyLake,0.0,wiski
W74018006,,,,,RainyLake,0.0,wiski
W74018002,,,,,RainyLake,0.0,wiski
W74027003,,,,,RainyLake,0.0,wiski
W77028001,,,,,BigFork,0.0,wiski
W77106001,50.0,"30,35",Poor segmentation (shaped as a y),,BigFork,0.0,wiski
W77056001,,,,,BigFork,0.0,wiski
W80020002,,,,,LOWUS,0.0,wiski
W77080001,,,,,BigFork,0.0,wiski
W72046001,,,,,RainyHeadwaters,0.0,wiski
W76058011,,,,,LittleFork,0.0,wiski
W76057001,,,,,LittleFork,0.0,wiski
W76058008,,,,,LittleFork,0.0,wiski
W76058013,,,,,LittleFork,0.0,wiski
W76058005,,,,,LittleFork,0.0,wiski
W76058006,,,,,LittleFork,0.0,wiski
W76058004,,,,,LittleFork,0.0,wiski
W76058012,,,,,LittleFork,0.0,wiski
W76058003,,,,,LittleFork,0.0,wiski
W72035009,,,,,RainyHeadwaters,0.0,wiski
W72035010,,,,,RainyHeadwaters,0.0,wiski
W77088001,,,,,BigFork,0.0,wiski
W77079003,,,,,BigFork,0.0,wiski
W77079004,,,,,BigFork,0.0,wiski
W77079002,,,,,BigFork,0.0,wiski
W77088002,,,,,BigFork,0.0,wiski
W77079001,,,,,BigFork,0.0,wiski
W72026002,,,,,RainyHeadwaters,0.0,wiski
W72026001,,,,,RainyHeadwaters,0.0,wiski
W72051001,,,,,RainyHeadwaters,0.0,wiski
W72051002,,,,,RainyHeadwaters,0.0,wiski
W72047004,,,,,RainyHeadwaters,0.0,wiski
W72047007,,,,,RainyHeadwaters,0.0,wiski
W72047006,,,,,RainyHeadwaters,0.0,wiski
W72047008,,,,,RainyHeadwaters,0.0,wiski
W72047005,,,,,RainyHeadwaters,0.0,wiski
W72047003,,,,,RainyHeadwaters,0.0,wiski
W72031006,,,,,RainyHeadwaters,0.0,wiski
W72047010,,,,,RainyHeadwaters,0.0,wiski
W72069001,,,,,RainyHeadwaters,0.0,wiski
E72047001,,,,,RainyHeadwaters,0.0,wiski
W74006001,,,,,RainyLake,0.0,wiski
H80017002,,,,,LOWUS,0.0,wiski
W80028002,,,,,LOWUS,0.0,wiski
W80017005,51.0,51,,,LOWUS,0.0,wiski
W80017004,,,,,LOWUS,0.0,wiski
W73053002,,,,,Vermilion,0.0,wiski
W73053001,,,,,Vermilion,0.0,wiski
W73052001,,,,,Vermilion,0.0,wiski
W75053003,,,,,Vermilion,0.0,wiski
W73001001,,,,,Vermilion,0.0,wiski
W74018003,,,,,RainyLake,0.0,wiski
W74025002,,,,,RainyLake,0.0,wiski
W74025003,,,,,RainyLake,0.0,wiski
W74025001,,,,,RainyLake,0.0,wiski
W72032002,,,,,RainyHeadwaters,0.0,wiski
W72032001,,,,,RainyHeadwaters,0.0,wiski
W72027001,,,,,RainyHeadwaters,0.0,wiski
W73013001,,,,,Vermilion,0.0,wiski
W72053001,,,,,RainyHeadwaters,0.0,wiski
W72019001,,,,,RainyHeadwaters,0.0,wiski
W72035004,,,,,RainyHeadwaters,0.0,wiski
W72035003,,,,,RainyHeadwaters,0.0,wiski
W72035002,,,,,RainyHeadwaters,0.0,wiski
W72035005,,,,,RainyHeadwaters,0.0,wiski
W72015001,,,,,RainyHeadwaters,0.0,wiski
W73019001,,,,,Vermilion,0.0,wiski
W72039001,,,,,RainyHeadwaters,0.0,wiski
W72041001,,,,,RainyHeadwaters,0.0,wiski
W76055003,,,,,LittleFork,0.0,wiski
W76055001,,,,,LittleFork,0.0,wiski
W76055002,,,,,LittleFork,0.0,wiski
W74023001,,,,,RainyLake,0.0,wiski
W74023002,,,,,RainyLake,0.0,wiski
W74023003,,,,,RainyLake,0.0,wiski
W80020001,,,,,LOWUS,0.0,wiski
L39000202,,,,,LOWUS,0.0,wiski
W72008001,,,,,RainyHeadwaters,0.0,wiski
W76027001,,,,,LittleFork,0.0,wiski
W76090002,,,,,LittleFork,0.0,wiski
W76021001,,,,,LittleFork,0.0,wiski
W76099002,,,,,LittleFork,0.0,wiski
W76020001,,,,,LittleFork,0.0,wiski
W72012001,,,,,RainyHeadwaters,0.0,wiski
W72038003,,,,,RainyHeadwaters,0.0,wiski
W72038002,,,,,RainyHeadwaters,0.0,wiski
W72038001,,,,,RainyHeadwaters,0.0,wiski
W72092002,,,,,RainyHeadwaters,0.0,wiski
W72092003,,,,,RainyHeadwaters,0.0,wiski
W76005001,,,,,LittleFork,0.0,wiski
W76005002,,,,,LittleFork,0.0,wiski
W76005005,,,,,LittleFork,0.0,wiski
W76005006,,,,,LittleFork,0.0,wiski
W76005004,,,,,LittleFork,0.0,wiski
W76005003,,,,,LittleFork,0.0,wiski
W77094002,,,,,BigFork,0.0,wiski
W72040003,,,,,RainyHeadwaters,0.0,wiski
W72040002,,,,,RainyHeadwaters,0.0,wiski
W72040001,,,,,RainyHeadwaters,0.0,wiski
W72100001,,,,,RainyHeadwaters,0.0,wiski
W80007001,181.0,181,,,LOWUS,0.0,wiski
W74028003,,,,,RainyLake,0.0,wiski
W74028004,,,,,RainyLake,0.0,wiski
W74028001,,,,,RainyLake,0.0,wiski
W74028002,,,,,RainyLake,0.0,wiski
W74028005,,,,,RainyLake,0.0,wiski
W72048001,,,,,RainyHeadwaters,0.0,wiski
W72035008,,,,,RainyHeadwaters,0.0,wiski
W72035007,,,,,RainyHeadwaters,0.0,wiski
W72035006,,,,,RainyHeadwaters,0.0,wiski
W78020001,,,,,RainyRiver,0.0,wiski
W73014001,,,,,Vermilion,0.0,wiski
W79008001,,,,,RainyRiver,0.0,wiski
W79008005,,,,,RainyRiver,0.0,wiski
W73058002,,,,,Vermilion,0.0,wiski
W79008004,,,,,RainyRiver,0.0,wiski
W79008002,,,,,RainyRiver,0.0,wiski
W77057002,,,,,BigFork,0.0,wiski
W79001002,,,,,RainyRiver,0.0,wiski
E75005001,,,,,RainyRiver,0.0,wiski
W78007002,,,,,RainyRiver,0.0,wiski
W76101001,,,,,LittleFork,0.0,wiski
W74033004,,,,,RainyLake,0.0,wiski
W77095001,,,,,BigFork,0.0,wiski
W76028001,,,,,LittleFork,0.0,wiski
W77003001,,,,,BigFork,0.0,wiski
W77012001,,,,,BigFork,0.0,wiski
W76039002,,,,,LittleFork,0.0,wiski
W76039001,,,,,LittleFork,0.0,wiski
W73062001,,,,,Vermilion,0.0,wiski
W73059001,,,,,Vermilion,0.0,wiski
W72028001,,,,,RainyHeadwaters,0.0,wiski
W72037001,,,,,RainyHeadwaters,0.0,wiski
W76037001,,,,,LittleFork,0.0,wiski
W76037008,,,,,LittleFork,0.0,wiski
W76037007,,,,,LittleFork,0.0,wiski
W76037009,,,,,LittleFork,0.0,wiski
W76037006,,,,,LittleFork,0.0,wiski
W76037011,,,,,LittleFork,0.0,wiski
W76037012,,,,,LittleFork,0.0,wiski
W76037010,,,,,LittleFork,0.0,wiski
W76037013,,,,,LittleFork,0.0,wiski
W76037016,,,,,LittleFork,0.0,wiski
W76037014,,,,,LittleFork,0.0,wiski
W76037015,,,,,LittleFork,0.0,wiski
W72050001,,,,,RainyHeadwaters,0.0,wiski
W72130001,,,,,RainyHeadwaters,0.0,wiski
W77070001,,,,,BigFork,0.0,wiski
W76033002,,,,,LittleFork,0.0,wiski
W76033001,,,,,LittleFork,0.0,wiski
W76043002,,,,,LittleFork,0.0,wiski
W80013003,,,,,LOWUS,0.0,wiski
W80013005,,,,,LOWUS,0.0,wiski
W80013004,,,,,LOWUS,0.0,wiski
W80013002,,,,,LOWUS,0.0,wiski
W74020001,,,,,RainyLake,0.0,wiski
W76010002,,,,,LittleFork,0.0,wiski
W77093001,,,,,BigFork,0.0,wiski
W77008001,30.0,30,Middle of very long reach that really should be broken pu,,BigFork,0.0,wiski
W76077001,,,,,LittleFork,0.0,wiski
W76081001,,,,,LittleFork,0.0,wiski
W76081002,,,,,LittleFork,0.0,wiski
W76108001,,,,,LittleFork,0.0,wiski
W76074001,,,,,LittleFork,0.0,wiski
W73027001,,,,,Vermilion,0.0,wiski
W73028001,,,,,Vermilion,0.0,wiski
W73067001,,,,,Vermilion,0.0,wiski
H80019001,21.0,21,,,LOWUS,0.0,wiski
H80016002,,,,,LOWUS,0.0,wiski
H80016001,,,,,LOWUS,0.0,wiski
H80017003,,,,,LOWUS,0.0,wiski
W80022002,70.0,"55,50",,,LOWUS,0.0,wiski
W80023002,,,,,LOWUS,0.0,wiski
W80025002,,,,,LOWUS,0.0,wiski
W72043001,,,,,RainyHeadwaters,0.0,wiski
W73054003,,,,,Vermilion,0.0,wiski
W73045001,,,,,Vermilion,0.0,wiski
W73054004,,,,,Vermilion,0.0,wiski
W73054002,,,,,Vermilion,0.0,wiski
W72054001,,,,,RainyHeadwaters,0.0,wiski
W80010003,,,,,LOWUS,0.0,wiski
W80010004,211.0,211,,,LOWUS,0.0,wiski
W80010002,,,,,LOWUS,0.0,wiski
W80014001,161.0,161,,,LOWUS,0.0,wiski
W76010001,,,,,LittleFork,0.0,wiski
W76013001,,,,,LittleFork,0.0,wiski
W79011001,,,,,RainyRiver,0.0,wiski
H79003001,,,,,RainyRiver,0.0,wiski
W05018007,,,,,Nemadji,0.0,wiski
W05018010,,,,,Nemadji,0.0,wiski
W05018006,,,,,Nemadji,0.0,wiski
W05018009,,,,,Nemadji,0.0,wiski
W05018008,,,,,Nemadji,0.0,wiski
W05006002,,,,,Nemadji,0.0,wiski
W05006003,,,,,Nemadji,0.0,wiski
W05006004,,,,,Nemadji,0.0,wiski
W05007001,,,,,Nemadji,0.0,wiski
W05004003,,,,,Nemadji,0.0,wiski
W05004001,,,,,Nemadji,0.0,wiski
W05004002,,,,,Nemadji,0.0,wiski
W05002006,,,,,Nemadji,0.0,wiski
W05002004,,,,,Nemadji,0.0,wiski
W05002005,,,,,Nemadji,0.0,wiski
W05018002,,,,,Nemadji,0.0,wiski
W05018003,,,,,Nemadji,0.0,wiski
W05002002,,,,,Nemadji,0.0,wiski
W05002001,,,,,Nemadji,0.0,wiski
W05002003,,,,,Nemadji,0.0,wiski
W05008003,,,,,Nemadji,0.0,wiski
W05013008,,,,,Nemadji,0.0,wiski
W05013004,,,,,Nemadji,0.0,wiski
W05013006,,,,,Nemadji,0.0,wiski
W05013007,,,,,Nemadji,0.0,wiski
W05014002,,,,,Nemadji,0.0,wiski
W05014005,,,,,Nemadji,0.0,wiski
W05014001,,,,,Nemadji,0.0,wiski
W05014003,,,,,Nemadji,0.0,wiski
W05020002,,,,,Nemadji,0.0,wiski
W05020001,,,,,Nemadji,0.0,wiski
W05020003,,,,,Nemadji,0.0,wiski
W05010003,,,,,Nemadji,0.0,wiski
W05010001,,,,,Nemadji,0.0,wiski
W05010002,,,,,Nemadji,0.0,wiski
W05015001,,,,,Nemadji,0.0,wiski
W05015002,,,,,Nemadji,0.0,wiski
W05015003,,,,,Nemadji,0.0,wiski
W05012001,,,,,Nemadji,0.0,wiski
W05016003,,,,,Nemadji,0.0,wiski
W05016002,,,,,Nemadji,0.0,wiski
W05016004,,,,,Nemadji,0.0,wiski
W05019002,,,,,Nemadji,0.0,wiski
W05009002,,,,,Nemadji,0.0,wiski
W05021002,,,,,Nemadji,0.0,wiski
W05018011,,,,,Nemadji,0.0,wiski
W05017001,,,,,Nemadji,0.0,wiski
W05022001,,,,,Nemadji,0.0,wiski
W05022002,,,,,Nemadji,0.0,wiski
W05018012,,,,,Nemadji,0.0,wiski
W05018004,,,,,Nemadji,0.0,wiski
W05018005,,,,,Nemadji,0.0,wiski
W36077003,,,,,SnakeSE,0.0,wiski
W34021002,,,,,Kettle,0.0,wiski
W34026001,,,,,Kettle,0.0,wiski
W34014001,,,,,Kettle,0.0,wiski
W36009002,,,,,SnakeSE,0.0,wiski
W34004004,,,,,Kettle,0.0,wiski
W34004001,,,,,Kettle,0.0,wiski
W34004005,,,,,Kettle,0.0,wiski
W34004003,,,,,Kettle,0.0,wiski
W34001001,,,,,Kettle,0.0,wiski
W37027001,,,,,,0.0,wiski
W37027002,,,,,,0.0,wiski
W36016001,,,,,SnakeSE,0.0,wiski
W35031001,,,,,Kettle,0.0,wiski
H37062002,,,,,,0.0,wiski
W37062007,,,,,,0.0,wiski
W37062003,,,,,,0.0,wiski
W37062006,,,,,,0.0,wiski
W37062004,,,,,,0.0,wiski
W37062001,,,,,,0.0,wiski
W37038001,,,,,,0.0,wiski
W36011001,,,,,SnakeSE,0.0,wiski
W34021004,,,,,Kettle,0.0,wiski
W34021001,,,,,Kettle,0.0,wiski
W34018001,,,,,Kettle,0.0,wiski
W34036002,,,,,Kettle,0.0,wiski
H37034001,,,,,,0.0,wiski
W34018002,,,,,Kettle,0.0,wiski
W36041001,,,,,SnakeSE,0.0,wiski
H37053001,,,,,,0.0,wiski
W37024002,,,,,,0.0,wiski
W35069005,,,,,Kettle,0.0,wiski
W36059002,,,,,SnakeSE,0.0,wiski
W36026001,,,,,SnakeSE,0.0,wiski
W36062001,,,,,SnakeSE,0.0,wiski
W34013007,,,,,Kettle,0.0,wiski
W34013004,,,,,Kettle,0.0,wiski
W34013005,,,,,Kettle,0.0,wiski
W34013003,,,,,Kettle,0.0,wiski
W34013001,,,,,Kettle,0.0,wiski
W34013002,,,,,Kettle,0.0,wiski
W34013006,,,,,Kettle,0.0,wiski
W34038002,,,,,Kettle,0.0,wiski
W36018001,,,,,SnakeSE,0.0,wiski
W34027001,,,,,Kettle,0.0,wiski
W35072002,,,,,Kettle,0.0,wiski
W35051003,,,,,Kettle,0.0,wiski
W35051004,,,,,Kettle,0.0,wiski
W35072003,,,,,Kettle,0.0,wiski
W35072004,,,,,Kettle,0.0,wiski
W35072001,,,,,Kettle,0.0,wiski
W35019002,,,,,Kettle,0.0,wiski
W35019001,,,,,Kettle,0.0,wiski
W35019003,,,,,Kettle,0.0,wiski
W35017001,,,,,Kettle,0.0,wiski
W35050001,,,,,Kettle,0.0,wiski
W35008002,,,,,Kettle,0.0,wiski
W35051001,,,,,Kettle,0.0,wiski
W35011002,,,,,Kettle,0.0,wiski
W36020001,,,,,SnakeSE,0.0,wiski
W35045001,,,,,Kettle,0.0,wiski
W35045002,,,,,Kettle,0.0,wiski
W37074005,,,,,,0.0,wiski
W37074002,,,,,,0.0,wiski
W37074003,,,,,,0.0,wiski
W37074004,,,,,,0.0,wiski
W35032001,,,,,Kettle,0.0,wiski
H37051001,,,,,,0.0,wiski
W35023004,,,,,Kettle,0.0,wiski
W34023003,,,,,Kettle,0.0,wiski
W34023002,,,,,Kettle,0.0,wiski
W35048001,,,,,Kettle,0.0,wiski
W35046001,,,,,Kettle,0.0,wiski
W34005001,,,,,Kettle,0.0,wiski
W34030002,,,,,Kettle,0.0,wiski
W34035005,,,,,Kettle,0.0,wiski
W34030001,,,,,Kettle,0.0,wiski
W34035003,,,,,Kettle,0.0,wiski
W34035002,,,,,Kettle,0.0,wiski
W34035004,,,,,Kettle,0.0,wiski
W34033002,,,,,Kettle,0.0,wiski
W34033005,,,,,Kettle,0.0,wiski
W34033001,,,,,Kettle,0.0,wiski
W34033004,,,,,Kettle,0.0,wiski
W34033003,,,,,Kettle,0.0,wiski
W36072009,,,,,SnakeSE,0.0,wiski
W35013002,,,,,Kettle,0.0,wiski
W35011001,,,,,Kettle,0.0,wiski
W35013001,,,,,Kettle,0.0,wiski
W35023001,,,,,Kettle,0.0,wiski
W35022002,,,,,Kettle,0.0,wiski
W35022001,,,,,Kettle,0.0,wiski
W36040001,,,,,SnakeSE,0.0,wiski
W35039004,,,,,Kettle,0.0,wiski
W35039002,,,,,Kettle,0.0,wiski
W35039003,,,,,Kettle,0.0,wiski
W35039005,,,,,Kettle,0.0,wiski
W37028002,,,,,,0.0,wiski
W37015001,,,,,,0.0,wiski
H35035001,,,,,Kettle,0.0,wiski
W35057003,,,,,Kettle,0.0,wiski
W35057001,,,,,Kettle,0.0,wiski
W36068004,,,,,SnakeSE,0.0,wiski
W34011001,,,,,Kettle,0.0,wiski
W36060001,,,,,SnakeSE,0.0,wiski
W34036001,,,,,Kettle,0.0,wiski
W34017002,,,,,Kettle,0.0,wiski
W34007001,,,,,Kettle,0.0,wiski
W34006002,,,,,Kettle,0.0,wiski
W34006003,,,,,Kettle,0.0,wiski
W34017001,,,,,Kettle,0.0,wiski
W34024001,,,,,Kettle,0.0,wiski
H36061002,,,,,SnakeSE,0.0,wiski
W36061003,,,,,SnakeSE,0.0,wiski
W36055001,,,,,SnakeSE,0.0,wiski
W36005001,,,,,SnakeSE,0.0,wiski
W36036001,,,,,SnakeSE,0.0,wiski
W36076002,,,,,SnakeSE,0.0,wiski
W36076003,,,,,SnakeSE,0.0,wiski
W36003001,,,,,SnakeSE,0.0,wiski
W36061005,,,,,SnakeSE,0.0,wiski
W36063003,,,,,SnakeSE,0.0,wiski
W36032001,,,,,SnakeSE,0.0,wiski
W35038002,,,,,Kettle,0.0,wiski
W35038004,,,,,Kettle,0.0,wiski
W37043002,,,,,,0.0,wiski
W35006003,,,,,Kettle,0.0,wiski
W35006002,,,,,Kettle,0.0,wiski
W35069002,,,,,Kettle,0.0,wiski
W35069004,,,,,Kettle,0.0,wiski
H37048001,,,,,,0.0,wiski
W37035002,,,,,,0.0,wiski
H37040001,,,,,,0.0,wiski
H37041001,,,,,,0.0,wiski
H37052001,,,,,,0.0,wiski
H37044002,,,,,,0.0,wiski
H37052003,,,,,,0.0,wiski
H37052002,,,,,,0.0,wiski
W37030003,,,,,,0.0,wiski
W37041003,,,,,,0.0,wiski
H37043001,,,,,,0.0,wiski
W34041003,,,,,Kettle,0.0,wiski
W34036003,,,,,Kettle,0.0,wiski
W37069001,,,,,,0.0,wiski
L58026200,,,,,Kettle,0.0,wiski
W34041004,,,,,Kettle,0.0,wiski
W34041001,,,,,Kettle,0.0,wiski
W34041005,,,,,Kettle,0.0,wiski
W37064001,,,,,,0.0,wiski
W37064002,,,,,,0.0,wiski
W37067003,,,,,,0.0,wiski
W37040002,,,,,,0.0,wiski
W34014002,,,,,Kettle,0.0,wiski
W34020001,,,,,Kettle,0.0,wiski
W35049003,,,,,Kettle,0.0,wiski
H35049004,,,,,Kettle,0.0,wiski
W35043001,,,,,Kettle,0.0,wiski
W35049002,,,,,Kettle,0.0,wiski
W34015002,,,,,Kettle,0.0,wiski
W34015004,,,,,Kettle,0.0,wiski
W34015001,,,,,Kettle,0.0,wiski
W34015003,,,,,Kettle,0.0,wiski
H04040001,,,,,StLouisCloquet,0.0,wiski
W03009011,,,,,StLouisCloquet,0.0,wiski
W03009004,,,,,StLouisCloquet,0.0,wiski
W03009005,,,,,StLouisCloquet,0.0,wiski
W03009006,,,,,StLouisCloquet,0.0,wiski
W03009027,,,,,StLouisCloquet,0.0,wiski
W03009018,,,,,StLouisCloquet,0.0,wiski
W03009014,,,,,StLouisCloquet,0.0,wiski
W03038001,,,,,StLouisCloquet,0.0,wiski
W03025001,,,,,StLouisCloquet,0.0,wiski
H03123001,,,,,StLouisCloquet,0.0,wiski
W03123002,,,,,StLouisCloquet,0.0,wiski
H03160001,,,,,StLouisCloquet,0.0,wiski
W04049006,,,,,StLouisCloquet,0.0,wiski
W04049008,,,,,StLouisCloquet,0.0,wiski
W04049007,,,,,StLouisCloquet,0.0,wiski
W04049005,,,,,StLouisCloquet,0.0,wiski
W04049004,,,,,StLouisCloquet,0.0,wiski
W04049009,,,,,StLouisCloquet,0.0,wiski
W04049010,,,,,StLouisCloquet,0.0,wiski
W04049002,,,,,StLouisCloquet,0.0,wiski
W04049001,,,,,StLouisCloquet,0.0,wiski
W04049003,,,,,StLouisCloquet,0.0,wiski
W02007009,,,,,SuperiorSouth,0.0,wiski
W02007006,,,,,SuperiorSouth,0.0,wiski
W02007008,,,,,SuperiorSouth,0.0,wiski
W02007007,,,,,SuperiorSouth,0.0,wiski
W02007002,,,,,SuperiorSouth,0.0,wiski
W04021001,,,,,StLouisCloquet,0.0,wiski
W04021003,,,,,StLouisCloquet,0.0,wiski
W04021002,,,,,StLouisCloquet,0.0,wiski
W04026002,,,,,StLouisCloquet,0.0,wiski
W04036001,,,,,StLouisCloquet,0.0,wiski
W04036003,,,,,StLouisCloquet,0.0,wiski
W04026001,,,,,StLouisCloquet,0.0,wiski
H04035001,,,,,StLouisCloquet,0.0,wiski
W04002002,,,,,StLouisCloquet,0.0,wiski
W04002005,,,,,StLouisCloquet,0.0,wiski
W04002001,,,,,StLouisCloquet,0.0,wiski
W04002003,,,,,StLouisCloquet,0.0,wiski
W03163025,,,,,StLouisCloquet,0.0,wiski
W03163027,,,,,StLouisCloquet,0.0,wiski
W03163026,,,,,StLouisCloquet,0.0,wiski
W03163029,,,,,StLouisCloquet,0.0,wiski
W03163020,,,,,StLouisCloquet,0.0,wiski
W03163024,,,,,StLouisCloquet,0.0,wiski
W03163021,,,,,StLouisCloquet,0.0,wiski
W03163022,,,,,StLouisCloquet,0.0,wiski
W03163023,,,,,StLouisCloquet,0.0,wiski
W03163028,,,,,StLouisCloquet,0.0,wiski
W03163001,,,,,StLouisCloquet,0.0,wiski
W03163002,,,,,StLouisCloquet,0.0,wiski
W03163003,,,,,StLouisCloquet,0.0,wiski
W03163014,,,,,StLouisCloquet,0.0,wiski
W04041003,,,,,StLouisCloquet,0.0,wiski
W04041002,,,,,StLouisCloquet,0.0,wiski
W04041004,,,,,StLouisCloquet,0.0,wiski
W04041001,,,,,StLouisCloquet,0.0,wiski
W04043006,,,,,StLouisCloquet,0.0,wiski
W04043005,,,,,StLouisCloquet,0.0,wiski
W04043001,,,,,StLouisCloquet,0.0,wiski
W04043002,,,,,StLouisCloquet,0.0,wiski
W04043003,,,,,StLouisCloquet,0.0,wiski
W04043004,,,,,StLouisCloquet,0.0,wiski
W04029001,,,,,StLouisCloquet,0.0,wiski
W04029005,,,,,StLouisCloquet,0.0,wiski
W04029003,,,,,StLouisCloquet,0.0,wiski
W04023001,,,,,StLouisCloquet,0.0,wiski
W04045004,,,,,StLouisCloquet,0.0,wiski
W04042006,,,,,StLouisCloquet,0.0,wiski
W04048004,,,,,StLouisCloquet,0.0,wiski
W04040002,,,,,StLouisCloquet,0.0,wiski
W04045007,,,,,StLouisCloquet,0.0,wiski
W04033002,,,,,StLouisCloquet,0.0,wiski
W04006001,,,,,StLouisCloquet,0.0,wiski
W04045006,,,,,StLouisCloquet,0.0,wiski
H04045001,,,,,StLouisCloquet,0.0,wiski
W04012002,,,,,StLouisCloquet,0.0,wiski
W04048003,,,,,StLouisCloquet,0.0,wiski
W04042002,,,,,StLouisCloquet,0.0,wiski
W04048002,,,,,StLouisCloquet,0.0,wiski
W04042003,,,,,StLouisCloquet,0.0,wiski
W04045002,,,,,StLouisCloquet,0.0,wiski
W04046001,,,,,StLouisCloquet,0.0,wiski
W04045005,,,,,StLouisCloquet,0.0,wiski
W04045003,,,,,StLouisCloquet,0.0,wiski
W04024001,,,,,StLouisCloquet,0.0,wiski
W04033001,,,,,StLouisCloquet,0.0,wiski
W04009001,,,,,StLouisCloquet,0.0,wiski
W03163015,,,,,StLouisCloquet,0.0,wiski
W03163005,,,,,StLouisCloquet,0.0,wiski
W03163016,,,,,StLouisCloquet,0.0,wiski
W03163004,,,,,StLouisCloquet,0.0,wiski
W03188005,,,,,StLouisCloquet,0.0,wiski
W03188003,,,,,StLouisCloquet,0.0,wiski
W03188006,,,,,StLouisCloquet,0.0,wiski
W03188004,,,,,StLouisCloquet,0.0,wiski
W03015003,,,,,StLouisCloquet,0.0,wiski
H03122001,,,,,StLouisCloquet,0.0,wiski
W03122002,,,,,StLouisCloquet,0.0,wiski
W04016006,,,,,StLouisCloquet,0.0,wiski
W03015006,,,,,StLouisCloquet,0.0,wiski
W03015005,,,,,StLouisCloquet,0.0,wiski
W03015007,,,,,StLouisCloquet,0.0,wiski
W03015014,,,,,StLouisCloquet,0.0,wiski
W03015001,,,,,StLouisCloquet,0.0,wiski
W03124002,,,,,StLouisCloquet,0.0,wiski
W03124003,,,,,StLouisCloquet,0.0,wiski
H03124001,,,,,StLouisCloquet,0.0,wiski
H03084003,,,,,StLouisCloquet,0.0,wiski
H03117001,,,,,StLouisCloquet,0.0,wiski
H03134001,,,,,StLouisCloquet,0.0,wiski
W03116003,,,,,StLouisCloquet,0.0,wiski
W03116002,,,,,StLouisCloquet,0.0,wiski
W03009021,,,,,StLouisCloquet,0.0,wiski
W03009012,,,,,StLouisCloquet,0.0,wiski
W03009007,,,,,StLouisCloquet,0.0,wiski
W03009016,,,,,StLouisCloquet,0.0,wiski
W03009017,,,,,StLouisCloquet,0.0,wiski
W03009008,,,,,StLouisCloquet,0.0,wiski
W03113001,,,,,StLouisCloquet,0.0,wiski
W03136001,,,,,StLouisCloquet,0.0,wiski
W03136002,,,,,StLouisCloquet,0.0,wiski
H03156001,,,,,StLouisCloquet,0.0,wiski
W03153004,,,,,StLouisCloquet,0.0,wiski
W03157001,,,,,StLouisCloquet,0.0,wiski
H03137002,,,,,StLouisCloquet,0.0,wiski
W03163030,,,,,StLouisCloquet,0.0,wiski
H03152001,,,,,StLouisCloquet,0.0,wiski
H04052001,,,,,StLouisCloquet,0.0,wiski
H03033001,,,,,StLouisCloquet,0.0,wiski
W03176003,,,,,StLouisCloquet,0.0,wiski
W03176002,,,,,StLouisCloquet,0.0,wiski
H03188001,,,,,StLouisCloquet,0.0,wiski
W03011018,,,,,StLouisCloquet,0.0,wiski
W03011012,,,,,StLouisCloquet,0.0,wiski
W03011020,,,,,StLouisCloquet,0.0,wiski
W03011021,,,,,StLouisCloquet,0.0,wiski
W03011016,,,,,StLouisCloquet,0.0,wiski
W03011013,,,,,StLouisCloquet,0.0,wiski
W03011017,,,,,StLouisCloquet,0.0,wiski
W03011010,,,,,StLouisCloquet,0.0,wiski
W03011011,,,,,StLouisCloquet,0.0,wiski
W03011007,,,,,StLouisCloquet,0.0,wiski
W03011008,,,,,StLouisCloquet,0.0,wiski
W03011006,,,,,StLouisCloquet,0.0,wiski
W03011003,,,,,StLouisCloquet,0.0,wiski
W03011001,,,,,StLouisCloquet,0.0,wiski
W03011002,,,,,StLouisCloquet,0.0,wiski
W03011014,,,,,StLouisCloquet,0.0,wiski
W03011009,,,,,StLouisCloquet,0.0,wiski
W03011004,,,,,StLouisCloquet,0.0,wiski
W03011005,,,,,StLouisCloquet,0.0,wiski
W03011015,,,,,StLouisCloquet,0.0,wiski
W04028007,,,,,StLouisCloquet,0.0,wiski
W04028002,,,,,StLouisCloquet,0.0,wiski
W04028004,,,,,StLouisCloquet,0.0,wiski
W04028001,,,,,StLouisCloquet,0.0,wiski
W04028008,,,,,StLouisCloquet,0.0,wiski
W04028003,,,,,StLouisCloquet,0.0,wiski
W04028005,,,,,StLouisCloquet,0.0,wiski
W04012003,,,,,StLouisCloquet,0.0,wiski
W04032008,,,,,StLouisCloquet,0.0,wiski
W04032007,,,,,StLouisCloquet,0.0,wiski
W04032010,,,,,StLouisCloquet,0.0,wiski
W04032009,,,,,StLouisCloquet,0.0,wiski
W04032004,,,,,StLouisCloquet,0.0,wiski
W04032001,,,,,StLouisCloquet,0.0,wiski
W04032006,,,,,StLouisCloquet,0.0,wiski
W04032003,,,,,StLouisCloquet,0.0,wiski
W04032002,,,,,StLouisCloquet,0.0,wiski
W04010003,,,,,StLouisCloquet,0.0,wiski
W04010002,,,,,StLouisCloquet,0.0,wiski
W04010001,,,,,StLouisCloquet,0.0,wiski
H04039001,,,,,StLouisCloquet,0.0,wiski
H03058001,,,,,StLouisCloquet,0.0,wiski
W04016001,,,,,StLouisCloquet,0.0,wiski
W04016002,,,,,StLouisCloquet,0.0,wiski
W03015008,,,,,StLouisCloquet,0.0,wiski
W03015013,,,,,StLouisCloquet,0.0,wiski
W03189030,,,,,StLouisCloquet,0.0,wiski
W03189029,,,,,StLouisCloquet,0.0,wiski
W03189028,,,,,StLouisCloquet,0.0,wiski
W03189032,,,,,StLouisCloquet,0.0,wiski
W03189034,,,,,StLouisCloquet,0.0,wiski
W03189026,,,,,StLouisCloquet,0.0,wiski
W03189035,,,,,StLouisCloquet,0.0,wiski
W03189020,,,,,StLouisCloquet,0.0,wiski
W03189022,,,,,StLouisCloquet,0.0,wiski
W03189019,,,,,StLouisCloquet,0.0,wiski
W03189027,,,,,StLouisCloquet,0.0,wiski
W03189031,,,,,StLouisCloquet,0.0,wiski
W03189018,,,,,StLouisCloquet,0.0,wiski
W03189033,,,,,StLouisCloquet,0.0,wiski
W03189024,,,,,StLouisCloquet,0.0,wiski
W03189021,,,,,StLouisCloquet,0.0,wiski
W03189016,,,,,StLouisCloquet,0.0,wiski
W03189036,,,,,StLouisCloquet,0.0,wiski
W03189004,,,,,StLouisCloquet,0.0,wiski
W03189005,,,,,StLouisCloquet,0.0,wiski
W03189017,,,,,StLouisCloquet,0.0,wiski
W03189006,,,,,StLouisCloquet,0.0,wiski
W03189008,,,,,StLouisCloquet,0.0,wiski
W03189025,,,,,StLouisCloquet,0.0,wiski
W03189007,,,,,StLouisCloquet,0.0,wiski
W03186003,,,,,StLouisCloquet,0.0,wiski
W03186004,,,,,StLouisCloquet,0.0,wiski
W03186005,,,,,StLouisCloquet,0.0,wiski
W03186011,,,,,StLouisCloquet,0.0,wiski
W03186013,,,,,StLouisCloquet,0.0,wiski
W03186012,,,,,StLouisCloquet,0.0,wiski
W03186007,,,,,StLouisCloquet,0.0,wiski
W03186006,,,,,StLouisCloquet,0.0,wiski
W03186008,,,,,StLouisCloquet,0.0,wiski
W03186001,,,,,StLouisCloquet,0.0,wiski
W03186002,,,,,StLouisCloquet,0.0,wiski
W03186010,,,,,StLouisCloquet,0.0,wiski
W03186009,,,,,StLouisCloquet,0.0,wiski
W03189009,,,,,StLouisCloquet,0.0,wiski
W03189011,,,,,StLouisCloquet,0.0,wiski
W03189010,,,,,StLouisCloquet,0.0,wiski
W04018001,,,,,StLouisCloquet,0.0,wiski
W04013001,,,,,StLouisCloquet,0.0,wiski
W04046004,,,,,StLouisCloquet,0.0,wiski
W04037001,,,,,StLouisCloquet,0.0,wiski
W04015001,,,,,StLouisCloquet,0.0,wiski
W03177003,,,,,StLouisCloquet,0.0,wiski
W03177001,,,,,StLouisCloquet,0.0,wiski
W03177002,,,,,StLouisCloquet,0.0,wiski
W03121001,,,,,StLouisCloquet,0.0,wiski
H03114001,,,,,StLouisCloquet,0.0,wiski
L69065300001,,,,,StLouisCloquet,0.0,wiski
H03134004,,,,,StLouisCloquet,0.0,wiski
W04024002,,,,,StLouisCloquet,0.0,wiski
W04046002,,,,,StLouisCloquet,0.0,wiski
W04046005,,,,,StLouisCloquet,0.0,wiski
W04033003,,,,,StLouisCloquet,0.0,wiski
W03130002,,,,,StLouisCloquet,0.0,wiski
H03130001,,,,,StLouisCloquet,0.0,wiski
W03163009,,,,,StLouisCloquet,0.0,wiski
W03163010,,,,,StLouisCloquet,0.0,wiski
W03163008,,,,,StLouisCloquet,0.0,wiski
W03163012,,,,,StLouisCloquet,0.0,wiski
W03163006,,,,,StLouisCloquet,0.0,wiski
W03163007,,,,,StLouisCloquet,0.0,wiski
W03164020,,,,,StLouisCloquet,0.0,wiski
W03164030,,,,,StLouisCloquet,0.0,wiski
W03164019,,,,,StLouisCloquet,0.0,wiski
W03164027,,,,,StLouisCloquet,0.0,wiski
W03164023,,,,,StLouisCloquet,0.0,wiski
W03164022,,,,,StLouisCloquet,0.0,wiski
W03164016,,,,,StLouisCloquet,0.0,wiski
W03164013,,,,,StLouisCloquet,0.0,wiski
W03164012,,,,,StLouisCloquet,0.0,wiski
W03164014,,,,,StLouisCloquet,0.0,wiski
W03164015,,,,,StLouisCloquet,0.0,wiski
W03009020,,,,,StLouisCloquet,0.0,wiski
W03009024,,,,,StLouisCloquet,0.0,wiski
W03009025,,,,,StLouisCloquet,0.0,wiski
W03009026,,,,,StLouisCloquet,0.0,wiski
W03173014,,,,,StLouisCloquet,0.0,wiski
W03173016,,,,,StLouisCloquet,0.0,wiski
W03164029,,,,,StLouisCloquet,0.0,wiski
W03162017,,,,,StLouisCloquet,0.0,wiski
W03164008,,,,,StLouisCloquet,0.0,wiski
W03164028,,,,,StLouisCloquet,0.0,wiski
W03164009,,,,,StLouisCloquet,0.0,wiski
W03173013,,,,,StLouisCloquet,0.0,wiski
W03173010,,,,,StLouisCloquet,0.0,wiski
W03173009,,,,,StLouisCloquet,0.0,wiski
W03173008,,,,,StLouisCloquet,0.0,wiski
W03173007,,,,,StLouisCloquet,0.0,wiski
W03173012,,,,,StLouisCloquet,0.0,wiski
W03173002,,,,,StLouisCloquet,0.0,wiski
W03173001,,,,,StLouisCloquet,0.0,wiski
W03164025,,,,,StLouisCloquet,0.0,wiski
W03009015,,,,,StLouisCloquet,0.0,wiski
W03164017,,,,,StLouisCloquet,0.0,wiski
W03164018,,,,,StLouisCloquet,0.0,wiski
W03009013,,,,,StLouisCloquet,0.0,wiski
W03173015,,,,,StLouisCloquet,0.0,wiski
W03173003,,,,,StLouisCloquet,0.0,wiski
W03164006,,,,,StLouisCloquet,0.0,wiski
W03164007,,,,,StLouisCloquet,0.0,wiski
W03164026,,,,,StLouisCloquet,0.0,wiski
W03164004,,,,,StLouisCloquet,0.0,wiski
W03164002,,,,,StLouisCloquet,0.0,wiski
W03164003,,,,,StLouisCloquet,0.0,wiski
W03173005,,,,,StLouisCloquet,0.0,wiski
W03009010,,,,,StLouisCloquet,0.0,wiski
W03009003,,,,,StLouisCloquet,0.0,wiski
W03173006,,,,,StLouisCloquet,0.0,wiski
W03173004,,,,,StLouisCloquet,0.0,wiski
W03009009,,,,,StLouisCloquet,0.0,wiski
W03009001,,,,,StLouisCloquet,0.0,wiski
W03009002,,,,,StLouisCloquet,0.0,wiski
W03164005,,,,,StLouisCloquet,0.0,wiski
W03164001,,,,,StLouisCloquet,0.0,wiski
W03464011,,,,,StLouisCloquet,0.0,wiski
W03001004,,,,,StLouisCloquet,0.0,wiski
W03001007,,,,,StLouisCloquet,0.0,wiski
W03001014,,,,,StLouisCloquet,0.0,wiski
W03001006,,,,,StLouisCloquet,0.0,wiski
W03001013,,,,,StLouisCloquet,0.0,wiski
H03001011,,,,,StLouisCloquet,0.0,wiski
W03001015,,,,,StLouisCloquet,0.0,wiski
W03010001,,,,,StLouisCloquet,0.0,wiski
W03010002,,,,,StLouisCloquet,0.0,wiski
W04017001,,,,,StLouisCloquet,0.0,wiski
W03112002,,,,,StLouisCloquet,0.0,wiski
W03108001,,,,,StLouisCloquet,0.0,wiski
W04004003,,,,,StLouisCloquet,0.0,wiski
W04004002,,,,,StLouisCloquet,0.0,wiski
W04004001,,,,,StLouisCloquet,0.0,wiski
W04059001,,,,,StLouisCloquet,0.0,wiski
H03101001,,,,,StLouisCloquet,0.0,wiski
W03175009,,,,,StLouisCloquet,0.0,wiski
W03175003,,,,,StLouisCloquet,0.0,wiski
W03175005,,,,,StLouisCloquet,0.0,wiski
W03175007,,,,,StLouisCloquet,0.0,wiski
W03175006,,,,,StLouisCloquet,0.0,wiski
W03175004,,,,,StLouisCloquet,0.0,wiski
W03175002,,,,,StLouisCloquet,0.0,wiski
W03175008,,,,,StLouisCloquet,0.0,wiski
W03092001,,,,,StLouisCloquet,0.0,wiski
W03133005,,,,,StLouisCloquet,0.0,wiski
W03133003,,,,,StLouisCloquet,0.0,wiski
W03133004,,,,,StLouisCloquet,0.0,wiski
E03147001,,,,,StLouisCloquet,0.0,wiski
E03149001,,,,,StLouisCloquet,0.0,wiski
H03155003,,,,,StLouisCloquet,0.0,wiski
H03155004,,,,,StLouisCloquet,0.0,wiski
W03123003,,,,,StLouisCloquet,0.0,wiski
W04056001,,,,,StLouisCloquet,0.0,wiski
W04014001,,,,,StLouisCloquet,0.0,wiski
W04014002,,,,,StLouisCloquet,0.0,wiski
W04014004,,,,,StLouisCloquet,0.0,wiski
W04014005,,,,,StLouisCloquet,0.0,wiski
W03166006,,,,,StLouisCloquet,0.0,wiski
W03166008,,,,,StLouisCloquet,0.0,wiski
W03166007,,,,,StLouisCloquet,0.0,wiski
W03166012,,,,,StLouisCloquet,0.0,wiski
W03166017,,,,,StLouisCloquet,0.0,wiski
W03166016,,,,,StLouisCloquet,0.0,wiski
W03166004,,,,,StLouisCloquet,0.0,wiski
W03166011,,,,,StLouisCloquet,0.0,wiski
W03166005,,,,,StLouisCloquet,0.0,wiski
W03166002,,,,,StLouisCloquet,0.0,wiski
W03166003,,,,,StLouisCloquet,0.0,wiski
W03166013,,,,,StLouisCloquet,0.0,wiski
W03166015,,,,,StLouisCloquet,0.0,wiski
W03166010,,,,,StLouisCloquet,0.0,wiski
W03166009,,,,,StLouisCloquet,0.0,wiski
W03166014,,,,,StLouisCloquet,0.0,wiski
W03015004,,,,,StLouisCloquet,0.0,wiski
W03015011,,,,,StLouisCloquet,0.0,wiski
W03015015,,,,,StLouisCloquet,0.0,wiski
W03015010,,,,,StLouisCloquet,0.0,wiski
W03015002,,,,,StLouisCloquet,0.0,wiski
W03015012,,,,,StLouisCloquet,0.0,wiski
W04045008,,,,,StLouisCloquet,0.0,wiski
W03162003,,,,,StLouisCloquet,0.0,wiski
W03161024,,,,,StLouisCloquet,0.0,wiski
W03161021,,,,,StLouisCloquet,0.0,wiski
W03164010,,,,,StLouisCloquet,0.0,wiski
W03161015,,,,,StLouisCloquet,0.0,wiski
W03161017,,,,,StLouisCloquet,0.0,wiski
W03161016,,,,,StLouisCloquet,0.0,wiski
W03161019,,,,,StLouisCloquet,0.0,wiski
W03161018,,,,,StLouisCloquet,0.0,wiski
W03161020,,,,,StLouisCloquet,0.0,wiski
W03162016,,,,,StLouisCloquet,0.0,wiski
W03162006,,,,,StLouisCloquet,0.0,wiski
W03161012,,,,,StLouisCloquet,0.0,wiski
W03162005,,,,,StLouisCloquet,0.0,wiski
W03162004,,,,,StLouisCloquet,0.0,wiski
W03161009,,,,,StLouisCloquet,0.0,wiski
W03161006,,,,,StLouisCloquet,0.0,wiski
W03161008,,,,,StLouisCloquet,0.0,wiski
W03161007,,,,,StLouisCloquet,0.0,wiski
W03161001,,,,,StLouisCloquet,0.0,wiski
W03161002,,,,,StLouisCloquet,0.0,wiski
W03161004,,,,,StLouisCloquet,0.0,wiski
W03162001,,,,,StLouisCloquet,0.0,wiski
W03161003,,,,,StLouisCloquet,0.0,wiski
W03162002,,,,,StLouisCloquet,0.0,wiski
W03161010,,,,,StLouisCloquet,0.0,wiski
W03161013,,,,,StLouisCloquet,0.0,wiski
W03161014,,,,,StLouisCloquet,0.0,wiski
W03161005,,,,,StLouisCloquet,0.0,wiski
W03162009,,,,,StLouisCloquet,0.0,wiski
W03162010,,,,,StLouisCloquet,0.0,wiski
W03162008,,,,,StLouisCloquet,0.0,wiski
W04017002,,,,,StLouisCloquet,0.0,wiski
W03077003,,,,,StLouisCloquet,0.0,wiski
W03077004,,,,,StLouisCloquet,0.0,wiski
W03077002,,,,,StLouisCloquet,0.0,wiski
W03077001,,,,,StLouisCloquet,0.0,wiski
W03190006,,,,,StLouisCloquet,0.0,wiski
W03190005,,,,,StLouisCloquet,0.0,wiski
W03190007,,,,,StLouisCloquet,0.0,wiski
W03190002,,,,,StLouisCloquet,0.0,wiski
W03190004,,,,,StLouisCloquet,0.0,wiski
W03190001,,,,,StLouisCloquet,0.0,wiski
W03174007,,,,,StLouisCloquet,0.0,wiski
W03174006,,,,,StLouisCloquet,0.0,wiski
W04017003,,,,,StLouisCloquet,0.0,wiski
H03150002,,,,,StLouisCloquet,0.0,wiski
W03102002,,,,,StLouisCloquet,0.0,wiski
W03102003,,,,,StLouisCloquet,0.0,wiski
W03102001,,,,,StLouisCloquet,0.0,wiski
W03052001,,,,,StLouisCloquet,0.0,wiski
W03097002,,,,,StLouisCloquet,0.0,wiski
H03097001,,,,,StLouisCloquet,0.0,wiski
W03036004,,,,,StLouisCloquet,0.0,wiski
W03036003,,,,,StLouisCloquet,0.0,wiski
W03036002,,,,,StLouisCloquet,0.0,wiski
W03036001,,,,,StLouisCloquet,0.0,wiski
W04029004,,,,,StLouisCloquet,0.0,wiski
W04016003,,,,,StLouisCloquet,0.0,wiski
W04016004,,,,,StLouisCloquet,0.0,wiski
W04016005,,,,,StLouisCloquet,0.0,wiski
W03154002,,,,,StLouisCloquet,0.0,wiski
W03154003,,,,,StLouisCloquet,0.0,wiski
H03154001,,,,,StLouisCloquet,0.0,wiski
L69042800,,,,,StLouisCloquet,0.0,wiski
W03109001,,,,,StLouisCloquet,0.0,wiski
W03109002,,,,,StLouisCloquet,0.0,wiski
H03174004,,,,,StLouisCloquet,0.0,wiski
H03174003,,,,,StLouisCloquet,0.0,wiski
H03174005,,,,,StLouisCloquet,0.0,wiski
H03174002,,,,,StLouisCloquet,0.0,wiski
W03023001,,,,,StLouisCloquet,0.0,wiski
W03111002,,,,,StLouisCloquet,0.0,wiski
H03111001,,,,,StLouisCloquet,0.0,wiski
H03118001,,,,,StLouisCloquet,0.0,wiski
W03141001,,,,,StLouisCloquet,0.0,wiski
W03141002,,,,,StLouisCloquet,0.0,wiski
W03189012,,,,,StLouisCloquet,0.0,wiski
W03189014,,,,,StLouisCloquet,0.0,wiski
W03189013,,,,,StLouisCloquet,0.0,wiski
W03189015,,,,,StLouisCloquet,0.0,wiski
W03013004,,,,,StLouisCloquet,0.0,wiski
W03013005,,,,,StLouisCloquet,0.0,wiski
W03013003,,,,,StLouisCloquet,0.0,wiski
W04002004,,,,,StLouisCloquet,0.0,wiski
W04005001,,,,,StLouisCloquet,0.0,wiski
W04044001,,,,,StLouisCloquet,0.0,wiski
W04044004,,,,,StLouisCloquet,0.0,wiski
W04044002,,,,,StLouisCloquet,0.0,wiski
W04042005,,,,,StLouisCloquet,0.0,wiski
W04042004,,,,,StLouisCloquet,0.0,wiski
W04014003,,,,,StLouisCloquet,0.0,wiski
H03188002,,,,,StLouisCloquet,0.0,wiski
W04011001,,,,,StLouisCloquet,0.0,wiski
W02007003,,,,,SuperiorSouth,0.0,wiski
W03190003,,,,,StLouisCloquet,0.0,wiski
H03158001,,,,,StLouisCloquet,0.0,wiski
H03134003,,,,,StLouisCloquet,0.0,wiski
H03153003,,,,,StLouisCloquet,0.0,wiski
H03187001,,,,,StLouisCloquet,0.0,wiski
H03133002,,,,,StLouisCloquet,0.0,wiski
H03149003,,,,,StLouisCloquet,0.0,wiski
W04027005,,,,,StLouisCloquet,0.0,wiski
W04030001,,,,,StLouisCloquet,0.0,wiski
W04027002,,,,,StLouisCloquet,0.0,wiski
W04027003,,,,,StLouisCloquet,0.0,wiski
W04027001,,,,,StLouisCloquet,0.0,wiski
W04038001,,,,,StLouisCloquet,0.0,wiski
W04027006,,,,,StLouisCloquet,0.0,wiski
W04038006,,,,,StLouisCloquet,0.0,wiski
W04038007,,,,,StLouisCloquet,0.0,wiski
W04038005,,,,,StLouisCloquet,0.0,wiski
W04038002,,,,,StLouisCloquet,0.0,wiski
W04027004,,,,,StLouisCloquet,0.0,wiski
W04038003,,,,,StLouisCloquet,0.0,wiski
W03079001,,,,,StLouisCloquet,0.0,wiski
W04018002,,,,,StLouisCloquet,0.0,wiski
W03107001,,,,,StLouisCloquet,0.0,wiski
W03106001,,,,,StLouisCloquet,0.0,wiski
W04022001,,,,,StLouisCloquet,0.0,wiski
W03131001,,,,,StLouisCloquet,0.0,wiski
W03187003,,,,,StLouisCloquet,0.0,wiski
H03187002,,,,,StLouisCloquet,0.0,wiski
H03119003,,,,,StLouisCloquet,0.0,wiski
W03166001,,,,,StLouisCloquet,0.0,wiski
H03094002,,,,,StLouisCloquet,0.0,wiski
W03071001,,,,,StLouisCloquet,0.0,wiski
W03094004,,,,,StLouisCloquet,0.0,wiski
H03094001,,,,,StLouisCloquet,0.0,wiski
W03094003,,,,,StLouisCloquet,0.0,wiski
W03055002,,,,,StLouisCloquet,0.0,wiski
W03059002,,,,,StLouisCloquet,0.0,wiski
W03059001,,,,,StLouisCloquet,0.0,wiski
W04007001,,,,,StLouisCloquet,0.0,wiski
H04055001,,,,,StLouisCloquet,0.0,wiski
W04020001,,,,,StLouisCloquet,0.0,wiski
W03148005,,,,,StLouisCloquet,0.0,wiski
W03148012,,,,,StLouisCloquet,0.0,wiski
W03148007,,,,,StLouisCloquet,0.0,wiski
W03148014,,,,,StLouisCloquet,0.0,wiski
W03148011,,,,,StLouisCloquet,0.0,wiski
W03148004,,,,,StLouisCloquet,0.0,wiski
W03148009,,,,,StLouisCloquet,0.0,wiski
W03148008,,,,,StLouisCloquet,0.0,wiski
W03148006,,,,,StLouisCloquet,0.0,wiski
W03148013,,,,,StLouisCloquet,0.0,wiski
W03148002,,,,,StLouisCloquet,0.0,wiski
W03148003,,,,,StLouisCloquet,0.0,wiski
W43023002,,,,,Root,0.0,wiski
W43023001,,,,,Root,0.0,wiski
W41054001,,,,,Zumbro,0.0,wiski
W41051002,,,,,Zumbro,0.0,wiski
W41051003,,,,,Zumbro,0.0,wiski
W41051004,,,,,Zumbro,0.0,wiski
W43078002,,,,,Root,0.0,wiski
W43078001,,,,,Root,0.0,wiski
W41052001,,,,,Zumbro,0.0,wiski
W43075001,,,,,Root,0.0,wiski
W40026001,197.0,197,,,MissWinona,0.0,wiski
W40015002,,,,,MissWinona,0.0,wiski
W43024001,,,,,Root,0.0,wiski
W39005001,,,,,Cannon,0.0,wiski
W39007001,,,,,Cannon,0.0,wiski
W43044002,,,,,Root,0.0,wiski
W43044001,,,,,Root,0.0,wiski
W40003001,247.0,247,,,MissWinona,0.0,wiski
W40003002,,,,,MissWinona,0.0,wiski
H43020002,,,,,Root,0.0,wiski
W38008001,132.0,132,,,PepinTribs,0.0,wiski
W40043004,,,,,MissWinona,0.0,wiski
W40043003,235.0,235,,,MissWinona,0.0,wiski
W39009001,,,,,Cannon,0.0,wiski
W43009001,,,,,Root,0.0,wiski
W43024002,,,,,Root,0.0,wiski
W43062002,,,,,Root,0.0,wiski
W43060001,,,,,Root,0.0,wiski
W43062001,,,,,Root,0.0,wiski
W43060002,,,,,Root,0.0,wiski
W43004001,,,,,Root,0.0,wiski
W43068001,,,,,Root,0.0,wiski
W39100001,,,,,Cannon,0.0,wiski
W39029001,,,,,Cannon,0.0,wiski
W39069003,,,,,Cannon,0.0,wiski
H39069001,,,,,Cannon,0.0,wiski
W39103007,,,,,Cannon,0.0,wiski
W39001001,,,,,Cannon,0.0,wiski
W39091002,,,,,Cannon,0.0,wiski
W39019001,,,,,Cannon,0.0,wiski
W41065001,,,,,Zumbro,0.0,wiski
W41065003,,,,,Zumbro,0.0,wiski
W41065004,,,,,Zumbro,0.0,wiski
W40004002,,,,,MissWinona,0.0,wiski
W39112002,,,,,Cannon,0.0,wiski
W39110001,,,,,Cannon,0.0,wiski
W39112001,,,,,Cannon,0.0,wiski
W38003003,121.0,121,,,PepinTribs,0.0,wiski
W41029004,12.0,12,,,Zumbro,0.0,wiski
W41029006,12.0,12,,,Zumbro,0.0,wiski
W41029005,12.0,12,,,Zumbro,0.0,wiski
W41029001,12.0,12,,,Zumbro,0.0,wiski
W41029002,12.0,12,,,Zumbro,0.0,wiski
W41029003,12.0,12,,,Zumbro,0.0,wiski
W43041001,,,,,Root,0.0,wiski
W43096002,,,,,Root,0.0,wiski
W43096001,,,,,Root,0.0,wiski
W39038002,,,,,Cannon,0.0,wiski
W40040002,30.0,30,,,MissWinona,0.0,wiski
W40040001,,,,,MissWinona,0.0,wiski
W43014001,,,,,Root,0.0,wiski
W42004002,,,,,MissWinona,0.0,wiski
W43019001,,,,,Root,0.0,wiski
W43074001,,,,,Root,0.0,wiski
W39090001,,,,,Cannon,0.0,wiski
W43038002,,,,,Root,0.0,wiski
W43038001,,,,,Root,0.0,wiski
W41081002,,,,,Zumbro,0.0,wiski
W41089003,,,,,Zumbro,0.0,wiski
W41089001,,,,,Zumbro,0.0,wiski
W41089002,,,,,Zumbro,0.0,wiski
W41081001,,,,,Zumbro,0.0,wiski
W40031001,71.0,71,,,MissWinona,0.0,wiski
W43048005,,,,,Root,0.0,wiski
W43048001,,,,,Root,0.0,wiski
W40014003,,,,,MissWinona,0.0,wiski
W40014002,,,,,MissWinona,0.0,wiski
W40014004,,,,,MissWinona,0.0,wiski
SP00088,,,,,Root,0.0,wiski
W43069001,,,,,Root,0.0,wiski
W43111004,,,,,Root,0.0,wiski
W43111003,,,,,Root,0.0,wiski
W43071002,,,,,Root,0.0,wiski
W40029004,,,,,MissWinona,0.0,wiski
W40008003,215.0,215,,,MissWinona,0.0,wiski
W40008004,,,,,MissWinona,0.0,wiski
W40029003,,,,,MissWinona,0.0,wiski
H39106001,,,,,Cannon,0.0,wiski
W38016001,110.0,110,,,PepinTribs,0.0,wiski
W38016002,111.0,111,,,PepinTribs,0.0,wiski
W40033001,,,,,MissWinona,0.0,wiski
W40033002,,,,,MissWinona,0.0,wiski
W43047001,,,,,Root,0.0,wiski
W38012001,105.0,105,,,PepinTribs,0.0,wiski
W38004005,135.0,"136,141",,,PepinTribs,0.0,wiski
W38004006,138.0,138,,,PepinTribs,0.0,wiski
W38004002,137.0,138,,,PepinTribs,0.0,wiski
W38004001,136.0,136,,,PepinTribs,0.0,wiski
W39072001,,,,,Cannon,0.0,wiski
W39070002,,,,,Cannon,0.0,wiski
W39070001,,,,,Cannon,0.0,wiski
W43110001,,,,,Root,0.0,wiski
W43084001,,,,,Root,0.0,wiski
H39018001,,,,,Cannon,0.0,wiski
H39107002,,,,,Cannon,0.0,wiski
H39103004,,,,,Cannon,0.0,wiski
W39013001,,,,,Cannon,0.0,wiski
W39016002,,,,,Cannon,0.0,wiski
W39024002,,,,,Cannon,0.0,wiski
W39024001,,,,,Cannon,0.0,wiski
W39025004,,,,,Cannon,0.0,wiski
W39025002,,,,,Cannon,0.0,wiski
W39025003,,,,,Cannon,0.0,wiski
W40002001,,,,,MissWinona,0.0,wiski
W40037002,87.0,87,,,MissWinona,0.0,wiski
W40037003,,,,,MissWinona,0.0,wiski
W41040001,,,,,Zumbro,0.0,wiski
W43055001,,,,,Root,0.0,wiski
W39030001,,,,,Cannon,0.0,wiski
W39052001,,,,,Cannon,0.0,wiski
W43037001,,,,,Root,0.0,wiski
W39045001,,,,,Cannon,0.0,wiski
W43076002,,,,,Root,0.0,wiski
W43076003,,,,,Root,0.0,wiski
W43054002,,,,,Root,0.0,wiski
W41047001,,,,,Zumbro,0.0,wiski
W40038003,19.0,19,,,MissWinona,0.0,wiski
W40019003,50.0,50,,,MissWinona,0.0,wiski
W40018001,,,,,MissWinona,0.0,wiski
W40038001,19.0,18,,,MissWinona,0.0,wiski
W41015003,,,,,Zumbro,0.0,wiski
W41013002,,,,,Zumbro,0.0,wiski
W41013001,,,,,Zumbro,0.0,wiski
W41015002,,,,,Zumbro,0.0,wiski
W43080003,,,,,Root,0.0,wiski
W43080001,,,,,Root,0.0,wiski
W43080004,,,,,Root,0.0,wiski
W43094001,,,,,Root,0.0,wiski
W43080002,,,,,Root,0.0,wiski
W38018001,106.0,106,,,PepinTribs,0.0,wiski
W42006001,,,,,MissWinona,0.0,wiski
W43016001,,,,,Root,0.0,wiski
W43016002,,,,,Root,0.0,wiski
W43052001,,,,,Root,0.0,wiski
W43107001,,,,,Root,0.0,wiski
W40035003,,,,,MissWinona,0.0,wiski
W40017004,89.0,89,,,MissWinona,0.0,wiski
W40035005,,,,,MissWinona,0.0,wiski
W40035006,,,,,MissWinona,0.0,wiski
W40035004,,,,,MissWinona,0.0,wiski
W40034004,,,,,MissWinona,0.0,wiski
H41014001,,,,,Zumbro,0.0,wiski
W43099001,,,,,Root,0.0,wiski
W43079002,,,,,Root,0.0,wiski
W43098001,,,,,Root,0.0,wiski
W40017003,89.0,89,,,MissWinona,0.0,wiski
W40034002,,,,,MissWinona,0.0,wiski
W40034001,,,,,MissWinona,0.0,wiski
W38032005,,,,,,0.0,wiski
W38032004,,,,,,0.0,wiski
W40034003,,,,,MissWinona,0.0,wiski
W40035002,,,,,MissWinona,0.0,wiski
W40035001,,,,,MissWinona,0.0,wiski
W41006002,,,,,Zumbro,0.0,wiski
W43061001,,,,,Root,0.0,wiski
W42002004,,,,,MissWinona,0.0,wiski
W39017004,,,,,Cannon,0.0,wiski
W42001002,255.0,255,,,MissWinona,0.0,wiski
W42002003,259.0,259,,,MissWinona,0.0,wiski
W42002002,259.0,259,,,MissWinona,0.0,wiski
W42002001,255.0,255,,,MissWinona,0.0,wiski
W42001001,,,,,MissWinona,0.0,wiski
W42001003,,,,,MissWinona,0.0,wiski
W43042001,,,,,Root,0.0,wiski
W43041002,,,,,Root,0.0,wiski
W43041003,,,,,Root,0.0,wiski
W43042002,,,,,Root,0.0,wiski
W40005001,237.0,237,,,MissWinona,0.0,wiski
H39021001,,,,,Cannon,0.0,wiski
W39079002,,,,,Cannon,0.0,wiski
W39079001,,,,,Cannon,0.0,wiski
W43057001,,,,,Root,0.0,wiski
W43026002,,,,,Root,0.0,wiski
W43026001,,,,,Root,0.0,wiski
W43026004,,,,,Root,0.0,wiski
W43026003,,,,,Root,0.0,wiski
W40027001,199.0,199,,,MissWinona,0.0,wiski
W40010002,201.0,201,,,MissWinona,0.0,wiski
H43007001,,,,,Root,0.0,wiski
W43017003,,,,,Root,0.0,wiski
W43017002,,,,,Root,0.0,wiski
W43050002,,,,,Root,0.0,wiski
W43011002,,,,,Root,0.0,wiski
H43011001,,,,,Root,0.0,wiski
W42005002,,,,,MissWinona,0.0,wiski
W42005001,,,,,MissWinona,0.0,wiski
W43001003,,,,,Root,0.0,wiski
W43111005,,,,,Root,0.0,wiski
W43111001,,,,,Root,0.0,wiski
W43115001,,,,,Root,0.0,wiski
W43001002,,,,,Root,0.0,wiski
W41070002,,,,,Zumbro,0.0,wiski
W41079001,,,,,Zumbro,0.0,wiski
W38035002,,,,,,0.0,wiski
W38034007,,,,,,0.0,wiski
W41075001,,,,,Zumbro,0.0,wiski
W40023003,103.0,101,,,MissWinona,0.0,wiski
W40041001,93.0,93,,,MissWinona,0.0,wiski
W41083001,,,,,Zumbro,0.0,wiski
W41060001,,,,,Zumbro,0.0,wiski
W43035001,,,,,Root,0.0,wiski
W43005001,,,,,Root,0.0,wiski
W40032002,11.0,11,,,MissWinona,0.0,wiski
W43033001,,,,,Root,0.0,wiski
W41070001,,,,,Zumbro,0.0,wiski
W41085001,,,,,Zumbro,0.0,wiski
W43049002,,,,,Root,0.0,wiski
W43067003,,,,,Root,0.0,wiski
W38035001,,,,,,0.0,wiski
W38034003,,,,,,0.0,wiski
H38034004,,,,,,0.0,wiski
W38034005,,,,,,0.0,wiski
W38036001,,,,,,0.0,wiski
W38036002,,,,,,0.0,wiski
H38019004,,,,,,0.0,wiski
W38019006,,,,,,0.0,wiski
H38019005,,,,,,0.0,wiski
H38019003,,,,,,0.0,wiski
W43034004,,,,,Root,0.0,wiski
W43070001,,,,,Root,0.0,wiski
W43034002,,,,,Root,0.0,wiski
W43034003,,,,,Root,0.0,wiski
W40024003,109.0,107,,,MissWinona,0.0,wiski
W40024004,107.0,107,,,MissWinona,0.0,wiski
W40024006,113.0,113,,,MissWinona,0.0,wiski
W40024002,113.0,113,,,MissWinona,0.0,wiski
W40021002,97.0,97,,,MissWinona,0.0,wiski
W40023002,,,,,MissWinona,0.0,wiski
W40023001,101.0,101,,,MissWinona,0.0,wiski
W40021003,,,,,MissWinona,0.0,wiski
W41063003,,,,,Zumbro,0.0,wiski
W41049002,,,,,Zumbro,0.0,wiski
W40011001,203.0,203,,,MissWinona,0.0,wiski
W39098001,,,,,Cannon,0.0,wiski
W39098002,,,,,Cannon,0.0,wiski
W41032001,8.0,8,,,Zumbro,0.0,wiski
W39003001,,,,,Cannon,0.0,wiski
W41039003,,,,,Zumbro,0.0,wiski
W41039004,,,,,Zumbro,0.0,wiski
W39020001,,,,,Cannon,0.0,wiski
W41039001,7.0,7,,,Zumbro,0.0,wiski
W41039002,,,,,Zumbro,0.0,wiski
W41020001,,,,,Zumbro,0.0,wiski
H43073002,,,,,Root,0.0,wiski
W43073003,,,,,Root,0.0,wiski
W43073004,,,,,Root,0.0,wiski
W43073001,,,,,Root,0.0,wiski
W40030002,,,,,MissWinona,0.0,wiski
W43006001,,,,,Root,0.0,wiski
H39055001,,,,,Cannon,0.0,wiski
H39055002,,,,,Cannon,0.0,wiski
W39063001,,,,,Cannon,0.0,wiski
W39088001,,,,,Cannon,0.0,wiski
W39044001,,,,,Cannon,0.0,wiski
W39044002,,,,,Cannon,0.0,wiski
W39055003,,,,,Cannon,0.0,wiski
W43077001,,,,,Root,0.0,wiski
W38001001,114.0,114,,,PepinTribs,0.0,wiski
W43010001,,,,,Root,0.0,wiski
W43022003,,,,,Root,0.0,wiski
W43008001,,,,,Root,0.0,wiski
W43008002,,,,,Root,0.0,wiski
W43051001,,,,,Root,0.0,wiski
W39108002,,,,,Cannon,0.0,wiski
W38005001,141.0,141,,,PepinTribs,0.0,wiski
W41028003,,,,,Zumbro,0.0,wiski
W41028001,,,,,Zumbro,0.0,wiski
W41028002,,,,,Zumbro,0.0,wiski
W41028004,,,,,Zumbro,0.0,wiski
W39068004,,,,,Cannon,0.0,wiski
W39068003,,,,,Cannon,0.0,wiski
W41041001,,,,,Zumbro,0.0,wiski
W40012002,171.0,171,,,MissWinona,0.0,wiski
W40012003,,,,,MissWinona,0.0,wiski
W43053003,,,,,Root,0.0,wiski
W43053002,,,,,Root,0.0,wiski
W43053004,,,,,Root,0.0,wiski
W40020001,51.0,51,,,MissWinona,0.0,wiski
W39054002,,,,,Cannon,0.0,wiski
W43078003,,,,,Root,0.0,wiski
W38033002,,,,,,0.0,wiski
W38033001,,,,,,0.0,wiski
W38021001,,,,,,0.0,wiski
W38020005,,,,,,0.0,wiski
W38027011,,,,,,0.0,wiski
W38027012,,,,,,0.0,wiski
W38027005,,,,,,0.0,wiski
W38027006,,,,,,0.0,wiski
W38027007,,,,,,0.0,wiski
W38025008,,,,,,0.0,wiski
W38025005,,,,,,0.0,wiski
W38025007,,,,,,0.0,wiski
W38015002,,,,,,0.0,wiski
H38015001,,,,,,0.0,wiski
H38027008,,,,,,0.0,wiski
H38027010,,,,,,0.0,wiski
H38027009,,,,,,0.0,wiski
W38026002,,,,,,0.0,wiski
W38020003,,,,,,0.0,wiski
W38015003,,,,,,0.0,wiski
W38025006,,,,,,0.0,wiski
W38025009,,,,,,0.0,wiski
W43050003,,,,,Root,0.0,wiski
W39028001,,,,,Cannon,0.0,wiski
W43058005,,,,,Root,0.0,wiski
W43058004,,,,,Root,0.0,wiski
W43058008,,,,,Root,0.0,wiski
W43058003,,,,,Root,0.0,wiski
W43058007,,,,,Root,0.0,wiski
W43058001,,,,,Root,0.0,wiski
W43058002,,,,,Root,0.0,wiski
W38003004,123.0,"126,125",,,PepinTribs,0.0,wiski
W38007001,120.0,120,,,PepinTribs,0.0,wiski
W38003001,123.0,"125,126,124",,,PepinTribs,0.0,wiski
W38006004,119.0,119,,,PepinTribs,0.0,wiski
W38006003,119.0,119,,,PepinTribs,0.0,wiski
W41046003,4.0,4,,,Zumbro,0.0,wiski
W39027001,,,,,Cannon,0.0,wiski
W40016002,131.0,131,,,MissWinona,0.0,wiski
W40016003,150.0,150,,,MissWinona,0.0,wiski
W40013002,,,,,MissWinona,0.0,wiski
W43066001,,,,,Root,0.0,wiski
W41055001,,,,,Zumbro,0.0,wiski
W43065003,,,,,Root,0.0,wiski
W43065001,,,,,Root,0.0,wiski
W43065002,,,,,Root,0.0,wiski
W43030002,,,,,Root,0.0,wiski
W43030001,,,,,Root,0.0,wiski
W41031003,105.0,105,,,Zumbro,0.0,wiski
E41043001,101.0,101,,,Zumbro,0.0,wiski
W41044001,102.0,102,,,Zumbro,0.0,wiski
W41043003,,,,,Zumbro,0.0,wiski
W41043002,100.0,101,,,Zumbro,0.0,wiski
W41037001,,,,,Zumbro,0.0,wiski
W16035004,,,,,Sauk,0.0,wiski
H16035005,,,,,Sauk,0.0,wiski
H16003001,,,,,Sauk,0.0,wiski
H20095002,,,,,,0.0,wiski
W17025002,,,,,MissStCloud,0.0,wiski
W17025003,,,,,MissStCloud,0.0,wiski
W17025001,,,,,MissStCloud,0.0,wiski
W20084001,,,,,,0.0,wiski
W18052002,,,,,NFCrow,0.0,wiski
W18052003,,,,,NFCrow,0.0,wiski
W19032002,,,,,SFCrow,0.0,wiski
W19032001,721.0,721,,,SFCrow,0.0,wiski
W19018001,,,,,SFCrow,0.0,wiski
W15043001,,,,,MissSartell,0.0,wiski
W21058002,,,,,Rum,0.0,wiski
W21008002,19.0,19,middle of reach but upstream lake backwate,,Rum,0.0,wiski
W21008001,,,,,Rum,0.0,wiski
W21050002,,,,,Rum,0.0,wiski
W17036001,,,,,MissStCloud,0.0,wiski
W19053001,,,,,SFCrow,0.0,wiski
W19041001,,,,,SFCrow,0.0,wiski
W19043002,,,,,SFCrow,0.0,wiski
H19013001,751.0,,751,,SFCrow,0.0,wiski
W19038001,821.0,821,,,SFCrow,0.0,wiski
H19038002,821.0,821,,,SFCrow,0.0,wiski
H19057001,,,,,SFCrow,0.0,wiski
H15028002,,,,,MissSartell,0.0,wiski
H19081001,,,,,SFCrow,0.0,wiski
W21097002,,,,,Rum,0.0,wiski
W21005002,29.0,29,middle of reach but upstream lake backwater effects,,Rum,0.0,wiski
W21005001,,,,,Rum,0.0,wiski
W17008005,,,,,MissStCloud,0.0,wiski
W17011003,,,,,MissStCloud,0.0,wiski
W17011004,,,,,MissStCloud,0.0,wiski
W16011011,,,,,Sauk,0.0,wiski
W20064002,,,,,,0.0,wiski
W19034001,,,,,SFCrow,0.0,wiski
W18021003,990.0,990,,,NFCrow,0.0,wiski
W18021002,990.0,990,,,NFCrow,0.0,wiski
W19004001,,,,,SFCrow,0.0,wiski
W16059001,,,,,Sauk,0.0,wiski
W16059002,,,,,Sauk,0.0,wiski
W17041001,,,,,MissStCloud,0.0,wiski
H17041002,,,,,MissStCloud,0.0,wiski
W17024002,,,,,MissStCloud,0.0,wiski
W20106002,,,,,,0.0,wiski
W21045002,253.0,253,,,Rum,0.0,wiski
W17010004,,,,,MissStCloud,0.0,wiski
W17010002,,,,,MissStCloud,0.0,wiski
H17010008,,,,,MissStCloud,0.0,wiski
W17010003,,,,,MissStCloud,0.0,wiski
H16030001,,,,,Sauk,0.0,wiski
W18019001,403.0,402,,,NFCrow,0.0,wiski
W16025004,,,,,Sauk,0.0,wiski
W16025003,,,,,Sauk,0.0,wiski
H16025002,,,,,Sauk,0.0,wiski
W16023002,,,,,Sauk,0.0,wiski
W18054004,,,,,NFCrow,0.0,wiski
W18054003,325.0,325,,,NFCrow,0.0,wiski
H16037001,,,,,Sauk,0.0,wiski
L43007300,,,,,NFCrow,0.0,wiski
H18031001,,,,,NFCrow,0.0,wiski
H19049001,,,,,SFCrow,0.0,wiski
W18051005,,,,,NFCrow,0.0,wiski
W18051002,345.0,345,,,NFCrow,0.0,wiski
W17019004,,,,,MissStCloud,0.0,wiski
W17019001,,,,,MissStCloud,0.0,wiski
W17019002,,,,,MissStCloud,0.0,wiski
W17019003,,,,,MissStCloud,0.0,wiski
W17021002,,,,,MissStCloud,0.0,wiski
H18024002,,,,,NFCrow,0.0,wiski
W19028001,,,,,SFCrow,0.0,wiski
W19019001,,,,,SFCrow,0.0,wiski
W16065001,,,,,Sauk,0.0,wiski
W15059001,,,,,MissSartell,0.0,wiski
H15029006,,,,,MissSartell,0.0,wiski
W15029012,,,,,MissSartell,0.0,wiski
W15029011,,,,,MissSartell,0.0,wiski
W15029007,,,,,MissSartell,0.0,wiski
W15029010,,,,,MissSartell,0.0,wiski
W15031003,,,,,MissSartell,0.0,wiski
W15031004,,,,,MissSartell,0.0,wiski
W15029009,,,,,MissSartell,0.0,wiski
W15029013,,,,,MissSartell,0.0,wiski
W15031002,,,,,MissSartell,0.0,wiski
H15031005,,,,,MissSartell,0.0,wiski
H15029005,,,,,MissSartell,0.0,wiski
W15029008,,,,,MissSartell,0.0,wiski
H15029004,,,,,MissSartell,0.0,wiski
H17020003,,,,,MissStCloud,0.0,wiski
W17020001,,,,,MissStCloud,0.0,wiski
H17020002,,,,,MissStCloud,0.0,wiski
W21099001,417.0,417,,,Rum,0.0,wiski
W17063002,,,,,MissStCloud,0.0,wiski
W19048001,,,,,SFCrow,0.0,wiski
W19051001,,,,,SFCrow,0.0,wiski
W19059002,,,,,SFCrow,0.0,wiski
W19042001,,,,,SFCrow,0.0,wiski
H18030001,323.0,323,,,NFCrow,0.0,wiski
W18029001,,,,,NFCrow,0.0,wiski
W18029002,301.0,301,,,NFCrow,0.0,wiski
W18053002,310.0,310,,,NFCrow,0.0,wiski
W18023004,,,,,NFCrow,0.0,wiski
W18033002,,,,,NFCrow,0.0,wiski
W21028001,,,,,Rum,0.0,wiski
H20114002,,,,,,0.0,wiski
H20113001,,,,,,0.0,wiski
W15009003,,,,,MissSartell,0.0,wiski
H15009001,,,,,MissSartell,0.0,wiski
W15009002,,,,,MissSartell,0.0,wiski
H15035001,,,,,MissSartell,0.0,wiski
W17023001,,,,,MissStCloud,0.0,wiski
W18062003,350.0,350,,,NFCrow,0.0,wiski
H18043002,,,,,NFCrow,0.0,wiski
W18087002,970.0,950,,,NFCrow,0.0,wiski
W18021001,990.0,"970,985",,,NFCrow,0.0,wiski
W18071004,,,,,NFCrow,0.0,wiski
H18068001,,,,,NFCrow,0.0,wiski
H18071003,,,,,NFCrow,0.0,wiski
H18062002,350.0,"350,-349",,,NFCrow,0.0,wiski
W18011002,490.0,490,,,NFCrow,0.0,wiski
W18037002,,,,,NFCrow,0.0,wiski
W15001003,,,,,MissSartell,0.0,wiski
W19033004,733.0,733,,,SFCrow,0.0,wiski
W19033002,,,,,SFCrow,0.0,wiski
L73003700,,,,,Sauk,0.0,wiski
W15040001,,,,,MissSartell,0.0,wiski
W15040002,,,,,MissSartell,0.0,wiski
W15030002,,,,,MissSartell,0.0,wiski
W15042001,,,,,MissSartell,0.0,wiski
W15030003,,,,,MissSartell,0.0,wiski
W15030004,,,,,MissSartell,0.0,wiski
W19066001,,,,,SFCrow,0.0,wiski
W19068001,,,,,SFCrow,0.0,wiski
W19064001,757.0,757,,,SFCrow,0.0,wiski
W19077001,,,,,SFCrow,0.0,wiski
W15038001,,,,,MissSartell,0.0,wiski
W20070001,,,,,,0.0,wiski
W15037001,,,,,MissSartell,0.0,wiski
L49002500,,,,,MissSartell,0.0,wiski
W21071001,350.0,350,middloe of reach,,Rum,0.0,wiski
W21071002,350.0,350,middle of reach but upstream lake backwate,,Rum,0.0,wiski
W21034001,230.0,230,,,Rum,0.0,wiski
W21021001,,,,,Rum,0.0,wiski
H21012001,60.0,60,Lake outflow,,Rum,0.0,wiski
W18084001,943.0,943,,,NFCrow,0.0,wiski
W16043001,,,,,Sauk,0.0,wiski
W16075001,,,,,Sauk,0.0,wiski
W16021002,,,,,Sauk,0.0,wiski
H16040002,,,,,Sauk,0.0,wiski
H16040001,,,,,Sauk,0.0,wiski
W16028002,,,,,Sauk,0.0,wiski
W16011003,,,,,Sauk,0.0,wiski
W16058002,,,,,Sauk,0.0,wiski
W16058003,,,,,Sauk,0.0,wiski
W16011004,,,,,Sauk,0.0,wiski
H16018001,,,,,Sauk,0.0,wiski
W16072002,,,,,Sauk,0.0,wiski
W16072004,,,,,Sauk,0.0,wiski
W16028001,,,,,Sauk,0.0,wiski
W16078001,,,,,Sauk,0.0,wiski
W16014002,,,,,Sauk,0.0,wiski
W16014003,,,,,Sauk,0.0,wiski
W18002001,25.0,25,,,NFCrow,0.0,wiski
W21091003,391.0,391,,,Rum,0.0,wiski
W21091002,391.0,391,,,Rum,0.0,wiski
W21091001,391.0,391,,,Rum,0.0,wiski
W20110002,,,,,,0.0,wiski
W16001001,,,,,Sauk,0.0,wiski
W16001002,,,,,Sauk,0.0,wiski
H18047001,379.0,379,,,NFCrow,0.0,wiski
W17004001,,,,,MissStCloud,0.0,wiski
W19037002,,,,,SFCrow,0.0,wiski
H16068003,,,,,Sauk,0.0,wiski
W16068002,,,,,Sauk,0.0,wiski
H16068001,,,,,Sauk,0.0,wiski
H18004001,61.0,61,,,NFCrow,0.0,wiski
H15045002,,,,,MissSartell,0.0,wiski
W15008001,,,,,MissSartell,0.0,wiski
W15008002,,,,,MissSartell,0.0,wiski
W17052002,,,,,MissStCloud,0.0,wiski
W17052004,,,,,MissStCloud,0.0,wiski
W17052003,,,,,MissStCloud,0.0,wiski
W17052001,,,,,MissStCloud,0.0,wiski
W17054001,,,,,MissStCloud,0.0,wiski
W19027002,650.0,"650,-649",,,SFCrow,0.0,wiski
W19036002,750.0,750,,,SFCrow,0.0,wiski
H19027001,650.0,650,,,SFCrow,0.0,wiski
W19022001,,,,,SFCrow,0.0,wiski
H19005001,881.0,881,,,SFCrow,0.0,wiski
H19040001,,,,,SFCrow,0.0,wiski
W19024002,610.0,610,,,SFCrow,0.0,wiski
W19049003,,,,,SFCrow,0.0,wiski
W19061001,,,,,SFCrow,0.0,wiski
W19049004,,,,,SFCrow,0.0,wiski
W15023002,,,,,MissSartell,0.0,wiski
W15023001,,,,,MissSartell,0.0,wiski
W15017004,,,,,MissSartell,0.0,wiski
W15017003,,,,,MissSartell,0.0,wiski
W15017005,,,,,MissSartell,0.0,wiski
W17035002,,,,,MissStCloud,0.0,wiski
W18057002,,,,,NFCrow,0.0,wiski
W18057003,,,,,NFCrow,0.0,wiski
W18057001,,,,,NFCrow,0.0,wiski
W21067002,323.0,323,,,Rum,0.0,wiski
W16042002,,,,,Sauk,0.0,wiski
W16042001,,,,,Sauk,0.0,wiski
H18069001,41.0,41,,,NFCrow,0.0,wiski
W16046009,,,,,Sauk,0.0,wiski
H16047001,,,,,Sauk,0.0,wiski
W16046004,,,,,Sauk,0.0,wiski
W16046007,,,,,Sauk,0.0,wiski
W16046006,,,,,Sauk,0.0,wiski
W16046002,,,,,Sauk,0.0,wiski
W16046001,,,,,Sauk,0.0,wiski
H16046003,,,,,Sauk,0.0,wiski
W18016005,443.0,443,,,NFCrow,0.0,wiski
W18016001,443.0,443,,,NFCrow,0.0,wiski
W18049003,357.0,357,,,NFCrow,0.0,wiski
W18016004,443.0,443,middle of reach,,NFCrow,0.0,wiski
W20095004,,,,,,0.0,wiski
SS00110,,,,,,0.0,wiski
W17010005,,,,,MissStCloud,0.0,wiski
H17010009,,,,,MissStCloud,0.0,wiski
W17010006,,,,,MissStCloud,0.0,wiski
W17015001,,,,,MissStCloud,0.0,wiski
W17015002,,,,,MissStCloud,0.0,wiski
W17015003,,,,,MissStCloud,0.0,wiski
W21022003,175.0,175,,,Rum,0.0,wiski
W21022004,,,,,Rum,0.0,wiski
W21022002,175.0,173,,,Rum,0.0,wiski
W17047001,,,,,MissStCloud,0.0,wiski
W19071001,,,,,SFCrow,0.0,wiski
W19089003,,,,,SFCrow,0.0,wiski
W19080001,863.0,863,,,SFCrow,0.0,wiski
W19033003,,,,,SFCrow,0.0,wiski
W19035001,,,,,SFCrow,0.0,wiski
W19003001,,,,,SFCrow,0.0,wiski
W21052001,433.0,433,,,Rum,0.0,wiski
W21052002,433.0,433,,,Rum,0.0,wiski
W16073004,,,,,Sauk,0.0,wiski
W18012002,479.0,479,,,NFCrow,0.0,wiski
L34041600,,,,,NFCrow,0.0,wiski
L77043700,,,,,Sauk,0.0,wiski
L77043600,,,,,Sauk,0.0,wiski
L86051400,,,,,MissStCloud,0.0,wiski
L86051500,,,,,MissStCloud,0.0,wiski
L86051600,,,,,MissStCloud,0.0,wiski
L86051600001,,,,,MissStCloud,0.0,wiski
L48007900,,,,,Rum,0.0,wiski
L48008000,,,,,Rum,0.0,wiski
L71040500,,,,,MissStCloud,0.0,wiski
W21030001,215.0,215,,,Rum,0.0,wiski
W21030002,211.0,211,middle of reach sort of,,Rum,0.0,wiski
W18061004,373.0,373,,,NFCrow,0.0,wiski
W18061001,373.0,373,,,NFCrow,0.0,wiski
W18061003,373.0,"373,-371",,,NFCrow,0.0,wiski
W15010001,,,,,MissSartell,0.0,wiski
W21040003,261.0,261,,,Rum,0.0,wiski
W17067001,,,,,MissStCloud,0.0,wiski
W17012003,,,,,MissStCloud,0.0,wiski
W17012004,,,,,MissStCloud,0.0,wiski
W17012002,,,,,MissStCloud,0.0,wiski
W17012001,,,,,MissStCloud,0.0,wiski
H15027001,,,,,MissSartell,0.0,wiski
W07074001,,,,,MissHeadwaters,0.0,wiski
W11014001,,,,,Pine,0.0,wiski
W07050001,,,,,MissHeadwaters,0.0,wiski
W12078001,,,,,CrowWing,0.0,wiski
W12002001,,,,,CrowWing,0.0,wiski
W12094001,,,,,CrowWing,0.0,wiski
W07087001,,,,,MissHeadwaters,0.0,wiski
W12033003,,,,,CrowWing,0.0,wiski
W13034001,,,,,Redeye,0.0,wiski
W08046002,,,,,LeechLake,0.0,wiski
H08060001,,,,,LeechLake,0.0,wiski
W08071001,,,,,LeechLake,0.0,wiski
W09028001,,,,,MissGrandRapids,0.0,wiski
W11023001,,,,,Pine,0.0,wiski
W09031002,,,,,MissGrandRapids,0.0,wiski
W09031001,,,,,MissGrandRapids,0.0,wiski
W09031003,,,,,MissGrandRapids,0.0,wiski
W10101001,,,,,MissBrainerd,0.0,wiski
H08002001,,,,,LeechLake,0.0,wiski
W11020003,,,,,Pine,0.0,wiski
W11020001,,,,,Pine,0.0,wiski
W11020002,,,,,Pine,0.0,wiski
H09045004,,,,,MissGrandRapids,0.0,wiski
W12089002,,,,,CrowWing,0.0,wiski
W12089001,,,,,CrowWing,0.0,wiski
W09047001,,,,,MissGrandRapids,0.0,wiski
W12125001,,,,,CrowWing,0.0,wiski
W12125003,,,,,CrowWing,0.0,wiski
W12125002,,,,,CrowWing,0.0,wiski
W12091001,,,,,CrowWing,0.0,wiski
W12092001,,,,,CrowWing,0.0,wiski
H12041001,,,,,CrowWing,0.0,wiski
W12083001,,,,,CrowWing,0.0,wiski
H12130001,,,,,CrowWing,0.0,wiski
H12130002,,,,,CrowWing,0.0,wiski
H12130003,,,,,CrowWing,0.0,wiski
W11040002,,,,,Pine,0.0,wiski
W11040003,,,,,Pine,0.0,wiski
H10086002,,,,,MissBrainerd,0.0,wiski
L31132514,,,,,MissGrandRapids,0.0,wiski
W14046001,,,,,LongPrairie,0.0,wiski
W12128001,,,,,CrowWing,0.0,wiski
H12133001,,,,,CrowWing,0.0,wiski
W12118001,,,,,CrowWing,0.0,wiski
W12082002,,,,,CrowWing,0.0,wiski
W12029002,,,,,CrowWing,0.0,wiski
H14029001,,,,,LongPrairie,0.0,wiski
H14028002,,,,,LongPrairie,0.0,wiski
W14028001,,,,,LongPrairie,0.0,wiski
W10005001,,,,,MissBrainerd,0.0,wiski
W07111002,,,,,MissHeadwaters,0.0,wiski
W07111001,,,,,MissHeadwaters,0.0,wiski
W07098001,,,,,MissHeadwaters,0.0,wiski
H10006001,,,,,MissBrainerd,0.0,wiski
H09002005,,,,,MissGrandRapids,0.0,wiski
W09002003,,,,,MissGrandRapids,0.0,wiski
H09002004,,,,,MissGrandRapids,0.0,wiski
W09002002,,,,,MissGrandRapids,0.0,wiski
W09002001,,,,,MissGrandRapids,0.0,wiski
H13059002,,,,,Redeye,0.0,wiski
H13059001,,,,,Redeye,0.0,wiski
H13059004,,,,,Redeye,0.0,wiski
H13059003,,,,,Redeye,0.0,wiski
W13059005,,,,,Redeye,0.0,wiski
W12026001,,,,,CrowWing,0.0,wiski
W10054001,,,,,MissBrainerd,0.0,wiski
W10052001,,,,,MissBrainerd,0.0,wiski
W12017001,,,,,CrowWing,0.0,wiski
W07061002,,,,,MissHeadwaters,0.0,wiski
W07061001,,,,,MissHeadwaters,0.0,wiski
W12057002,,,,,CrowWing,0.0,wiski
W12057001,,,,,CrowWing,0.0,wiski
W10059001,,,,,MissBrainerd,0.0,wiski
W08007005,,,,,LeechLake,0.0,wiski
W08007006,,,,,LeechLake,0.0,wiski
W08007001,,,,,LeechLake,0.0,wiski
W08007003,,,,,LeechLake,0.0,wiski
W08007004,,,,,LeechLake,0.0,wiski
H12127001,,,,,CrowWing,0.0,wiski
W13056001,,,,,Redeye,0.0,wiski
W13019001,,,,,Redeye,0.0,wiski
W13045001,,,,,Redeye,0.0,wiski
W13025001,,,,,Redeye,0.0,wiski
W08037002,,,,,LeechLake,0.0,wiski
W09092001,,,,,MissGrandRapids,0.0,wiski
W10100005,,,,,MissBrainerd,0.0,wiski
W10100003,,,,,MissBrainerd,0.0,wiski
W10100002,,,,,MissBrainerd,0.0,wiski
W10100004,,,,,MissBrainerd,0.0,wiski
W10100001,,,,,MissBrainerd,0.0,wiski
W10051001,,,,,MissBrainerd,0.0,wiski
W10067002,,,,,MissBrainerd,0.0,wiski
W11055002,,,,,Pine,0.0,wiski
W11055001,,,,,Pine,0.0,wiski
H14039001,,,,,LongPrairie,0.0,wiski
W14051004,,,,,LongPrairie,0.0,wiski
W14016001,,,,,LongPrairie,0.0,wiski
W14017001,,,,,LongPrairie,0.0,wiski
W14059003,,,,,LongPrairie,0.0,wiski
W14042002,,,,,LongPrairie,0.0,wiski
W14027003,,,,,LongPrairie,0.0,wiski
L18018100001,,,,,MissBrainerd,0.0,wiski
W12117001,,,,,CrowWing,0.0,wiski
W09124001,,,,,MissGrandRapids,0.0,wiski
W09077003,,,,,MissGrandRapids,0.0,wiski
W10068001,,,,,MissBrainerd,0.0,wiski
W09063001,,,,,MissGrandRapids,0.0,wiski
H07115003,,,,,MissHeadwaters,0.0,wiski
H10079001,,,,,MissBrainerd,0.0,wiski
H07064001,,,,,MissHeadwaters,0.0,wiski
W07115004,,,,,MissHeadwaters,0.0,wiski
W07049001,,,,,MissHeadwaters,0.0,wiski
W10061001,,,,,MissBrainerd,0.0,wiski
W09110002,,,,,MissGrandRapids,0.0,wiski
W09111001,,,,,MissGrandRapids,0.0,wiski
W09111002,,,,,MissGrandRapids,0.0,wiski
W14036002,,,,,LongPrairie,0.0,wiski
W14031002,,,,,LongPrairie,0.0,wiski
W09058009,,,,,MissGrandRapids,0.0,wiski
W09058003,,,,,MissGrandRapids,0.0,wiski
W09058015,,,,,MissGrandRapids,0.0,wiski
W09058014,,,,,MissGrandRapids,0.0,wiski
W09058010,,,,,MissGrandRapids,0.0,wiski
W09058001,,,,,MissGrandRapids,0.0,wiski
W09058004,,,,,MissGrandRapids,0.0,wiski
W09058017,,,,,MissGrandRapids,0.0,wiski
W09058007,,,,,MissGrandRapids,0.0,wiski
W09058016,,,,,MissGrandRapids,0.0,wiski
W09058002,,,,,MissGrandRapids,0.0,wiski
W09058012,,,,,MissGrandRapids,0.0,wiski
W09058011,,,,,MissGrandRapids,0.0,wiski
W09058008,,,,,MissGrandRapids,0.0,wiski
W09058013,,,,,MissGrandRapids,0.0,wiski
W12111001,,,,,CrowWing,0.0,wiski
W12101001,,,,,CrowWing,0.0,wiski
W11050002,,,,,Pine,0.0,wiski
W11050001,,,,,Pine,0.0,wiski
W08001003,,,,,LeechLake,0.0,wiski
W08001002,,,,,LeechLake,0.0,wiski
W08001001,,,,,LeechLake,0.0,wiski
W07093001,,,,,MissHeadwaters,0.0,wiski
W07094001,,,,,MissHeadwaters,0.0,wiski
W13009001,,,,,Redeye,0.0,wiski
W13023003,,,,,Redeye,0.0,wiski
W09030001,,,,,MissGrandRapids,0.0,wiski
W09030002,,,,,MissGrandRapids,0.0,wiski
H10066001,,,,,MissBrainerd,0.0,wiski
W11052001,,,,,Pine,0.0,wiski
W08006001,,,,,LeechLake,0.0,wiski
H09045003,,,,,MissGrandRapids,0.0,wiski
H09003001,,,,,MissGrandRapids,0.0,wiski
W13050003,,,,,Redeye,0.0,wiski
W13050001,,,,,Redeye,0.0,wiski
W13050002,,,,,Redeye,0.0,wiski
W13042001,,,,,Redeye,0.0,wiski
H10082001,,,,,MissBrainerd,0.0,wiski
W10025001,,,,,MissBrainerd,0.0,wiski
W10021001,,,,,MissBrainerd,0.0,wiski
W10026001,,,,,MissBrainerd,0.0,wiski
W10032002,,,,,MissBrainerd,0.0,wiski
W10037001,,,,,MissBrainerd,0.0,wiski
W09048006,,,,,MissGrandRapids,0.0,wiski
W12109001,,,,,CrowWing,0.0,wiski
W10097001,,,,,MissBrainerd,0.0,wiski
W10095002,,,,,MissBrainerd,0.0,wiski
W09048003,,,,,MissGrandRapids,0.0,wiski
W09048004,,,,,MissGrandRapids,0.0,wiski
W09048002,,,,,MissGrandRapids,0.0,wiski
W09048001,,,,,MissGrandRapids,0.0,wiski
W07073003,,,,,MissHeadwaters,0.0,wiski
W07073002,,,,,MissHeadwaters,0.0,wiski
W12021003,,,,,CrowWing,0.0,wiski
W12031003,,,,,CrowWing,0.0,wiski
W12031002,,,,,CrowWing,0.0,wiski
W12031004,,,,,CrowWing,0.0,wiski
W08018001,,,,,LeechLake,0.0,wiski
W10040001,,,,,MissBrainerd,0.0,wiski
W10031001,,,,,MissBrainerd,0.0,wiski
W07001007,,,,,MissHeadwaters,0.0,wiski
W07001008,,,,,MissHeadwaters,0.0,wiski
W07001004,,,,,MissHeadwaters,0.0,wiski
W07001009,,,,,MissHeadwaters,0.0,wiski
W07001003,,,,,MissHeadwaters,0.0,wiski
W07001005,,,,,MissHeadwaters,0.0,wiski
W07001001,,,,,MissHeadwaters,0.0,wiski
W07001010,,,,,MissHeadwaters,0.0,wiski
W07001006,,,,,MissHeadwaters,0.0,wiski
W07001002,,,,,MissHeadwaters,0.0,wiski
H09051001,,,,,MissGrandRapids,0.0,wiski
H13020001,,,,,Redeye,0.0,wiski
W13008001,,,,,Redeye,0.0,wiski
W11011002,,,,,Pine,0.0,wiski
W09040002,,,,,MissGrandRapids,0.0,wiski
W09040001,,,,,MissGrandRapids,0.0,wiski
W09053001,,,,,MissGrandRapids,0.0,wiski
W14005003,,,,,LongPrairie,0.0,wiski
H14005004,,,,,LongPrairie,0.0,wiski
W14005001,,,,,LongPrairie,0.0,wiski
W14005002,,,,,LongPrairie,0.0,wiski
W12124001,,,,,CrowWing,0.0,wiski
W12124006,,,,,CrowWing,0.0,wiski
H12124003,,,,,CrowWing,0.0,wiski
H12124004,,,,,CrowWing,0.0,wiski
H12124005,,,,,CrowWing,0.0,wiski
W12124007,,,,,CrowWing,0.0,wiski
W12030016,,,,,CrowWing,0.0,wiski
W12059007,,,,,CrowWing,0.0,wiski
W12030010,,,,,CrowWing,0.0,wiski
H12059004,,,,,CrowWing,0.0,wiski
W12030014,,,,,CrowWing,0.0,wiski
W12030015,,,,,CrowWing,0.0,wiski
W12030007,,,,,CrowWing,0.0,wiski
W12030005,,,,,CrowWing,0.0,wiski
H12030004,,,,,CrowWing,0.0,wiski
H12030009,,,,,CrowWing,0.0,wiski
W12030013,,,,,CrowWing,0.0,wiski
W12030012,,,,,CrowWing,0.0,wiski
W12030011,,,,,CrowWing,0.0,wiski
W12030006,,,,,CrowWing,0.0,wiski
W12030008,,,,,CrowWing,0.0,wiski
W08011001,,,,,LeechLake,0.0,wiski
W09020002,,,,,MissGrandRapids,0.0,wiski
W07051002,,,,,MissHeadwaters,0.0,wiski
W07051001,,,,,MissHeadwaters,0.0,wiski
W07003001,,,,,MissHeadwaters,0.0,wiski
H12134002,,,,,CrowWing,0.0,wiski
W12115001,,,,,CrowWing,0.0,wiski
W12099002,,,,,CrowWing,0.0,wiski
W12099001,,,,,CrowWing,0.0,wiski
W09119001,,,,,MissGrandRapids,0.0,wiski
W10062001,,,,,MissBrainerd,0.0,wiski
W09052002,,,,,MissGrandRapids,0.0,wiski
W10063001,,,,,MissBrainerd,0.0,wiski
W09052003,,,,,MissGrandRapids,0.0,wiski
W09078001,,,,,MissGrandRapids,0.0,wiski
W07032001,,,,,MissHeadwaters,0.0,wiski
W12116001,,,,,CrowWing,0.0,wiski
W09044001,,,,,MissGrandRapids,0.0,wiski
W09044003,,,,,MissGrandRapids,0.0,wiski
W09044002,,,,,MissGrandRapids,0.0,wiski
W14064001,,,,,LongPrairie,0.0,wiski
W07100002,,,,,MissHeadwaters,0.0,wiski
W09091004,,,,,MissGrandRapids,0.0,wiski
W09091002,,,,,MissGrandRapids,0.0,wiski
W09091003,,,,,MissGrandRapids,0.0,wiski
W09091001,,,,,MissGrandRapids,0.0,wiski
W13011003,,,,,Redeye,0.0,wiski
H13011005,,,,,Redeye,0.0,wiski
W13011010,,,,,Redeye,0.0,wiski
H13011004,,,,,Redeye,0.0,wiski
H13011006,,,,,Redeye,0.0,wiski
H13011007,,,,,Redeye,0.0,wiski
H13011009,,,,,Redeye,0.0,wiski
H13011008,,,,,Redeye,0.0,wiski
L03129600,,,,,MissHeadwaters,0.0,wiski
L03129200,,,,,CrowWing,0.0,wiski
W12059008,,,,,CrowWing,0.0,wiski
W12059010,,,,,CrowWing,0.0,wiski
W12059009,,,,,CrowWing,0.0,wiski
W09034001,,,,,MissGrandRapids,0.0,wiski
W09034002,,,,,MissGrandRapids,0.0,wiski
W09080002,,,,,MissGrandRapids,0.0,wiski
H10117001,,,,,MissBrainerd,0.0,wiski
W10099003,,,,,MissBrainerd,0.0,wiski
W10099002,,,,,MissBrainerd,0.0,wiski
W10099001,,,,,MissBrainerd,0.0,wiski
H13007007,,,,,Redeye,0.0,wiski
H13007006,,,,,Redeye,0.0,wiski
H13007002,,,,,Redeye,0.0,wiski
H13007004,,,,,Redeye,0.0,wiski
W13007001,,,,,Redeye,0.0,wiski
H13007003,,,,,Redeye,0.0,wiski
W09118002,,,,,MissGrandRapids,0.0,wiski
H09127001,,,,,MissGrandRapids,0.0,wiski
W11018001,,,,,Pine,0.0,wiski
W13003002,,,,,Redeye,0.0,wiski
W46002002,,,,,RenoUpperIA,0.0,wiski
W46014001,320.0,320,,,RenoUpperIA,0.0,wiski
W46017001,319.0,319,,,RenoUpperIA,0.0,wiski
W46015003,,,,,RenoUpperIA,0.0,wiski
W46015001,,,,,RenoUpperIA,0.0,wiski
W46015002,318.0,"318,320",,,RenoUpperIA,0.0,wiski
W46015004,318.0,318,,,RenoUpperIA,0.0,wiski
W46003001,,,,,RenoUpperIA,0.0,wiski
W46003002,,,,,RenoUpperIA,0.0,wiski
W46003003,,,,,RenoUpperIA,0.0,wiski
W44011001,,,,,RenoUpperIA,0.0,wiski
W44003003,,,,,RenoUpperIA,0.0,wiski
W44003002,,,,,RenoUpperIA,0.0,wiski
W44003001,,,,,RenoUpperIA,0.0,wiski
W46008002,339.0,339,,,RenoUpperIA,0.0,wiski
W46008001,339.0,339,,,RenoUpperIA,0.0,wiski
W46009001,,,,,RenoUpperIA,0.0,wiski
W46022001,314.0,314,,,RenoUpperIA,0.0,wiski
W46221001,315.0,315,,,RenoUpperIA,0.0,wiski
W46001002,,,,,RenoUpperIA,0.0,wiski
W44010001,,,,,RenoUpperIA,0.0,wiski
W46001001,,,,,RenoUpperIA,0.0,wiski
W44004001,,,,,RenoUpperIA,0.0,wiski
W44004002,,,,,RenoUpperIA,0.0,wiski
W46007002,327.0,327,,,RenoUpperIA,0.0,wiski
W46007001,327.0,327,,,RenoUpperIA,0.0,wiski
W44005004,,,,,RenoUpperIA,0.0,wiski
W44005005,,,,,RenoUpperIA,0.0,wiski
W44005003,,,,,RenoUpperIA,0.0,wiski
W44005001,,,,,RenoUpperIA,0.0,wiski
W46024001,311.0,311,,,RenoUpperIA,0.0,wiski
W46018002,,,,,RenoUpperIA,0.0,wiski
W46025001,312.0,312,,,RenoUpperIA,0.0,wiski
W46018001,,,,,RenoUpperIA,0.0,wiski
W46023001,310.0,310,,,RenoUpperIA,0.0,wiski
W46025002,,,,,RenoUpperIA,0.0,wiski
W44002002,,,,,RenoUpperIA,0.0,wiski
W44002001,,,,,RenoUpperIA,0.0,wiski
W44002003,,,,,RenoUpperIA,0.0,wiski
W44010005,,,,,RenoUpperIA,0.0,wiski
W44007001,,,,,RenoUpperIA,0.0,wiski
W44008002,,,,,RenoUpperIA,0.0,wiski
W44008001,,,,,RenoUpperIA,0.0,wiski
W44010004,,,,,RenoUpperIA,0.0,wiski
W44010003,,,,,RenoUpperIA,0.0,wiski
W60021002,99.0,99.0,middle of reach,,WildRiceMarsh,0.0,wiski
W60021001,99.0,99.0,middle of reach,,WildRiceMarsh,0.0,wiski
W60021003,99.0,99.0,middle of reach,,WildRiceMarsh,0.0,wiski
W58015001,,,,,Buffalo,0.0,wiski
W56017001,,,,,OtterTail,0.0,wiski
W55026001,,,,,MustinkaBDS,0.0,wiski
W54023002,,,,,MustinkaBDS,0.0,wiski
W54034002,,,,,,0.0,wiski
W56056009,,,,,OtterTail,0.0,wiski
H56056008,,,,,OtterTail,0.0,wiski
H56056007,,,,,OtterTail,0.0,wiski
H56056003,,,,,OtterTail,0.0,wiski
H56056002,,,,,OtterTail,0.0,wiski
H56056001,,,,,OtterTail,0.0,wiski
W60057001,,,,,WildRiceMarsh,0.0,wiski
W58012001,,,,,Buffalo,0.0,wiski
W58014002,,,,,Buffalo,0.0,wiski
W58011001,,,,,Buffalo,0.0,wiski
H58033002,,,,,Buffalo,0.0,wiski
W58040003,,,,,Buffalo,0.0,wiski
W58048003,,,,,Buffalo,0.0,wiski
W58010002,,,,,Buffalo,0.0,wiski
W59013001,929.0,929.0,,,WildRiceMarsh,0.0,wiski
W58045001,,,,,Buffalo,0.0,wiski
W58047001,,,,,Buffalo,0.0,wiski
H58049001,,,,,Buffalo,0.0,wiski
W58042001,,,,,Buffalo,0.0,wiski
W58043001,,,,,Buffalo,0.0,wiski
W58039002,,,,,Buffalo,0.0,wiski
W58034001,,,,,Buffalo,0.0,wiski
W56073002,,,,,OtterTail,0.0,wiski
W56073001,,,,,OtterTail,0.0,wiski
W54022001,,,,,MustinkaBDS,0.0,wiski
W55059001,302.0,302,,,MustinkaBDS,0.0,wiski
W56001002,,,,,OtterTail,0.0,wiski
W60129002,619.0,617.0,,,WildRiceMarsh,0.0,wiski
W60129001,631.0,631.0,middle of reach,,WildRiceMarsh,0.0,wiski
W60129003,617.0,617.0,,,WildRiceMarsh,0.0,wiski
W55038001,,,,,MustinkaBDS,0.0,wiski
W55034001,,,,,MustinkaBDS,0.0,wiski
W55039001,,,,,MustinkaBDS,0.0,wiski
W60079001,237.0,237.0,lower third of reach,,WildRiceMarsh,0.0,wiski
W54003001,,,,,MustinkaBDS,0.0,wiski
W58009003,,,,,Buffalo,0.0,wiski
W58068002,,,,,Buffalo,0.0,wiski
W58009001,,,,,Buffalo,0.0,wiski
W58009002,,,,,Buffalo,0.0,wiski
W54038001,,,,,MustinkaBDS,0.0,wiski
W54039001,,,,,MustinkaBDS,0.0,wiski
W58005002,,,,,Buffalo,0.0,wiski
W58005001,,,,,Buffalo,0.0,wiski
W58005003,,,,,Buffalo,0.0,wiski
W60027002,165.0,165.0,,,WildRiceMarsh,0.0,wiski
W59007002,970.0,970.0,middle of reach,,WildRiceMarsh,0.0,wiski
W60086001,247.0,247.0,,,WildRiceMarsh,0.0,wiski
W58005005,,,,,Buffalo,0.0,wiski
W55029001,,,,,MustinkaBDS,0.0,wiski
W55035001,,,,,MustinkaBDS,0.0,wiski
W55016001,,,,,MustinkaBDS,0.0,wiski
W55030002,,,,,MustinkaBDS,0.0,wiski
W55012001,,,,,MustinkaBDS,0.0,wiski
W55014001,,,,,MustinkaBDS,0.0,wiski
W55064002,308.0,308,,,MustinkaBDS,0.0,wiski
W55064004,,,,,MustinkaBDS,0.0,wiski
W55060003,306.0,306,,,MustinkaBDS,0.0,wiski
W56105001,,,,,OtterTail,0.0,wiski
H56062002,,,,,OtterTail,0.0,wiski
H56062003,,,,,OtterTail,0.0,wiski
H56062001,,,,,OtterTail,0.0,wiski
W56075002,,,,,OtterTail,0.0,wiski
H56050002,,,,,OtterTail,0.0,wiski
W56066002,,,,,OtterTail,0.0,wiski
H56063001,,,,,OtterTail,0.0,wiski
W56050003,,,,,OtterTail,0.0,wiski
W56020001,,,,,OtterTail,0.0,wiski
W56020002,,,,,OtterTail,0.0,wiski
W56096001,,,,,OtterTail,0.0,wiski
W56082007,,,,,OtterTail,0.0,wiski
H56082001,,,,,OtterTail,0.0,wiski
W56082008,,,,,OtterTail,0.0,wiski
H56082003,,,,,OtterTail,0.0,wiski
W56046001,,,,,OtterTail,0.0,wiski
W56048003,,,,,OtterTail,0.0,wiski
W56048002,,,,,OtterTail,0.0,wiski
W54001001,203.0,203,,,MustinkaBDS,0.0,wiski
W54001002,203.0,203,,,MustinkaBDS,0.0,wiski
W57039001,213.0,213.0,,,UpperRed,0.0,wiski
W83016002,,,,,Rock,0.0,wiski
W60006001,69.0,69.0,middle of reach,,WildRiceMarsh,0.0,wiski
W58031001,,,,,Buffalo,0.0,wiski
W56001004,,,,,OtterTail,0.0,wiski
W56001001,,,,,OtterTail,0.0,wiski
W56001003,,,,,OtterTail,0.0,wiski
W58056007,,,,,Buffalo,0.0,wiski
W58025003,,,,,Buffalo,0.0,wiski
W58025002,,,,,Buffalo,0.0,wiski
W58007001,,,,,Buffalo,0.0,wiski
W58056003,,,,,Buffalo,0.0,wiski
W58056006,,,,,Buffalo,0.0,wiski
W60115002,591.0,591.0,middle of reach,,WildRiceMarsh,0.0,wiski
W60065001,431.0,431.0,,,WildRiceMarsh,0.0,wiski
W60066001,401.0,401.0,,,WildRiceMarsh,0.0,wiski
H54009002,,,,,MustinkaBDS,0.0,wiski
W54009001,,,,,MustinkaBDS,0.0,wiski
W58061001,,,,,Buffalo,0.0,wiski
W60061001,385.0,385.0,lower third of reach,,WildRiceMarsh,0.0,wiski
W60038001,149.0,147.0,middle of reach (should break up),,WildRiceMarsh,0.0,wiski
W58062002,,,,,Buffalo,0.0,wiski
W58062001,,,,,Buffalo,0.0,wiski
W58057003,,,,,Buffalo,0.0,wiski
W56078003,,,,,OtterTail,0.0,wiski
W56078002,,,,,OtterTail,0.0,wiski
W56074002,,,,,OtterTail,0.0,wiski
W56074001,,,,,OtterTail,0.0,wiski
W56072001,,,,,OtterTail,0.0,wiski
W56015002,,,,,OtterTail,0.0,wiski
W56074003,,,,,OtterTail,0.0,wiski
E56074004,,,,,OtterTail,0.0,wiski
W55061001,,,,,MustinkaBDS,0.0,wiski
W55065003,323.0,323,,,MustinkaBDS,0.0,wiski
W54040001,,,,,MustinkaBDS,0.0,wiski
W54041001,115.0,115,,,MustinkaBDS,0.0,wiski
W54010001,,,,,MustinkaBDS,0.0,wiski
W54007001,,,,,MustinkaBDS,0.0,wiski
W55047001,331.0,331,,,MustinkaBDS,0.0,wiski
W55065002,,,,,MustinkaBDS,0.0,wiski
L03129300,,,,,OtterTail,0.0,wiski
W55053001,,,,,MustinkaBDS,0.0,wiski
W55024002,,,,,MustinkaBDS,0.0,wiski
W55021001,,,,,MustinkaBDS,0.0,wiski
W57003001,,,,,UpperRed,0.0,wiski
W57008002,202.0,202.0,middle of reach with 2 other stations. Need to brake up,,UpperRed,0.0,wiski
W57008003,202.0,202.0,,,UpperRed,0.0,wiski
W57005001,207.0,207.0,,,UpperRed,0.0,wiski
E60088001,190.0,190.0,,,WildRiceMarsh,0.0,wiski
W60004001,50.0,50.0,middle of reach,,WildRiceMarsh,0.0,wiski
W60028001,130.0,130.0,,,WildRiceMarsh,0.0,wiski
W60112002,750.0,750.0,middle of reach,,WildRiceMarsh,0.0,wiski
W60017001,90.0,90.0,,,WildRiceMarsh,0.0,wiski
W60017002,90.0,90.0,,,WildRiceMarsh,0.0,wiski
W60025001,110.0,110.0,,,WildRiceMarsh,0.0,wiski
W60054001,30.0,30.0,middle of reach,,WildRiceMarsh,0.0,wiski
W56101001,,,,,OtterTail,0.0,wiski
W57037002,154.0,158.0,,,UpperRed,0.0,wiski
W57037003,154.0,158.0,,,UpperRed,0.0,wiski
W57016001,160.0,164.0,,,UpperRed,0.0,wiski
H20095002,,,,,,1.0,wiski
W54034003,110.0,"111,112",,,MustinkaBDS,1.0,wiski
W39019001,203.0,203.0,,,Cannon,1.0,wiski
E29001001,490.0,490.0,,,Cottonwood,1.0,wiski
E12039001,585.0,585.0,,,CrowWing,1.0,wiski
E17046001,710.0,710.0,,,MissStCloud,1.0,wiski
W72030001,369.0,369.0,,,RainyHeadwaters,1.0,wiski
W35070001,640.0,630.0,,,Kettle,1.0,wiski
W28057003,377.0,377,,,MiddleMN,1.0,wiski
E14051001,329.0,327.0,just downstream of confluence,,LongPrairie,1.0,wiski
E14051001,329.0,328.0,just downstream of confluence,,LongPrairie,1.0,wiski
W59007001,,,,,WildRiceMarsh,1.0,wiski
E28012001,30.0,30.0,,,MiddleMN,1.0,wiski
W38014001,,,,,,1.0,wiski
W20056001,,,,,,1.0,wiski
W15009003,970.0,970.0,Check with sauk model,,MissSartell,1.0,wiski
E07115001,400.0,400.0,,,MissHeadwaters,1.0,wiski
H33118003,563.0,562.0,,,MetroMN,1.0,wiski
E75005001,170.0,170.0,,,RainyRiver,1.0,wiski
W61046002,,,,,,1.0,wiski
E69001002,,,,,,1.0,wiski
W27043003,250.0,250.0,,,Redwood,1.0,wiski
W71005002,550.0,530.0,,,Roseau,1.0,wiski
W16058002,490.0,490.0,,,Sauk,1.0,wiski
E68031002,170.0,150.0,,,SnakeNW,1.0,wiski
W34024002,-1.0,746.0,,,Kettle,1.0,wiski
W34024002,-1.0,740.0,,,Kettle,1.0,wiski
W38025005,,,,,,1.0,wiski
E31051001,270.0,270.0,,,Watonwan,1.0,wiski
E51107001,12.0,13.0,,,DesMoines,1.0,wiski
E60088001,,,,,WildRiceMarsh,1.0,wiski
E22012001,,,,,LacQuiParle,1.0,wiski
S010-215,35.0,35,,,BigFork,0.0,equis
S007-351,51.0,51,,,BigFork,0.0,equis
S005-370,,,,,BigFork,0.0,equis
S005-371,,,,,BigFork,0.0,equis
S005-369,43.0,42,,,BigFork,0.0,equis
S011-617,43.0,43,,,BigFork,0.0,equis
S006-212,50.0,"35,30",,,BigFork,0.0,equis
S005-372,41.0,41,,,BigFork,0.0,equis
S010-263,,,,,BigFork,0.0,equis
S011-624,,,,,BigFork,0.0,equis
S011-623,,,,,BigFork,0.0,equis
S017-900,,,,,BigFork,0.0,equis
S011-641,,,,,BigFork,0.0,equis
S010-222,,,,,BigFork,0.0,equis
S010-214,,,,,BigFork,0.0,equis
S008-247,,,,,BigFork,0.0,equis
S011-622,,,,,BigFork,0.0,equis
S002-859,,,,,BigFork,0.0,equis
S002-858,,,,,BigFork,0.0,equis
S004-002,,,,,BigFork,0.0,equis
S011-625,,,,,BigFork,0.0,equis
S011-620,,,,,BigFork,0.0,equis
S010-198,,,,,BigFork,0.0,equis
S010-250,,,,,BigFork,0.0,equis
S011-363,,,,,BigFork,0.0,equis
S006-203,,,,,BigFork,0.0,equis
S006-996,,,,,BigFork,0.0,equis
S006-328,,,,,BigFork,0.0,equis
S009-342,127.0,127,,,BigFork,0.0,equis
S007-352,127.0,127,,,BigFork,0.0,equis
S017-410,127.0,"124,125",,,BigFork,0.0,equis
S011-614,,,,,BigFork,0.0,equis
S007-349,,,,,BigFork,0.0,equis
S007-350,129.0,129,potential backwater effects,,BigFork,0.0,equis
S011-632,,,,,BigFork,0.0,equis
S010-273,,,,,BigFork,0.0,equis
S002-860,,,,,BigFork,0.0,equis
S006-188,139.0,139,,,BigFork,0.0,equis
S011-615,,,,,BigFork,0.0,equis
S011-616,,,,,BigFork,0.0,equis
S011-345,,,,,BigFork,0.0,equis
S007-207,,,,,BigFork,0.0,equis
S007-219,,,,,BigFork,0.0,equis
S001-965,,,,,BigFork,0.0,equis
S011-642,,,,,BigFork,0.0,equis
S000-173,,,,,BigFork,0.0,equis
S011-633,,,,,BigFork,0.0,equis
S012-177,,,,,BigFork,0.0,equis
S011-627,,,,,BigFork,0.0,equis
S011-628,,,,,BigFork,0.0,equis
S006-204,,,,,BigFork,0.0,equis
S016-492,,,,,BigFork,0.0,equis
S010-238,,,,,BigFork,0.0,equis
S011-613,125.0,125,single subwatershed,,BigFork,0.0,equis
S009-341,125.0,125,single watershed,,BigFork,0.0,equis
S010-262,,,,,BigFork,0.0,equis
S016-690,,,,,BigFork,0.0,equis
S016-691,,,,,BigFork,0.0,equis
S016-692,,,,,BigFork,0.0,equis
S016-693,122.0,122,,,BigFork,0.0,equis
S010-277,,,,,BigFork,0.0,equis
S010-251,,,,,BigFork,0.0,equis
S011-629,,,,,BigFork,0.0,equis
S010-219,,,,,BigFork,0.0,equis
S011-639,,,,,BigFork,0.0,equis
S006-205,,,,,BigFork,0.0,equis
S010-191,,,,,BigFork,0.0,equis
S011-635,,,,,BigFork,0.0,equis
S011-634,,,,,BigFork,0.0,equis
S011-646,,,,,BigFork,0.0,equis
S011-651,,,,,BigFork,0.0,equis
S012-176,,,,,BigFork,0.0,equis
S011-637,,,,,BigFork,0.0,equis
S011-638,,,,,BigFork,0.0,equis
S011-647,,,,,BigFork,0.0,equis
S011-645,,,,,BigFork,0.0,equis
S002-857,,,,,BigFork,0.0,equis
S011-650,,,,,BigFork,0.0,equis
S011-626,,,,,BigFork,0.0,equis
S011-649,,,,,BigFork,0.0,equis
S002-856,,,,,BigFork,0.0,equis
S004-000,,,,,BigFork,0.0,equis
S017-336,,,,,BigFork,0.0,equis
S011-640,,,,,BigFork,0.0,equis
S002-855,,,,,BigFork,0.0,equis
S011-636,,,,,BigFork,0.0,equis
S014-640,,,,,BigFork,0.0,equis
S001-150,,,,,BigFork,0.0,equis
S011-648,,,,,BigFork,0.0,equis
S016-494,,,,,BigFork,0.0,equis
S010-217,,,,,BigFork,0.0,equis
S011-643,,,,,BigFork,0.0,equis
S011-619,,,,,BigFork,0.0,equis
S011-618,,,,,BigFork,0.0,equis
S006-208,,,,,BigFork,0.0,equis
S005-388,,,,,BigFork,0.0,equis
S006-084,,,,,BigFork,0.0,equis
S011-621,,,,,BigFork,0.0,equis
S005-373,37.0,38,,,BigFork,0.0,equis
S014-048,30.0,30,Middloe of very long reach,,BigFork,0.0,equis
S007-348,70.0,70,,,BigFork,0.0,equis
S017-823,,,,,BigFork,0.0,equis
S007-389,,,,,BigSioux,0.0,equis
S011-888,,,,,BigSioux,0.0,equis
S007-390,,,,,BigSioux,0.0,equis
S011-887,,,,,BigSioux,0.0,equis
S011-891,,,,,BigSioux,0.0,equis
S007-382,,,,,BigSioux,0.0,equis
S007-383,,,,,BigSioux,0.0,equis
S011-902,,,,,BigSioux,0.0,equis
S007-387,,,,,BigSioux,0.0,equis
S011-893,,,,,BigSioux,0.0,equis
S006-579,,,,,BigSioux,0.0,equis
S004-528,,,,,BigSioux,0.0,equis
S016-551,,,,,BigSioux,0.0,equis
S018-015,,,,,BigSioux,0.0,equis
S001-140,,,,,BigSioux,0.0,equis
S001-139,247.0,247,,,BigSioux,0.0,equis
S001-141,,,,,BigSioux,0.0,equis
S011-898,,,,,BigSioux,0.0,equis
S007-384,,,,,BigSioux,0.0,equis
S011-894,,,,,BigSioux,0.0,equis
S001-144,241.0,241,,,BigSioux,0.0,equis
S001-143,,,,,BigSioux,0.0,equis
S011-903,,,,,BigSioux,0.0,equis
S004-811,,,,,BigSioux,0.0,equis
S010-050,,,,,BigSioux,0.0,equis
S011-885,,,,,BigSioux,0.0,equis
S011-901,,,,,BigSioux,0.0,equis
S000-652,233.0,233,,,BigSioux,0.0,equis
S010-051,,,,,BigSioux,0.0,equis
S011-877,,,,,BigSioux,0.0,equis
S000-682,,,,,BigSioux,0.0,equis
S007-386,,,,,BigSioux,0.0,equis
S011-896,,,,,BigSioux,0.0,equis
S011-900,,,,,BigSioux,0.0,equis
S010-047,,,,,BigSioux,0.0,equis
S007-394,,,,,BigSioux,0.0,equis
S011-886,,,,,BigSioux,0.0,equis
S002-380,,,,,BigSioux,0.0,equis
S007-385,,,,,BigSioux,0.0,equis
S011-899,,,,,BigSioux,0.0,equis
S011-889,,,,,BigSioux,0.0,equis
S007-381,,,,,BigSioux,0.0,equis
S011-879,,,,,BigSioux,0.0,equis
S011-890,,,,,BigSioux,0.0,equis
S010-505,,,,,BigSioux,0.0,equis
S000-644,,,,,BigSioux,0.0,equis
S010-059,,,,,BigSioux,0.0,equis
S000-650,,,,,BigSioux,0.0,equis
S017-355,,,,,BigSioux,0.0,equis
S011-897,,,,,BigSioux,0.0,equis
S000-743,,,,,BigSioux,0.0,equis
S000-099,,,,,BigSioux,0.0,equis
S000-510,,,,,BigSioux,0.0,equis
S006-580,,,,,BigSioux,0.0,equis
S004-530,,,,,BigSioux,0.0,equis
S001-904,,,,,BigSioux,0.0,equis
S006-726,,,,,BigSioux,0.0,equis
S000-646,,,,,BigSioux,0.0,equis
S004-529,237.0,237,,,BigSioux,0.0,equis
S005-382,,,,,BigSioux,0.0,equis
S002-358,239.0,239,,,BigSioux,0.0,equis
S010-036,,,,,BigSioux,0.0,equis
S001-142,245.0,245,,,BigSioux,0.0,equis
S007-391,,,,,BigSioux,0.0,equis
S011-878,,,,,BigSioux,0.0,equis
S010-057,,,,,BigSioux,0.0,equis
S011-964,,,,,BigSioux,0.0,equis
S012-463,,,,,BigSioux,0.0,equis
S007-388,521.0,521,,,BigSioux,0.0,equis
S011-881,,,,,BigSioux,0.0,equis
S011-882,,,,,BigSioux,0.0,equis
S011-880,,,,,BigSioux,0.0,equis
S016-776,,,,,BigSioux,0.0,equis
S007-393,525.0,525,,,BigSioux,0.0,equis
S011-884,,,,,BigSioux,0.0,equis
S017-167,,,,,BigSioux,0.0,equis
S007-392,531.0,531,,,BigSioux,0.0,equis
S011-883,,,,,BigSioux,0.0,equis
S006-581,537.0,537,,,BigSioux,0.0,equis
S006-582,509.0,509,,,BigSioux,0.0,equis
S011-876,,,,,BigSioux,0.0,equis
S005-379,,,,,BlueEarth,0.0,equis
S008-082,,,,,BlueEarth,0.0,equis
S013-624,,,,,BlueEarth,0.0,equis
S005-460,,,,,BlueEarth,0.0,equis
S005-389,,,,,BlueEarth,0.0,equis
S000-134,,,,,BlueEarth,0.0,equis
S017-391,,,,,BlueEarth,0.0,equis
S000-171,,,,,BlueEarth,0.0,equis
S006-680,,,,,BlueEarth,0.0,equis
S001-327,,,,,BlueEarth,0.0,equis
S009-557,,,,,BlueEarth,0.0,equis
S013-715,,,,,BlueEarth,0.0,equis
S013-716,,,,,BlueEarth,0.0,equis
S009-704,,,,,BlueEarth,0.0,equis
S000-524,,,,,BlueEarth,0.0,equis
S000-036,,,,,BlueEarth,0.0,equis
S014-411,,,,,BlueEarth,0.0,equis
S014-413,,,,,BlueEarth,0.0,equis
S006-781,,,,,BlueEarth,0.0,equis
S006-781,,,,,BlueEarth,0.0,equis
S006-780,,,,,BlueEarth,0.0,equis
S006-780,,,,,BlueEarth,0.0,equis
S014-415,,,,,BlueEarth,0.0,equis
S014-418,,,,,BlueEarth,0.0,equis
S014-419,,,,,BlueEarth,0.0,equis
S014-420,,,,,BlueEarth,0.0,equis
S013-702,,,,,BlueEarth,0.0,equis
S014-416,,,,,BlueEarth,0.0,equis
S014-417,,,,,BlueEarth,0.0,equis
S009-710,,,,,BlueEarth,0.0,equis
S014-423,,,,,BlueEarth,0.0,equis
S002-477,,,,,BlueEarth,0.0,equis
S013-701,,,,,BlueEarth,0.0,equis
S009-435,,,,,BlueEarth,0.0,equis
S009-686,,,,,BlueEarth,0.0,equis
S013-617,,,,,BlueEarth,0.0,equis
S014-414,,,,,BlueEarth,0.0,equis
S009-436,,,,,BlueEarth,0.0,equis
S006-723,,,,,BlueEarth,0.0,equis
S014-412,,,,,BlueEarth,0.0,equis
S005-358,,,,,BlueEarth,0.0,equis
S013-052,,,,,BlueEarth,0.0,equis
S013-703,,,,,BlueEarth,0.0,equis
S000-140,,,,,BlueEarth,0.0,equis
S014-409,,,,,BlueEarth,0.0,equis
S010-484,,,,,BlueEarth,0.0,equis
S003-445,,,,,BlueEarth,0.0,equis
S014-408,,,,,BlueEarth,0.0,equis
S011-378,,,,,BlueEarth,0.0,equis
S001-213,,,,,BlueEarth,0.0,equis
S013-615,,,,,BlueEarth,0.0,equis
S009-814,,,,,BlueEarth,0.0,equis
S014-406,,,,,BlueEarth,0.0,equis
S013-616,,,,,BlueEarth,0.0,equis
S000-584,,,,,BlueEarth,0.0,equis
S006-673,,,,,BlueEarth,0.0,equis
S013-699,,,,,BlueEarth,0.0,equis
S009-437,,,,,BlueEarth,0.0,equis
S014-404,,,,,BlueEarth,0.0,equis
S000-583,,,,,BlueEarth,0.0,equis
S014-422,,,,,BlueEarth,0.0,equis
S014-399,,,,,BlueEarth,0.0,equis
S000-519,,,,,BlueEarth,0.0,equis
S014-400,,,,,BlueEarth,0.0,equis
S014-401,,,,,BlueEarth,0.0,equis
S009-553,,,,,BlueEarth,0.0,equis
S000-135,,,,,BlueEarth,0.0,equis
S014-407,,,,,BlueEarth,0.0,equis
S001-212,,,,,BlueEarth,0.0,equis
S013-658,,,,,BlueEarth,0.0,equis
S014-410,,,,,BlueEarth,0.0,equis
S014-405,,,,,BlueEarth,0.0,equis
S013-704,,,,,BlueEarth,0.0,equis
S009-144,,,,,BlueEarth,0.0,equis
S000-534,,,,,BlueEarth,0.0,equis
S009-719,,,,,BlueEarth,0.0,equis
S014-403,,,,,BlueEarth,0.0,equis
S013-660,,,,,BlueEarth,0.0,equis
S001-211,,,,,BlueEarth,0.0,equis
S013-700,,,,,BlueEarth,0.0,equis
S014-896,,,,,BlueEarth,0.0,equis
S000-533,,,,,BlueEarth,0.0,equis
S011-382,,,,,BlueEarth,0.0,equis
S013-710,,,,,BlueEarth,0.0,equis
S000-526,,,,,BlueEarth,0.0,equis
S003-378,,,,,BlueEarth,0.0,equis
S013-711,,,,,BlueEarth,0.0,equis
S009-554,,,,,BlueEarth,0.0,equis
S000-469,,,,,BlueEarth,0.0,equis
S002-471,,,,,BlueEarth,0.0,equis
S000-525,,,,,BlueEarth,0.0,equis
S013-618,,,,,BlueEarth,0.0,equis
S014-389,,,,,BlueEarth,0.0,equis
S014-390,,,,,BlueEarth,0.0,equis
S003-934,,,,,BlueEarth,0.0,equis
S003-001,,,,,BlueEarth,0.0,equis
S003-023,,,,,BlueEarth,0.0,equis
S001-333,,,,,BlueEarth,0.0,equis
S000-347,,,,,BlueEarth,0.0,equis
S001-121,,,,,BlueEarth,0.0,equis
S000-138,,,,,BlueEarth,0.0,equis
S001-147,,,,,BlueEarth,0.0,equis
S001-146,,,,,BlueEarth,0.0,equis
S000-408,,,,,BlueEarth,0.0,equis
S000-291,,,,,BlueEarth,0.0,equis
S013-706,,,,,BlueEarth,0.0,equis
S013-707,,,,,BlueEarth,0.0,equis
S005-474,,,,,BlueEarth,0.0,equis
S017-751,,,,,BlueEarth,0.0,equis
S017-753,,,,,BlueEarth,0.0,equis
S010-498,,,,,BlueEarth,0.0,equis
S001-610,,,,,BlueEarth,0.0,equis
S003-000,,,,,BlueEarth,0.0,equis
S003-000,,,,,BlueEarth,0.0,equis
S001-332,,,,,BlueEarth,0.0,equis
S015-216,,,,,BlueEarth,0.0,equis
S014-402,,,,,BlueEarth,0.0,equis
S004-743,,,,,BlueEarth,0.0,equis
S000-540,,,,,BlueEarth,0.0,equis
S013-705,,,,,BlueEarth,0.0,equis
S008-342,,,,,BlueEarth,0.0,equis
S014-393,,,,,BlueEarth,0.0,equis
S014-388,,,,,BlueEarth,0.0,equis
S001-090,,,,,BlueEarth,0.0,equis
S003-024,,,,,BlueEarth,0.0,equis
S001-089,,,,,BlueEarth,0.0,equis
S001-088,,,,,BlueEarth,0.0,equis
S013-708,,,,,BlueEarth,0.0,equis
S009-813,,,,,BlueEarth,0.0,equis
S001-145,,,,,BlueEarth,0.0,equis
S000-407,,,,,BlueEarth,0.0,equis
S000-406,,,,,BlueEarth,0.0,equis
S003-021,,,,,BlueEarth,0.0,equis
S001-214,,,,,BlueEarth,0.0,equis
S013-659,,,,,BlueEarth,0.0,equis
S001-950,,,,,BlueEarth,0.0,equis
S004-078,,,,,BlueEarth,0.0,equis
S000-674,,,,,BlueEarth,0.0,equis
S000-673,,,,,BlueEarth,0.0,equis
S000-672,,,,,BlueEarth,0.0,equis
S000-671,,,,,BlueEarth,0.0,equis
S004-087,,,,,BlueEarth,0.0,equis
S004-088,,,,,BlueEarth,0.0,equis
S004-084,,,,,BlueEarth,0.0,equis
S004-085,,,,,BlueEarth,0.0,equis
S004-083,,,,,BlueEarth,0.0,equis
S004-081,,,,,BlueEarth,0.0,equis
S014-386,,,,,BlueEarth,0.0,equis
S004-076,,,,,BlueEarth,0.0,equis
S004-077,,,,,BlueEarth,0.0,equis
S001-070,,,,,BlueEarth,0.0,equis
S003-020,,,,,BlueEarth,0.0,equis
S004-082,,,,,BlueEarth,0.0,equis
S014-384,,,,,BlueEarth,0.0,equis
S003-002,,,,,BlueEarth,0.0,equis
S001-071,,,,,BlueEarth,0.0,equis
S004-218,,,,,BlueEarth,0.0,equis
S014-381,,,,,BlueEarth,0.0,equis
S014-397,,,,,BlueEarth,0.0,equis
S002-428,,,,,BlueEarth,0.0,equis
S014-396,,,,,BlueEarth,0.0,equis
S014-398,,,,,BlueEarth,0.0,equis
S013-713,,,,,BlueEarth,0.0,equis
S009-556,,,,,BlueEarth,0.0,equis
S001-302,,,,,BlueEarth,0.0,equis
S000-522,,,,,BlueEarth,0.0,equis
S000-521,,,,,BlueEarth,0.0,equis
S000-520,,,,,BlueEarth,0.0,equis
S000-035,,,,,BlueEarth,0.0,equis
S013-712,,,,,BlueEarth,0.0,equis
S000-523,,,,,BlueEarth,0.0,equis
S006-073,,,,,BlueEarth,0.0,equis
S000-161,,,,,BlueEarth,0.0,equis
S000-532,,,,,BlueEarth,0.0,equis
S000-535,,,,,BlueEarth,0.0,equis
S002-476,,,,,BlueEarth,0.0,equis
S003-025,,,,,BlueEarth,0.0,equis
S012-130,,,,,BlueEarth,0.0,equis
S012-131,,,,,BlueEarth,0.0,equis
S013-709,,,,,BlueEarth,0.0,equis
S001-027,,,,,BlueEarth,0.0,equis
S004-217,,,,,BlueEarth,0.0,equis
S014-383,,,,,BlueEarth,0.0,equis
S014-382,,,,,BlueEarth,0.0,equis
S001-062,,,,,BlueEarth,0.0,equis
S001-069,,,,,BlueEarth,0.0,equis
S001-069,,,,,BlueEarth,0.0,equis
S001-028,,,,,BlueEarth,0.0,equis
S001-949,,,,,BlueEarth,0.0,equis
S003-022,,,,,BlueEarth,0.0,equis
S012-459,,,,,BlueEarth,0.0,equis
S012-458,,,,,BlueEarth,0.0,equis
S017-302,,,,,BlueEarth,0.0,equis
S017-303,,,,,BlueEarth,0.0,equis
S014-387,,,,,BlueEarth,0.0,equis
S006-806,,,,,BlueEarth,0.0,equis
S006-806,,,,,BlueEarth,0.0,equis
S004-080,,,,,BlueEarth,0.0,equis
S009-811,,,,,BlueEarth,0.0,equis
S006-782,,,,,BlueEarth,0.0,equis
S006-782,,,,,BlueEarth,0.0,equis
S006-947,,,,,BlueEarth,0.0,equis
S006-947,,,,,BlueEarth,0.0,equis
S006-783,,,,,BlueEarth,0.0,equis
S006-783,,,,,BlueEarth,0.0,equis
S006-785,,,,,BlueEarth,0.0,equis
S006-785,,,,,BlueEarth,0.0,equis
S016-631,,,,,BlueEarth,0.0,equis
S016-632,,,,,BlueEarth,0.0,equis
S016-633,,,,,BlueEarth,0.0,equis
S016-634,,,,,BlueEarth,0.0,equis
S016-640,,,,,BlueEarth,0.0,equis
S017-304,,,,,BlueEarth,0.0,equis
S006-787,,,,,BlueEarth,0.0,equis
S006-787,,,,,BlueEarth,0.0,equis
S004-079,,,,,BlueEarth,0.0,equis
S014-391,,,,,BlueEarth,0.0,equis
S014-395,,,,,BlueEarth,0.0,equis
S014-394,,,,,BlueEarth,0.0,equis
S007-573,,,,,BlueEarth,0.0,equis
S014-893,,,,,BlueEarth,0.0,equis
S013-619,,,,,BlueEarth,0.0,equis
S013-714,,,,,BlueEarth,0.0,equis
S003-314,,,,,Buffalo,0.0,equis
S003-311,,,,,Buffalo,0.0,equis
S003-312,,,,,Buffalo,0.0,equis
S003-315,,,,,Buffalo,0.0,equis
S003-316,,,,,Buffalo,0.0,equis
S010-518,,,,,Buffalo,0.0,equis
S002-112,,,,,Buffalo,0.0,equis
S005-607,,,,,Buffalo,0.0,equis
S008-162,,,,,Buffalo,0.0,equis
S011-131,,,,,Buffalo,0.0,equis
S008-161,,,,,Buffalo,0.0,equis
S008-160,,,,,Buffalo,0.0,equis
S008-159,,,,,Buffalo,0.0,equis
S010-179,,,,,Buffalo,0.0,equis
S008-163,,,,,Buffalo,0.0,equis
S005-592,,,,,Buffalo,0.0,equis
S005-608,,,,,Buffalo,0.0,equis
S003-151,,,,,Buffalo,0.0,equis
S005-063,,,,,Buffalo,0.0,equis
S005-064,,,,,Buffalo,0.0,equis
S003-147,,,,,Buffalo,0.0,equis
S005-062,,,,,Buffalo,0.0,equis
S004-179,,,,,Buffalo,0.0,equis
S005-061,,,,,Buffalo,0.0,equis
S004-178,,,,,Buffalo,0.0,equis
S005-060,,,,,Buffalo,0.0,equis
S011-172,,,,,Buffalo,0.0,equis
S014-534,,,,,Buffalo,0.0,equis
S005-059,,,,,Buffalo,0.0,equis
S006-565,,,,,Buffalo,0.0,equis
S011-153,,,,,Buffalo,0.0,equis
S011-154,,,,,Buffalo,0.0,equis
S003-148,,,,,Buffalo,0.0,equis
S011-152,,,,,Buffalo,0.0,equis
S014-608,,,,,Buffalo,0.0,equis
S015-046,,,,,Buffalo,0.0,equis
S005-001,,,,,Buffalo,0.0,equis
S005-000,,,,,Buffalo,0.0,equis
S004-999,,,,,Buffalo,0.0,equis
S007-455,,,,,Buffalo,0.0,equis
S004-998,,,,,Buffalo,0.0,equis
S006-323,,,,,Buffalo,0.0,equis
S011-140,,,,,Buffalo,0.0,equis
S011-141,,,,,Buffalo,0.0,equis
S008-158,,,,,Buffalo,0.0,equis
S008-157,,,,,Buffalo,0.0,equis
S003-282,,,,,Buffalo,0.0,equis
S008-156,,,,,Buffalo,0.0,equis
S002-711,,,,,Buffalo,0.0,equis
S004-112,,,,,Buffalo,0.0,equis
S003-694,,,,,Buffalo,0.0,equis
S004-108,,,,,Buffalo,0.0,equis
S004-148,,,,,Buffalo,0.0,equis
S003-129,,,,,Buffalo,0.0,equis
S005-605,,,,,Buffalo,0.0,equis
S011-171,,,,,Buffalo,0.0,equis
S004-342,,,,,Buffalo,0.0,equis
S011-162,,,,,Buffalo,0.0,equis
S002-708,,,,,Buffalo,0.0,equis
S003-156,,,,,Buffalo,0.0,equis
S011-135,,,,,Buffalo,0.0,equis
S011-149,,,,,Buffalo,0.0,equis
S014-605,,,,,Buffalo,0.0,equis
S005-132,,,,,Buffalo,0.0,equis
S006-692,,,,,Buffalo,0.0,equis
S004-146,,,,,Buffalo,0.0,equis
S011-145,,,,,Buffalo,0.0,equis
S017-881,,,,,Buffalo,0.0,equis
S004-145,,,,,Buffalo,0.0,equis
S011-133,,,,,Buffalo,0.0,equis
S003-155,,,,,Buffalo,0.0,equis
S010-176,,,,,Buffalo,0.0,equis
S010-134,,,,,Buffalo,0.0,equis
S005-133,,,,,Buffalo,0.0,equis
S002-710,,,,,Buffalo,0.0,equis
S003-125,,,,,Buffalo,0.0,equis
S011-139,,,,,Buffalo,0.0,equis
S004-147,,,,,Buffalo,0.0,equis
S002-709,,,,,Buffalo,0.0,equis
S010-829,,,,,Buffalo,0.0,equis
S014-680,,,,,Buffalo,0.0,equis
S011-150,,,,,Buffalo,0.0,equis
S011-163,,,,,Buffalo,0.0,equis
S006-562,,,,,Buffalo,0.0,equis
S007-457,,,,,Buffalo,0.0,equis
S004-105,,,,,Buffalo,0.0,equis
S005-611,,,,,Buffalo,0.0,equis
S011-170,,,,,Buffalo,0.0,equis
LD01726,,,,,Buffalo,0.0,equis
S003-255,,,,,Buffalo,0.0,equis
S003-256,,,,,Buffalo,0.0,equis
S003-257,,,,,Buffalo,0.0,equis
S003-265,,,,,Buffalo,0.0,equis
S003-258,,,,,Buffalo,0.0,equis
S003-259,,,,,Buffalo,0.0,equis
S005-134,,,,,Buffalo,0.0,equis
S004-782,,,,,Buffalo,0.0,equis
S003-313,,,,,Buffalo,0.0,equis
S006-511,,,,,Buffalo,0.0,equis
S011-143,,,,,Buffalo,0.0,equis
S005-609,,,,,Buffalo,0.0,equis
S011-156,,,,,Buffalo,0.0,equis
S003-146,,,,,Buffalo,0.0,equis
S007-586,,,,,Buffalo,0.0,equis
S011-137,,,,,Buffalo,0.0,equis
S002-700,,,,,Buffalo,0.0,equis
S011-176,,,,,Buffalo,0.0,equis
S011-132,,,,,Buffalo,0.0,equis
S008-930,,,,,Buffalo,0.0,equis
S011-157,,,,,Buffalo,0.0,equis
S002-111,,,,,Buffalo,0.0,equis
S006-322,,,,,Buffalo,0.0,equis
S003-150,,,,,Buffalo,0.0,equis
S008-153,,,,,Buffalo,0.0,equis
S008-154,,,,,Buffalo,0.0,equis
S011-165,,,,,Buffalo,0.0,equis
S008-155,,,,,Buffalo,0.0,equis
S010-113,,,,,Buffalo,0.0,equis
S003-145,,,,,Buffalo,0.0,equis
S005-002,,,,,Buffalo,0.0,equis
S013-732,,,,,Buffalo,0.0,equis
S006-563,,,,,Buffalo,0.0,equis
S010-828,,,,,Buffalo,0.0,equis
S011-177,,,,,Buffalo,0.0,equis
S006-564,,,,,Buffalo,0.0,equis
S000-174,,,,,Buffalo,0.0,equis
S005-610,,,,,Buffalo,0.0,equis
S002-125,,,,,Buffalo,0.0,equis
S003-152,,,,,Buffalo,0.0,equis
S003-154,,,,,Buffalo,0.0,equis
S011-136,,,,,Buffalo,0.0,equis
S011-155,,,,,Buffalo,0.0,equis
S003-261,,,,,Buffalo,0.0,equis
S003-262,,,,,Buffalo,0.0,equis
S003-264,,,,,Buffalo,0.0,equis
S003-263,,,,,Buffalo,0.0,equis
S003-267,,,,,Buffalo,0.0,equis
S003-254,,,,,Buffalo,0.0,equis
S003-253,,,,,Buffalo,0.0,equis
S003-260,,,,,Buffalo,0.0,equis
S003-252,,,,,Buffalo,0.0,equis
S010-118,,,,,Buffalo,0.0,equis
S011-174,,,,,Buffalo,0.0,equis
S011-175,,,,,Buffalo,0.0,equis
S005-135,,,,,Buffalo,0.0,equis
S014-604,,,,,Buffalo,0.0,equis
S008-152,,,,,Buffalo,0.0,equis
S008-148,,,,,Buffalo,0.0,equis
S008-146,,,,,Buffalo,0.0,equis
S008-145,,,,,Buffalo,0.0,equis
S008-147,,,,,Buffalo,0.0,equis
S008-150,,,,,Buffalo,0.0,equis
S008-151,,,,,Buffalo,0.0,equis
S008-164,,,,,Buffalo,0.0,equis
S003-280,,,,,Buffalo,0.0,equis
S003-279,,,,,Buffalo,0.0,equis
S011-167,,,,,Buffalo,0.0,equis
S005-606,,,,,Buffalo,0.0,equis
S004-191,,,,,Buffalo,0.0,equis
S010-170,,,,,Buffalo,0.0,equis
S003-149,,,,,Buffalo,0.0,equis
S011-148,,,,,Buffalo,0.0,equis
S003-153,,,,,Buffalo,0.0,equis
S010-135,,,,,Buffalo,0.0,equis
S008-932,,,,,Buffalo,0.0,equis
S008-933,,,,,Buffalo,0.0,equis
S010-529,,,,,Buffalo,0.0,equis
S011-146,,,,,Buffalo,0.0,equis
S011-147,,,,,Buffalo,0.0,equis
S011-173,,,,,Buffalo,0.0,equis
S003-693,,,,,Buffalo,0.0,equis
S011-138,,,,,Buffalo,0.0,equis
S004-547,,,,,Cannon,0.0,equis
S007-489,,,,,Cannon,0.0,equis
S011-762,,,,,Cannon,0.0,equis
S017-500,,,,,Cannon,0.0,equis
S005-019,,,,,Cannon,0.0,equis
S005-020,,,,,Cannon,0.0,equis
S011-784,,,,,Cannon,0.0,equis
S009-456,,,,,Cannon,0.0,equis
S000-102,,,,,Cannon,0.0,equis
S002-475,,,,,Cannon,0.0,equis
S009-732,,,,,Cannon,0.0,equis
S001-766,,,,,Cannon,0.0,equis
S004-258,,,,,Cannon,0.0,equis
S009-032,,,,,Cannon,0.0,equis
S008-975,,,,,Cannon,0.0,equis
S002-530,,,,,Cannon,0.0,equis
S002-412,,,,,Cannon,0.0,equis
S001-941,,,,,Cannon,0.0,equis
S009-033,,,,,Cannon,0.0,equis
S009-916,,,,,Cannon,0.0,equis
S010-428,,,,,Cannon,0.0,equis
S014-018,,,,,Cannon,0.0,equis
S017-311,,,,,Cannon,0.0,equis
S014-019,,,,,Cannon,0.0,equis
S001-671,,,,,Cannon,0.0,equis
S009-543,,,,,Cannon,0.0,equis
S011-758,,,,,Cannon,0.0,equis
S009-541,,,,,Cannon,0.0,equis
S000-003,,,,,Cannon,0.0,equis
S000-003,,,,,Cannon,0.0,equis
S011-813,,,,,Cannon,0.0,equis
S007-319,,,,,Cannon,0.0,equis
S009-939,,,,,Cannon,0.0,equis
S011-754,,,,,Cannon,0.0,equis
S004-806,,,,,Cannon,0.0,equis
S018-005,,,,,Cannon,0.0,equis
S011-392,,,,,Cannon,0.0,equis
S001-666,,,,,Cannon,0.0,equis
S001-670,,,,,Cannon,0.0,equis
S009-545,,,,,Cannon,0.0,equis
S011-753,,,,,Cannon,0.0,equis
S014-619,,,,,Cannon,0.0,equis
S010-029,,,,,Cannon,0.0,equis
S011-803,,,,,Cannon,0.0,equis
S015-229,,,,,Cannon,0.0,equis
S001-784,,,,,Cannon,0.0,equis
S002-538,,,,,Cannon,0.0,equis
S003-818,,,,,Cannon,0.0,equis
S001-348,,,,,Cannon,0.0,equis
S009-950,,,,,Cannon,0.0,equis
S001-601,,,,,Cannon,0.0,equis
S006-704,,,,,Cannon,0.0,equis
S009-544,,,,,Cannon,0.0,equis
S001-668,,,,,Cannon,0.0,equis
S001-786,,,,,Cannon,0.0,equis
S002-533,,,,,Cannon,0.0,equis
S001-669,,,,,Cannon,0.0,equis
S010-427,,,,,Cannon,0.0,equis
S001-543,,,,,Cannon,0.0,equis
S001-582,,,,,Cannon,0.0,equis
S007-071,,,,,Cannon,0.0,equis
S009-542,,,,,Cannon,0.0,equis
S001-583,,,,,Cannon,0.0,equis
S003-803,,,,,Cannon,0.0,equis
S000-290,,,,,Cannon,0.0,equis
S003-965,,,,,Cannon,0.0,equis
S005-480,,,,,Cannon,0.0,equis
S011-759,,,,,Cannon,0.0,equis
S001-937,,,,,Cannon,0.0,equis
S001-939,,,,,Cannon,0.0,equis
S014-660,,,,,Cannon,0.0,equis
S007-288,,,,,Cannon,0.0,equis
S002-531,,,,,Cannon,0.0,equis
S002-528,,,,,Cannon,0.0,equis
S002-529,,,,,Cannon,0.0,equis
S016-820,,,,,Cannon,0.0,equis
S016-821,,,,,Cannon,0.0,equis
S016-822,,,,,Cannon,0.0,equis
S016-823,,,,,Cannon,0.0,equis
S007-656,,,,,Cannon,0.0,equis
S001-242,,,,,Cannon,0.0,equis
S001-241,,,,,Cannon,0.0,equis
S009-954,,,,,Cannon,0.0,equis
S001-198,,,,,Cannon,0.0,equis
S001-197,,,,,Cannon,0.0,equis
S001-785,,,,,Cannon,0.0,equis
S001-186,,,,,Cannon,0.0,equis
S002-244,,,,,Cannon,0.0,equis
S011-760,,,,,Cannon,0.0,equis
S001-782,,,,,Cannon,0.0,equis
S001-396,,,,,Cannon,0.0,equis
S003-967,,,,,Cannon,0.0,equis
S009-964,,,,,Cannon,0.0,equis
S004-389,,,,,Cannon,0.0,equis
S006-521,,,,,Cannon,0.0,equis
S001-787,,,,,Cannon,0.0,equis
S012-275,,,,,Cannon,0.0,equis
S017-325,,,,,Cannon,0.0,equis
S001-935,,,,,Cannon,0.0,equis
S004-512,,,,,Cannon,0.0,equis
S004-917,,,,,Cannon,0.0,equis
S002-535,,,,,Cannon,0.0,equis
S001-938,,,,,Cannon,0.0,equis
S003-555,,,,,Cannon,0.0,equis
S003-554,,,,,Cannon,0.0,equis
S001-446,,,,,Cannon,0.0,equis
S016-847,,,,,Cannon,0.0,equis
S009-974,,,,,Cannon,0.0,equis
S004-511,,,,,Cannon,0.0,equis
S001-275,,,,,Cannon,0.0,equis
S011-787,,,,,Cannon,0.0,equis
S011-767,,,,,Cannon,0.0,equis
S005-308,,,,,Cannon,0.0,equis
S009-972,,,,,Cannon,0.0,equis
S011-804,,,,,Cannon,0.0,equis
S005-492,,,,,Cannon,0.0,equis
S011-276,,,,,Cannon,0.0,equis
S001-397,,,,,Cannon,0.0,equis
S004-388,,,,,Cannon,0.0,equis
S011-765,,,,,Cannon,0.0,equis
S011-768,,,,,Cannon,0.0,equis
S014-626,,,,,Cannon,0.0,equis
S016-824,,,,,Cannon,0.0,equis
S005-307,,,,,Cannon,0.0,equis
S009-970,,,,,Cannon,0.0,equis
S000-038,,,,,Cannon,0.0,equis
S014-684,,,,,Cannon,0.0,equis
S002-527,,,,,Cannon,0.0,equis
S001-344,,,,,Cannon,0.0,equis
S009-966,,,,,Cannon,0.0,equis
S001-337,,,,,Cannon,0.0,equis
S001-244,,,,,Cannon,0.0,equis
S007-099,,,,,Cannon,0.0,equis
S009-942,,,,,Cannon,0.0,equis
S001-092,,,,,Cannon,0.0,equis
S004-136,,,,,Cannon,0.0,equis
S004-140,,,,,Cannon,0.0,equis
S001-034,,,,,Cannon,0.0,equis
S001-036,,,,,Cannon,0.0,equis
S001-588,,,,,Cannon,0.0,equis
S007-488,,,,,Cannon,0.0,equis
S001-246,,,,,Cannon,0.0,equis
S012-684,,,,,Cannon,0.0,equis
S004-447,,,,,Cannon,0.0,equis
S005-018,,,,,Cannon,0.0,equis
S006-672,,,,,Cannon,0.0,equis
S001-683,,,,,Cannon,0.0,equis
S007-100,,,,,Cannon,0.0,equis
S008-046,,,,,Cannon,0.0,equis
S017-921,,,,,Cannon,0.0,equis
S005-497,,,,,Cannon,0.0,equis
S002-681,,,,,Cannon,0.0,equis
S005-419,,,,,Cannon,0.0,equis
S011-807,,,,,Cannon,0.0,equis
S001-783,,,,,Cannon,0.0,equis
S002-465,,,,,Cannon,0.0,equis
S009-969,,,,,Cannon,0.0,equis
S004-448,,,,,Cannon,0.0,equis
S011-810,,,,,Cannon,0.0,equis
S004-155,,,,,Cannon,0.0,equis
S005-440,,,,,Cannon,0.0,equis
S011-808,,,,,Cannon,0.0,equis
S000-506,,,,,Cannon,0.0,equis
S000-507,,,,,Cannon,0.0,equis
S000-508,,,,,Cannon,0.0,equis
S003-557,,,,,Cannon,0.0,equis
S011-788,,,,,Cannon,0.0,equis
S004-848,,,,,Cannon,0.0,equis
S004-450,,,,,Cannon,0.0,equis
S013-091,,,,,Cannon,0.0,equis
S000-545,,,,,Cannon,0.0,equis
S003-487,,,,,Cannon,0.0,equis
S009-923,,,,,Cannon,0.0,equis
S004-159,,,,,Cannon,0.0,equis
S009-967,,,,,Cannon,0.0,equis
S011-785,,,,,Cannon,0.0,equis
S001-586,,,,,Cannon,0.0,equis
S017-168,,,,,Cannon,0.0,equis
S000-448,,,,,Cannon,0.0,equis
S007-953,,,,,Cannon,0.0,equis
S000-509,,,,,Cannon,0.0,equis
S001-374,,,,,Cannon,0.0,equis
S000-502,,,,,Cannon,0.0,equis
S009-523,,,,,Cannon,0.0,equis
S016-649,,,,,Cannon,0.0,equis
S016-650,,,,,Cannon,0.0,equis
S001-587,,,,,Cannon,0.0,equis
S014-960,,,,,Cannon,0.0,equis
S011-314,,,,,Cannon,0.0,equis
S000-501,,,,,Cannon,0.0,equis
S012-276,,,,,Cannon,0.0,equis
S009-928,,,,,Cannon,0.0,equis
S016-653,,,,,Cannon,0.0,equis
S016-654,,,,,Cannon,0.0,equis
S011-796,,,,,Cannon,0.0,equis
S007-481,,,,,Cannon,0.0,equis
S003-609,,,,,Cannon,0.0,equis
S011-798,,,,,Cannon,0.0,equis
S011-771,,,,,Cannon,0.0,equis
S010-430,,,,,Cannon,0.0,equis
S010-006,,,,,Cannon,0.0,equis
S000-434,,,,,Cannon,0.0,equis
S003-009,,,,,Cannon,0.0,equis
S007-482,,,,,Cannon,0.0,equis
S000-449,,,,,Cannon,0.0,equis
S010-007,,,,,Cannon,0.0,equis
S000-468,,,,,Cannon,0.0,equis
S000-467,,,,,Cannon,0.0,equis
S000-450,,,,,Cannon,0.0,equis
S003-011,,,,,Cannon,0.0,equis
S004-366,,,,,Cannon,0.0,equis
S011-751,,,,,Cannon,0.0,equis
S011-761,,,,,Cannon,0.0,equis
S011-794,,,,,Cannon,0.0,equis
S016-652,,,,,Cannon,0.0,equis
S016-651,,,,,Cannon,0.0,equis
S011-791,,,,,Cannon,0.0,equis
S004-526,,,,,Cannon,0.0,equis
S001-781,,,,,Cannon,0.0,equis
S003-015,,,,,Cannon,0.0,equis
S002-683,,,,,Cannon,0.0,equis
S002-684,,,,,Cannon,0.0,equis
S002-686,,,,,Cannon,0.0,equis
S002-685,,,,,Cannon,0.0,equis
S011-773,,,,,Cannon,0.0,equis
S016-773,,,,,Cannon,0.0,equis
S009-061,,,,,Cannon,0.0,equis
S010-425,,,,,Cannon,0.0,equis
S001-003,,,,,Cannon,0.0,equis
S001-338,,,,,Cannon,0.0,equis
S001-343,,,,,Cannon,0.0,equis
S008-948,,,,,Cannon,0.0,equis
S009-936,,,,,Cannon,0.0,equis
S010-017,,,,,Cannon,0.0,equis
S017-887,,,,,Cannon,0.0,equis
S008-946,,,,,Cannon,0.0,equis
S003-013,,,,,Cannon,0.0,equis
S003-014,,,,,Cannon,0.0,equis
S010-025,,,,,Cannon,0.0,equis
S011-775,,,,,Cannon,0.0,equis
S008-949,,,,,Cannon,0.0,equis
S008-947,,,,,Cannon,0.0,equis
S008-324,,,,,Cannon,0.0,equis
S003-012,,,,,Cannon,0.0,equis
S007-479,,,,,Cannon,0.0,equis
S011-750,,,,,Cannon,0.0,equis
S011-774,,,,,Cannon,0.0,equis
S011-777,,,,,Cannon,0.0,equis
S002-534,,,,,Cannon,0.0,equis
S011-755,,,,,Cannon,0.0,equis
S009-940,,,,,Cannon,0.0,equis
S007-110,,,,,Cannon,0.0,equis
S000-541,,,,,Cannon,0.0,equis
S001-762,,,,,Cannon,0.0,equis
S006-842,,,,,Cannon,0.0,equis
S006-843,,,,,Cannon,0.0,equis
S016-846,,,,,Cannon,0.0,equis
S004-711,,,,,Cannon,0.0,equis
S004-449,,,,,Cannon,0.0,equis
S000-543,,,,,Cannon,0.0,equis
S001-934,,,,,Cannon,0.0,equis
S004-158,,,,,Cannon,0.0,equis
S005-439,,,,,Cannon,0.0,equis
S004-157,,,,,Cannon,0.0,equis
S004-844,,,,,Cannon,0.0,equis
S000-104,,,,,Cannon,0.0,equis
S005-438,,,,,Cannon,0.0,equis
S004-156,,,,,Cannon,0.0,equis
S004-154,,,,,Cannon,0.0,equis
S002-682,,,,,Cannon,0.0,equis
S002-680,,,,,Cannon,0.0,equis
S004-548,,,,,Cannon,0.0,equis
S004-546,,,,,Cannon,0.0,equis
S004-139,,,,,Cannon,0.0,equis
S004-138,,,,,Cannon,0.0,equis
S004-137,,,,,Cannon,0.0,equis
S011-802,,,,,Cannon,0.0,equis
S003-016,,,,,Cannon,0.0,equis
S003-628,,,,,Cannon,0.0,equis
S011-780,,,,,Cannon,0.0,equis
S006-658,,,,,Cannon,0.0,equis
S001-584,,,,,Cannon,0.0,equis
S001-001,,,,,Cannon,0.0,equis
S000-300,,,,,Cannon,0.0,equis
S000-047,,,,,Cannon,0.0,equis
S003-575,,,,,Cannon,0.0,equis
S003-627,,,,,Cannon,0.0,equis
S006-527,,,,,Cannon,0.0,equis
S001-581,,,,,Cannon,0.0,equis
S003-556,,,,,Cannon,0.0,equis
S001-933,,,,,Cannon,0.0,equis
S007-522,,,,,Cannon,0.0,equis
S001-436,,,,,Cannon,0.0,equis
S001-444,,,,,Cannon,0.0,equis
S001-445,,,,,Cannon,0.0,equis
S011-819,,,,,Cannon,0.0,equis
S000-037,,,,,Cannon,0.0,equis
S002-532,,,,,Cannon,0.0,equis
S007-659,,,,,Cannon,0.0,equis
S007-658,,,,,Cannon,0.0,equis
S011-770,,,,,Cannon,0.0,equis
S001-936,,,,,Cannon,0.0,equis
S014-017,,,,,Cannon,0.0,equis
S015-288,,,,,Cannon,0.0,equis
S015-289,,,,,Cannon,0.0,equis
S015-290,,,,,Cannon,0.0,equis
S015-291,,,,,Cannon,0.0,equis
S015-292,,,,,Cannon,0.0,equis
S015-293,,,,,Cannon,0.0,equis
S015-294,,,,,Cannon,0.0,equis
S007-480,,,,,Cannon,0.0,equis
S004-878,,,,,Cannon,0.0,equis
S007-486,,,,,Cannon,0.0,equis
S004-845,,,,,Cannon,0.0,equis
S004-846,,,,,Cannon,0.0,equis
S011-801,,,,,Cannon,0.0,equis
S007-485,,,,,Cannon,0.0,equis
S001-940,,,,,Cannon,0.0,equis
S001-240,,,,,Cannon,0.0,equis
S005-496,,,,,Cannon,0.0,equis
S004-804,,,,,Cannon,0.0,equis
S009-973,,,,,Cannon,0.0,equis
S009-943,,,,,Cannon,0.0,equis
S011-815,,,,,Cannon,0.0,equis
S007-483,,,,,Cannon,0.0,equis
S001-347,,,,,Cannon,0.0,equis
S011-757,,,,,Cannon,0.0,equis
S007-487,,,,,Cannon,0.0,equis
S004-847,,,,,Cannon,0.0,equis
S011-783,,,,,Cannon,0.0,equis
S007-484,,,,,Cannon,0.0,equis
S011-786,,,,,Cannon,0.0,equis
S002-536,,,,,Cannon,0.0,equis
S002-537,,,,,Cannon,0.0,equis
S004-805,,,,,Cannon,0.0,equis
S001-192,,,,,Cannon,0.0,equis
S005-418,,,,,Cannon,0.0,equis
S004-849,,,,,Cannon,0.0,equis
S011-817,,,,,Cannon,0.0,equis
S004-877,,,,,Cannon,0.0,equis
S004-843,,,,,Cannon,0.0,equis
S009-978,,,,,Cannon,0.0,equis
S008-945,,,,,Cannon,0.0,equis
S010-426,,,,,Cannon,0.0,equis
S016-772,,,,,Cannon,0.0,equis
S010-936,,,,,Cedar,0.0,equis
S000-747,,,,,Cedar,0.0,equis
S008-388,,,,,Cedar,0.0,equis
S015-240,,,,,Cedar,0.0,equis
S000-749,,,,,Cedar,0.0,equis
S010-938,,,,,Cedar,0.0,equis
S008-951,,,,,Cedar,0.0,equis
S005-282,,,,,Cedar,0.0,equis
S007-236,,,,,Cedar,0.0,equis
S008-953,,,,,Cedar,0.0,equis
S008-958,,,,,Cedar,0.0,equis
S008-961,,,,,Cedar,0.0,equis
S015-023,,,,,Cedar,0.0,equis
S017-527,,,,,Cedar,0.0,equis
S008-955,,,,,Cedar,0.0,equis
S009-281,,,,,Cedar,0.0,equis
S010-946,,,,,Cedar,0.0,equis
S008-954,,,,,Cedar,0.0,equis
S008-956,,,,,Cedar,0.0,equis
S006-779,,,,,Cedar,0.0,equis
S006-779,,,,,Cedar,0.0,equis
S006-778,,,,,Cedar,0.0,equis
S006-778,,,,,Cedar,0.0,equis
S008-952,,,,,Cedar,0.0,equis
S008-957,,,,,Cedar,0.0,equis
S008-962,,,,,Cedar,0.0,equis
S008-959,,,,,Cedar,0.0,equis
S009-854,,,,,Cedar,0.0,equis
S006-858,,,,,Cedar,0.0,equis
S006-375,,,,,Cedar,0.0,equis
S009-861,,,,,Cedar,0.0,equis
S010-418,,,,,Cedar,0.0,equis
S010-942,,,,,Cedar,0.0,equis
S010-940,,,,,Cedar,0.0,equis
S006-863,,,,,Cedar,0.0,equis
S009-875,,,,,Cedar,0.0,equis
S006-604,,,,,Cedar,0.0,equis
S010-961,,,,,Cedar,0.0,equis
S006-873,,,,,Cedar,0.0,equis
S010-962,,,,,Cedar,0.0,equis
S000-793,,,,,Cedar,0.0,equis
S000-731,,,,,Cedar,0.0,equis
S010-949,,,,,Cedar,0.0,equis
S000-730,,,,,Cedar,0.0,equis
S010-950,,,,,Cedar,0.0,equis
S006-864,,,,,Cedar,0.0,equis
S010-952,,,,,Cedar,0.0,equis
S010-966,,,,,Cedar,0.0,equis
S010-969,,,,,Cedar,0.0,equis
S010-417,,,,,Cedar,0.0,equis
S006-869,,,,,Cedar,0.0,equis
S010-419,,,,,Cedar,0.0,equis
S010-933,,,,,Cedar,0.0,equis
S012-623,,,,,Cedar,0.0,equis
S009-869,,,,,Cedar,0.0,equis
S010-927,,,,,Cedar,0.0,equis
S000-229,,,,,Cedar,0.0,equis
S000-808,,,,,Cedar,0.0,equis
S000-802,,,,,Cedar,0.0,equis
S009-867,,,,,Cedar,0.0,equis
S010-951,,,,,Cedar,0.0,equis
S004-869,,,,,Cedar,0.0,equis
S006-533,,,,,Cedar,0.0,equis
S006-534,,,,,Cedar,0.0,equis
S010-959,,,,,Cedar,0.0,equis
S004-867,,,,,Cedar,0.0,equis
S010-960,,,,,Cedar,0.0,equis
S015-243,,,,,Cedar,0.0,equis
S005-094,,,,,Cedar,0.0,equis
S010-941,,,,,Cedar,0.0,equis
S009-881,,,,,Cedar,0.0,equis
S010-998,,,,,Cedar,0.0,equis
S010-974,,,,,Cedar,0.0,equis
S010-973,,,,,Cedar,0.0,equis
S014-594,,,,,Cedar,0.0,equis
S008-358,,,,,Cedar,0.0,equis
S000-222,,,,,Cedar,0.0,equis
S009-855,,,,,Cedar,0.0,equis
S009-868,,,,,Cedar,0.0,equis
S010-947,,,,,Cedar,0.0,equis
S000-231,,,,,Cedar,0.0,equis
S004-868,,,,,Cedar,0.0,equis
S010-970,,,,,Cedar,0.0,equis
S007-065,,,,,Cedar,0.0,equis
S010-937,,,,,Cedar,0.0,equis
S006-872,,,,,Cedar,0.0,equis
S010-979,,,,,Cedar,0.0,equis
S014-491,,,,,Cedar,0.0,equis
S010-953,,,,,Cedar,0.0,equis
S004-430,,,,,Cedar,0.0,equis
S010-980,,,,,Cedar,0.0,equis
S010-981,,,,,Cedar,0.0,equis
S010-955,,,,,Cedar,0.0,equis
S010-963,,,,,Cedar,0.0,equis
S016-279,,,,,Cedar,0.0,equis
S016-278,,,,,Cedar,0.0,equis
S016-277,,,,,Cedar,0.0,equis
S010-957,,,,,Cedar,0.0,equis
S010-972,,,,,Cedar,0.0,equis
S001-037,,,,,Cedar,0.0,equis
S010-930,,,,,Cedar,0.0,equis
S000-719,,,,,Cedar,0.0,equis
S009-856,,,,,Cedar,0.0,equis
S000-789,,,,,Cedar,0.0,equis
S000-790,,,,,Cedar,0.0,equis
S000-720,,,,,Cedar,0.0,equis
S010-929,,,,,Cedar,0.0,equis
S000-721,,,,,Cedar,0.0,equis
S000-791,,,,,Cedar,0.0,equis
S000-722,,,,,Cedar,0.0,equis
S015-242,,,,,Cedar,0.0,equis
S009-874,,,,,Cedar,0.0,equis
S010-939,,,,,Cedar,0.0,equis
S010-954,,,,,Cedar,0.0,equis
S009-880,,,,,Cedar,0.0,equis
S009-862,,,,,Cedar,0.0,equis
S010-932,,,,,Cedar,0.0,equis
S015-244,,,,,Cedar,0.0,equis
S010-971,,,,,Cedar,0.0,equis
S000-230,,,,,Cedar,0.0,equis
S000-809,,,,,Cedar,0.0,equis
S009-860,,,,,Cedar,0.0,equis
S004-432,,,,,Cedar,0.0,equis
S009-858,,,,,Cedar,0.0,equis
S006-860,,,,,Cedar,0.0,equis
S010-976,,,,,Cedar,0.0,equis
S010-943,,,,,Cedar,0.0,equis
S007-067,,,,,Cedar,0.0,equis
S006-870,,,,,Cedar,0.0,equis
S000-805,,,,,Cedar,0.0,equis
S010-928,,,,,Cedar,0.0,equis
S009-864,,,,,Cedar,0.0,equis
S010-956,,,,,Cedar,0.0,equis
S000-804,,,,,Cedar,0.0,equis
S006-105,,,,,Cedar,0.0,equis
S003-069,,,,,Cedar,0.0,equis
S010-965,,,,,Cedar,0.0,equis
S000-803,,,,,Cedar,0.0,equis
S009-866,,,,,Cedar,0.0,equis
S010-934,,,,,Cedar,0.0,equis
S009-859,,,,,Cedar,0.0,equis
S007-068,,,,,Cedar,0.0,equis
S001-182,,,,,Cedar,0.0,equis
S001-187,,,,,Cedar,0.0,equis
S000-137,,,,,Cedar,0.0,equis
S007-119,,,,,Cedar,0.0,equis
S010-931,,,,,Cedar,0.0,equis
S000-807,,,,,Cedar,0.0,equis
S009-873,,,,,Cedar,0.0,equis
S000-746,,,,,Cedar,0.0,equis
S001-183,,,,,Cedar,0.0,equis
S000-748,,,,,Cedar,0.0,equis
S000-729,,,,,Cedar,0.0,equis
S000-728,,,,,Cedar,0.0,equis
S007-806,,,,,Cedar,0.0,equis
S000-228,,,,,Cedar,0.0,equis
S003-066,,,,,Cedar,0.0,equis
S000-227,,,,,Cedar,0.0,equis
S009-878,,,,,Cedar,0.0,equis
S000-225,,,,,Cedar,0.0,equis
S005-357,,,,,Cedar,0.0,equis
S000-226,,,,,Cedar,0.0,equis
S000-001,,,,,Cedar,0.0,equis
S000-136,,,,,Cedar,0.0,equis
S010-978,,,,,Cedar,0.0,equis
S000-223,,,,,Cedar,0.0,equis
S014-968,,,,,Cedar,0.0,equis
S005-787,,,,,Cedar,0.0,equis
S000-085,,,,,Cedar,0.0,equis
S006-706,,,,,Cedar,0.0,equis
S003-068,,,,,Cedar,0.0,equis
S009-872,,,,,Cedar,0.0,equis
S009-879,,,,,Cedar,0.0,equis
S017-053,,,,,Cedar,0.0,equis
S005-614,,,,,Cedar,0.0,equis
S006-871,,,,,Cedar,0.0,equis
S000-727,,,,,Cedar,0.0,equis
S013-044,,,,,Cedar,0.0,equis
S009-876,,,,,Cedar,0.0,equis
S010-935,,,,,Cedar,0.0,equis
S003-067,,,,,Cedar,0.0,equis
S008-180,,,,,Cedar,0.0,equis
S010-945,,,,,Cedar,0.0,equis
S000-083,,,,,Cedar,0.0,equis
S010-968,,,,,Cedar,0.0,equis
S001-188,,,,,Cedar,0.0,equis
S010-967,,,,,Cedar,0.0,equis
S003-065,,,,,Cedar,0.0,equis
S005-613,,,,,Cedar,0.0,equis
S000-224,,,,,Cedar,0.0,equis
S006-461,,,,,Cedar,0.0,equis
S007-118,,,,,Cedar,0.0,equis
S004-431,,,,,Cedar,0.0,equis
S000-060,,,,,Cedar,0.0,equis
S005-095,,,,,Cedar,0.0,equis
S008-960,,,,,Cedar,0.0,equis
S008-968,,,,,Cedar,0.0,equis
S012-624,,,,,Cedar,0.0,equis
S012-625,,,,,Cedar,0.0,equis
S012-626,,,,,Cedar,0.0,equis
S007-066,,,,,Cedar,0.0,equis
S003-064,,,,,Cedar,0.0,equis
S004-429,,,,,Cedar,0.0,equis
S009-870,,,,,Cedar,0.0,equis
S000-059,,,,,Cedar,0.0,equis
S003-078,,,,,Cedar,0.0,equis
S003-077,,,,,Cedar,0.0,equis
S010-958,,,,,Cedar,0.0,equis
S006-030,,,,,Chippewa,0.0,equis
S000-470,,,,,Chippewa,0.0,equis
S000-471,,,,,Chippewa,0.0,equis
S006-031,,,,,Chippewa,0.0,equis
S006-034,,,,,Chippewa,0.0,equis
S011-073,,,,,Chippewa,0.0,equis
S011-100,,,,,Chippewa,0.0,equis
S011-111,,,,,Chippewa,0.0,equis
S000-980,,,,,Chippewa,0.0,equis
S011-074,,,,,Chippewa,0.0,equis
S005-630,,,,,Chippewa,0.0,equis
S006-028,,,,,Chippewa,0.0,equis
S006-029,,,,,Chippewa,0.0,equis
S011-115,,,,,Chippewa,0.0,equis
S006-027,,,,,Chippewa,0.0,equis
S002-189,,,,,Chippewa,0.0,equis
S006-622,,,,,Chippewa,0.0,equis
S006-623,,,,,Chippewa,0.0,equis
S011-082,,,,,Chippewa,0.0,equis
S004-338,,,,,Chippewa,0.0,equis
S006-899,,,,,Chippewa,0.0,equis
S006-026,,,,,Chippewa,0.0,equis
S001-860,,,,,Chippewa,0.0,equis
S006-025,,,,,Chippewa,0.0,equis
S006-900,,,,,Chippewa,0.0,equis
S001-771,,,,,Chippewa,0.0,equis
S001-772,,,,,Chippewa,0.0,equis
S001-770,,,,,Chippewa,0.0,equis
S009-276,,,,,Chippewa,0.0,equis
S009-282,,,,,Chippewa,0.0,equis
S014-596,,,,,Chippewa,0.0,equis
S006-024,,,,,Chippewa,0.0,equis
S002-190,119.0,"127,126,120",,,Chippewa,0.0,equis
S006-022,,,,,Chippewa,0.0,equis
S006-023,,,,,Chippewa,0.0,equis
S000-964,,,,,Chippewa,0.0,equis
S004-234,,,,,Chippewa,0.0,equis
S000-979,,,,,Chippewa,0.0,equis
S000-963,,,,,Chippewa,0.0,equis
S006-041,,,,,Chippewa,0.0,equis
S006-042,,,,,Chippewa,0.0,equis
S006-043,,,,,Chippewa,0.0,equis
S006-044,,,,,Chippewa,0.0,equis
S006-045,,,,,Chippewa,0.0,equis
S006-046,,,,,Chippewa,0.0,equis
S006-047,,,,,Chippewa,0.0,equis
S006-048,,,,,Chippewa,0.0,equis
S006-049,,,,,Chippewa,0.0,equis
S006-050,,,,,Chippewa,0.0,equis
S010-468,,,,,Chippewa,0.0,equis
S006-039,,,,,Chippewa,0.0,equis
S006-040,,,,,Chippewa,0.0,equis
S006-038,,,,,Chippewa,0.0,equis
S006-037,,,,,Chippewa,0.0,equis
S006-036,,,,,Chippewa,0.0,equis
S001-791,,,,,Chippewa,0.0,equis
S006-035,,,,,Chippewa,0.0,equis
S004-705,129.0,129,,,Chippewa,0.0,equis
S006-051,,,,,Chippewa,0.0,equis
S006-052,,,,,Chippewa,0.0,equis
S006-053,,,,,Chippewa,0.0,equis
S006-054,,,,,Chippewa,0.0,equis
S001-858,,,,,Chippewa,0.0,equis
S001-859,,,,,Chippewa,0.0,equis
S005-631,,,,,Chippewa,0.0,equis
S001-853,,,,,Chippewa,0.0,equis
S007-238,,,,,Chippewa,0.0,equis
S007-239,,,,,Chippewa,0.0,equis
S007-999,,,,,Chippewa,0.0,equis
S007-240,,,,,Chippewa,0.0,equis
S007-994,,,,,Chippewa,0.0,equis
S007-998,,,,,Chippewa,0.0,equis
S000-883,,,,,Chippewa,0.0,equis
S000-884,,,,,Chippewa,0.0,equis
S000-886,,,,,Chippewa,0.0,equis
S000-885,,,,,Chippewa,0.0,equis
S000-887,,,,,Chippewa,0.0,equis
S002-191,,,,,Chippewa,0.0,equis
S000-899,,,,,Chippewa,0.0,equis
S000-900,,,,,Chippewa,0.0,equis
S000-898,,,,,Chippewa,0.0,equis
S000-901,,,,,Chippewa,0.0,equis
S000-903,,,,,Chippewa,0.0,equis
S000-928,,,,,Chippewa,0.0,equis
S000-902,,,,,Chippewa,0.0,equis
S011-120,,,,,Chippewa,0.0,equis
S013-598,,,,,Chippewa,0.0,equis
S003-768,132.0,132,,,Chippewa,0.0,equis
S005-991,,,,,Chippewa,0.0,equis
S009-759,,,,,Chippewa,0.0,equis
S005-992,,,,,Chippewa,0.0,equis
S005-993,,,,,Chippewa,0.0,equis
S005-983,,,,,Chippewa,0.0,equis
S013-599,,,,,Chippewa,0.0,equis
S005-984,,,,,Chippewa,0.0,equis
S005-994,,,,,Chippewa,0.0,equis
S005-981,,,,,Chippewa,0.0,equis
S005-980,,,,,Chippewa,0.0,equis
S011-105,,,,,Chippewa,0.0,equis
S005-633,,,,,Chippewa,0.0,equis
S009-260,,,,,Chippewa,0.0,equis
S003-372,,,,,Chippewa,0.0,equis
S005-989,,,,,Chippewa,0.0,equis
S003-373,,,,,Chippewa,0.0,equis
S005-990,,,,,Chippewa,0.0,equis
S005-988,,,,,Chippewa,0.0,equis
S005-987,,,,,Chippewa,0.0,equis
S005-986,,,,,Chippewa,0.0,equis
S005-982,,,,,Chippewa,0.0,equis
S005-974,,,,,Chippewa,0.0,equis
S006-619,,,,,Chippewa,0.0,equis
S005-972,,,,,Chippewa,0.0,equis
S005-970,,,,,Chippewa,0.0,equis
S005-969,,,,,Chippewa,0.0,equis
S005-968,,,,,Chippewa,0.0,equis
S005-967,,,,,Chippewa,0.0,equis
S005-965,,,,,Chippewa,0.0,equis
S005-966,,,,,Chippewa,0.0,equis
S005-960,,,,,Chippewa,0.0,equis
S010-470,,,,,Chippewa,0.0,equis
S011-102,,,,,Chippewa,0.0,equis
S017-349,,,,,Chippewa,0.0,equis
S005-964,,,,,Chippewa,0.0,equis
S005-963,,,,,Chippewa,0.0,equis
S005-962,,,,,Chippewa,0.0,equis
S005-961,,,,,Chippewa,0.0,equis
S005-958,,,,,Chippewa,0.0,equis
S005-957,,,,,Chippewa,0.0,equis
S005-959,,,,,Chippewa,0.0,equis
S005-956,,,,,Chippewa,0.0,equis
S006-667,,,,,Chippewa,0.0,equis
S011-095,,,,,Chippewa,0.0,equis
S011-098,,,,,Chippewa,0.0,equis
S009-275,,,,,Chippewa,0.0,equis
S010-477,,,,,Chippewa,0.0,equis
S011-097,,,,,Chippewa,0.0,equis
S002-195,,,,,Chippewa,0.0,equis
S005-955,,,,,Chippewa,0.0,equis
S005-973,,,,,Chippewa,0.0,equis
S006-033,,,,,Chippewa,0.0,equis
S005-997,,,,,Chippewa,0.0,equis
S005-996,,,,,Chippewa,0.0,equis
S006-015,,,,,Chippewa,0.0,equis
S011-084,,,,,Chippewa,0.0,equis
S011-085,,,,,Chippewa,0.0,equis
S006-003,,,,,Chippewa,0.0,equis
S006-016,,,,,Chippewa,0.0,equis
S006-005,,,,,Chippewa,0.0,equis
S005-995,,,,,Chippewa,0.0,equis
S006-002,,,,,Chippewa,0.0,equis
S006-001,,,,,Chippewa,0.0,equis
S001-854,,,,,Chippewa,0.0,equis
S006-000,,,,,Chippewa,0.0,equis
S005-999,,,,,Chippewa,0.0,equis
S005-998,,,,,Chippewa,0.0,equis
S001-868,,,,,Chippewa,0.0,equis
S014-597,,,,,Chippewa,0.0,equis
S005-861,,,,,Chippewa,0.0,equis
S005-860,140.0,140,,,Chippewa,0.0,equis
S006-007,,,,,Chippewa,0.0,equis
S001-852,,,,,Chippewa,0.0,equis
S005-977,,,,,Chippewa,0.0,equis
S005-978,,,,,Chippewa,0.0,equis
S005-976,,,,,Chippewa,0.0,equis
S005-979,,,,,Chippewa,0.0,equis
S005-975,,,,,Chippewa,0.0,equis
S006-004,,,,,Chippewa,0.0,equis
S010-467,,,,,Chippewa,0.0,equis
S006-006,,,,,Chippewa,0.0,equis
S005-985,,,,,Chippewa,0.0,equis
S006-901,,,,,Chippewa,0.0,equis
S006-012,,,,,Chippewa,0.0,equis
S006-013,,,,,Chippewa,0.0,equis
S009-761,,,,,Chippewa,0.0,equis
S010-471,,,,,Chippewa,0.0,equis
S011-086,,,,,Chippewa,0.0,equis
S005-364,,,,,Chippewa,0.0,equis
S011-080,,,,,Chippewa,0.0,equis
S006-014,,,,,Chippewa,0.0,equis
S000-965,,,,,Chippewa,0.0,equis
S006-055,,,,,Chippewa,0.0,equis
S009-755,,,,,Chippewa,0.0,equis
S006-021,,,,,Chippewa,0.0,equis
S001-862,,,,,Chippewa,0.0,equis
S009-277,,,,,Chippewa,0.0,equis
S006-020,,,,,Chippewa,0.0,equis
S002-193,,,,,Chippewa,0.0,equis
S005-954,,,,,Chippewa,0.0,equis
S005-953,,,,,Chippewa,0.0,equis
S005-952,,,,,Chippewa,0.0,equis
S005-951,,,,,Chippewa,0.0,equis
S005-971,,,,,Chippewa,0.0,equis
S005-950,,,,,Chippewa,0.0,equis
S011-107,,,,,Chippewa,0.0,equis
S005-947,114.0,114,Part of a longitudinal profile,,Chippewa,0.0,equis
S005-948,114.0,114,Part of a longitudinal profile,,Chippewa,0.0,equis
S005-949,114.0,114,Part of a longitudinal profile,,Chippewa,0.0,equis
S009-826,,,,,Chippewa,0.0,equis
S011-118,,,,,Chippewa,0.0,equis
S005-945,114.0,114,Part of a longitudinal profile,,Chippewa,0.0,equis
S005-946,114.0,114,Part of a longitudinal profile,,Chippewa,0.0,equis
S006-621,,,,,Chippewa,0.0,equis
S005-944,,,,,Chippewa,0.0,equis
S001-864,,,,,Chippewa,0.0,equis
S003-507,,,,,Chippewa,0.0,equis
S005-943,,,,,Chippewa,0.0,equis
S010-478,,,,,Chippewa,0.0,equis
S011-116,,,,,Chippewa,0.0,equis
S011-117,,,,,Chippewa,0.0,equis
S008-349,,,,,Chippewa,0.0,equis
S013-005,,,,,Chippewa,0.0,equis
S000-381,,,,,Chippewa,0.0,equis
S000-382,,,,,Chippewa,0.0,equis
S002-216,,,,,Chippewa,0.0,equis
S002-207,,,,,Chippewa,0.0,equis
S014-682,,,,,Chippewa,0.0,equis
S002-230,,,,,Chippewa,0.0,equis
S002-231,,,,,Chippewa,0.0,equis
S002-217,,,,,Chippewa,0.0,equis
S002-198,,,,,Chippewa,0.0,equis
S002-225,,,,,Chippewa,0.0,equis
S002-197,,,,,Chippewa,0.0,equis
S002-206,,,,,Chippewa,0.0,equis
S002-218,,,,,Chippewa,0.0,equis
S002-223,,,,,Chippewa,0.0,equis
S002-224,,,,,Chippewa,0.0,equis
S002-226,,,,,Chippewa,0.0,equis
S002-228,,,,,Chippewa,0.0,equis
S002-215,,,,,Chippewa,0.0,equis
S002-222,,,,,Chippewa,0.0,equis
S002-227,,,,,Chippewa,0.0,equis
S002-229,,,,,Chippewa,0.0,equis
S002-220,,,,,Chippewa,0.0,equis
S002-199,,,,,Chippewa,0.0,equis
S004-732,,,,,Chippewa,0.0,equis
S009-272,,,,,Chippewa,0.0,equis
S009-694,,,,,Chippewa,0.0,equis
S011-089,,,,,Chippewa,0.0,equis
S005-374,151.0,151,,,Chippewa,0.0,equis
S005-921,151.0,"151,-158",,,Chippewa,0.0,equis
S002-200,,,,,Chippewa,0.0,equis
S005-922,,,,,Chippewa,0.0,equis
S005-923,,,,,Chippewa,0.0,equis
S005-924,,,,,Chippewa,0.0,equis
S011-113,,,,,Chippewa,0.0,equis
S014-595,,,,,Chippewa,0.0,equis
S005-925,,,,,Chippewa,0.0,equis
S005-926,,,,,Chippewa,0.0,equis
S005-927,,,,,Chippewa,0.0,equis
S002-550,,,,,Chippewa,0.0,equis
S005-916,,,,,Chippewa,0.0,equis
S005-917,,,,,Chippewa,0.0,equis
S005-918,,,,,Chippewa,0.0,equis
S011-091,,,,,Chippewa,0.0,equis
S005-919,,,,,Chippewa,0.0,equis
S005-920,,,,,Chippewa,0.0,equis
S005-375,,,,,Chippewa,0.0,equis
S005-914,149.0,149,,,Chippewa,0.0,equis
S005-915,149.0,159,,,Chippewa,0.0,equis
S000-500,149.0,149,,,Chippewa,0.0,equis
S002-201,149.0,150,,,Chippewa,0.0,equis
S009-279,,,,,Chippewa,0.0,equis
S010-473,,,,,Chippewa,0.0,equis
S011-096,,,,,Chippewa,0.0,equis
S017-350,,,,,Chippewa,0.0,equis
S009-763,,,,,Chippewa,0.0,equis
S005-904,,,,,Chippewa,0.0,equis
S005-905,,,,,Chippewa,0.0,equis
S005-906,,,,,Chippewa,0.0,equis
S009-671,,,,,Chippewa,0.0,equis
S005-907,,,,,Chippewa,0.0,equis
S005-908,,,,,Chippewa,0.0,equis
S010-472,,,,,Chippewa,0.0,equis
S005-909,,,,,Chippewa,0.0,equis
S011-094,,,,,Chippewa,0.0,equis
S005-910,,,,,Chippewa,0.0,equis
S005-911,,,,,Chippewa,0.0,equis
S005-912,,,,,Chippewa,0.0,equis
S010-479,,,,,Chippewa,0.0,equis
S005-900,,,,,Chippewa,0.0,equis
S005-899,,,,,Chippewa,0.0,equis
S005-898,,,,,Chippewa,0.0,equis
S005-897,,,,,Chippewa,0.0,equis
S005-896,,,,,Chippewa,0.0,equis
S005-895,,,,,Chippewa,0.0,equis
S001-846,,,,,Chippewa,0.0,equis
S001-847,,,,,Chippewa,0.0,equis
S005-894,,,,,Chippewa,0.0,equis
S001-848,,,,,Chippewa,0.0,equis
S005-893,,,,,Chippewa,0.0,equis
S005-892,,,,,Chippewa,0.0,equis
S000-495,107.0,107,,,Chippewa,0.0,equis
S002-202,107.0,107,,,Chippewa,0.0,equis
S005-902,,,,,Chippewa,0.0,equis
S005-901,,,,,Chippewa,0.0,equis
S005-903,,,,,Chippewa,0.0,equis
S011-081,,,,,Chippewa,0.0,equis
S013-601,,,,,Chippewa,0.0,equis
S005-881,,,,,Chippewa,0.0,equis
S005-880,,,,,Chippewa,0.0,equis
S005-879,,,,,Chippewa,0.0,equis
S005-878,,,,,Chippewa,0.0,equis
S005-877,,,,,Chippewa,0.0,equis
S005-876,,,,,Chippewa,0.0,equis
S005-875,,,,,Chippewa,0.0,equis
S005-874,,,,,Chippewa,0.0,equis
S005-873,,,,,Chippewa,0.0,equis
S005-872,,,,,Chippewa,0.0,equis
S008-364,,,,,Chippewa,0.0,equis
S009-274,,,,,Chippewa,0.0,equis
S010-475,,,,,Chippewa,0.0,equis
S005-890,,,,,Chippewa,0.0,equis
S005-889,,,,,Chippewa,0.0,equis
S005-891,,,,,Chippewa,0.0,equis
S005-888,,,,,Chippewa,0.0,equis
S002-204,159.0,159,,,Chippewa,0.0,equis
S005-887,,,,,Chippewa,0.0,equis
S005-886,,,,,Chippewa,0.0,equis
S005-885,,,,,Chippewa,0.0,equis
S005-884,,,,,Chippewa,0.0,equis
S005-883,,,,,Chippewa,0.0,equis
S005-882,,,,,Chippewa,0.0,equis
S009-273,,,,,Chippewa,0.0,equis
S011-087,,,,,Chippewa,0.0,equis
S013-640,,,,,Chippewa,0.0,equis
S000-397,,,,,Chippewa,0.0,equis
S000-398,,,,,Chippewa,0.0,equis
S000-399,,,,,Chippewa,0.0,equis
S011-112,,,,,Chippewa,0.0,equis
S006-620,,,,,Chippewa,0.0,equis
S006-019,105.0,106,,,Chippewa,0.0,equis
S011-079,,,,,Chippewa,0.0,equis
S001-850,,,,,Chippewa,0.0,equis
S013-602,,,,,Chippewa,0.0,equis
S011-391,,,,,Chippewa,0.0,equis
S005-865,,,,,Chippewa,0.0,equis
S005-866,,,,,Chippewa,0.0,equis
S005-867,,,,,Chippewa,0.0,equis
S005-868,,,,,Chippewa,0.0,equis
S005-869,,,,,Chippewa,0.0,equis
S005-870,,,,,Chippewa,0.0,equis
S005-871,,,,,Chippewa,0.0,equis
S002-205,,,,,Chippewa,0.0,equis
S011-077,,,,,Chippewa,0.0,equis
S017-383,,,,,Chippewa,0.0,equis
S017-384,,,,,Chippewa,0.0,equis
S009-678,,,,,Chippewa,0.0,equis
S006-018,,,,,Chippewa,0.0,equis
S000-494,102.0,103,,,Chippewa,0.0,equis
S017-348,,,,,Chippewa,0.0,equis
S016-396,,,,,Chippewa,0.0,equis
S002-221,,,,,Chippewa,0.0,equis
S002-210,,,,,Chippewa,0.0,equis
S002-214,,,,,Chippewa,0.0,equis
S002-208,155.0,155,,,Chippewa,0.0,equis
S002-232,,,,,Chippewa,0.0,equis
S002-212,,,,,Chippewa,0.0,equis
S002-213,,,,,Chippewa,0.0,equis
S002-211,,,,,Chippewa,0.0,equis
S009-757,,,,,Chippewa,0.0,equis
S001-861,,,,,Chippewa,0.0,equis
S005-933,,,,,Chippewa,0.0,equis
S002-209,,,,,Chippewa,0.0,equis
S005-935,,,,,Chippewa,0.0,equis
S005-934,,,,,Chippewa,0.0,equis
S011-122,,,,,Chippewa,0.0,equis
S011-121,,,,,Chippewa,0.0,equis
S005-928,,,,,Chippewa,0.0,equis
S005-929,,,,,Chippewa,0.0,equis
S010-503,,,,,Chippewa,0.0,equis
S005-930,,,,,Chippewa,0.0,equis
S010-469,,,,,Chippewa,0.0,equis
S005-931,,,,,Chippewa,0.0,equis
S004-738,,,,,Chippewa,0.0,equis
S000-175,,,,,Chippewa,0.0,equis
S002-966,,,,,Chippewa,0.0,equis
S006-017,,,,,Chippewa,0.0,equis
S002-203,106.0,106,,,Chippewa,0.0,equis
S000-383,,,,,Chippewa,0.0,equis
S000-384,,,,,Chippewa,0.0,equis
S000-385,,,,,Chippewa,0.0,equis
S000-386,,,,,Chippewa,0.0,equis
S006-911,,,,,Chippewa,0.0,equis
S006-010,,,,,Chippewa,0.0,equis
S006-008,,,,,Chippewa,0.0,equis
S006-009,,,,,Chippewa,0.0,equis
S006-011,,,,,Chippewa,0.0,equis
S009-762,,,,,Chippewa,0.0,equis
S002-194,,,,,Chippewa,0.0,equis
S011-104,,,,,Chippewa,0.0,equis
S011-106,,,,,Chippewa,0.0,equis
S013-600,,,,,Chippewa,0.0,equis
S000-961,,,,,Chippewa,0.0,equis
S000-962,,,,,Chippewa,0.0,equis
S002-192,,,,,Chippewa,0.0,equis
S005-864,303.0,303,,,Chippewa,0.0,equis
S009-804,,,,,Chippewa,0.0,equis
S005-629,303.0,104,,,Chippewa,0.0,equis
S012-461,,,,,Chippewa,0.0,equis
S011-119,,,,,Chippewa,0.0,equis
S005-932,,,,,Chippewa,0.0,equis
S004-987,,,,,Clearwater,0.0,equis
S004-203,,,,,Clearwater,0.0,equis
S004-988,,,,,Clearwater,0.0,equis
S004-989,,,,,Clearwater,0.0,equis
S001-910,,,,,Clearwater,0.0,equis
S001-458,,,,,Clearwater,0.0,equis
S004-985,,,,,Clearwater,0.0,equis
S004-990,,,,,Clearwater,0.0,equis
S004-986,,,,,Clearwater,0.0,equis
S004-204,,,,,Clearwater,0.0,equis
S017-265,,,,,Clearwater,0.0,equis
S017-266,,,,,Clearwater,0.0,equis
S017-267,,,,,Clearwater,0.0,equis
S017-268,,,,,Clearwater,0.0,equis
S017-269,,,,,Clearwater,0.0,equis
S002-122,,,,,Clearwater,0.0,equis
S001-906,,,,,Clearwater,0.0,equis
S004-992,,,,,Clearwater,0.0,equis
S004-993,,,,,Clearwater,0.0,equis
S004-994,,,,,Clearwater,0.0,equis
S004-991,,,,,Clearwater,0.0,equis
S001-907,,,,,Clearwater,0.0,equis
S004-984,,,,,Clearwater,0.0,equis
S011-571,,,,,Clearwater,0.0,equis
S001-908,,,,,Clearwater,0.0,equis
S001-459,,,,,Clearwater,0.0,equis
S006-381,,,,,Clearwater,0.0,equis
S003-382,,,,,Clearwater,0.0,equis
S002-929,,,,,Clearwater,0.0,equis
S001-909,,,,,Clearwater,0.0,equis
S006-857,,,,,Clearwater,0.0,equis
S012-900,,,,,Clearwater,0.0,equis
S002-092,,,,,Clearwater,0.0,equis
S001-460,,,,,Clearwater,0.0,equis
S006-909,,,,,Clearwater,0.0,equis
S012-903,,,,,Clearwater,0.0,equis
S002-119,,,,,Clearwater,0.0,equis
S001-461,,,,,Clearwater,0.0,equis
S012-879,,,,,Clearwater,0.0,equis
S005-284,,,,,Clearwater,0.0,equis
S002-752,,,,,Clearwater,0.0,equis
S010-165,,,,,Clearwater,0.0,equis
S016-263,,,,,Clearwater,0.0,equis
S009-405,,,,,Clearwater,0.0,equis
S010-161,,,,,Clearwater,0.0,equis
S004-056,,,,,Clearwater,0.0,equis
S009-404,,,,,Clearwater,0.0,equis
S009-406,,,,,Clearwater,0.0,equis
S012-904,,,,,Clearwater,0.0,equis
S004-057,,,,,Clearwater,0.0,equis
S002-120,,,,,Clearwater,0.0,equis
S009-403,,,,,Clearwater,0.0,equis
S009-407,,,,,Clearwater,0.0,equis
S008-057,,,,,Clearwater,0.0,equis
S007-848,,,,,Clearwater,0.0,equis
S003-959,,,,,Clearwater,0.0,equis
S001-462,,,,,Clearwater,0.0,equis
S003-960,,,,,Clearwater,0.0,equis
S010-097,,,,,Clearwater,0.0,equis
S012-877,,,,,Clearwater,0.0,equis
S002-121,,,,,Clearwater,0.0,equis
S009-370,,,,,Clearwater,0.0,equis
S009-366,,,,,Clearwater,0.0,equis
S003-174,,,,,Clearwater,0.0,equis
S012-875,,,,,Clearwater,0.0,equis
S009-372,,,,,Clearwater,0.0,equis
S002-916,,,,,Clearwater,0.0,equis
S002-981,,,,,Clearwater,0.0,equis
S009-369,,,,,Clearwater,0.0,equis
S009-434,,,,,Clearwater,0.0,equis
S010-519,,,,,Clearwater,0.0,equis
S014-622,,,,,Clearwater,0.0,equis
S002-730,,,,,Clearwater,0.0,equis
S012-897,,,,,Clearwater,0.0,equis
S002-917,,,,,Clearwater,0.0,equis
S003-098,,,,,Clearwater,0.0,equis
S002-124,,,,,Clearwater,0.0,equis
S010-107,,,,,Clearwater,0.0,equis
S013-256,,,,,Clearwater,0.0,equis
S009-409,,,,,Clearwater,0.0,equis
S009-408,,,,,Clearwater,0.0,equis
S008-400,,,,,Clearwater,0.0,equis
S004-040,,,,,Clearwater,0.0,equis
S012-886,,,,,Clearwater,0.0,equis
S000-713,,,,,Clearwater,0.0,equis
S004-045,,,,,Clearwater,0.0,equis
S004-046,,,,,Clearwater,0.0,equis
S004-207,,,,,Clearwater,0.0,equis
S004-044,,,,,Clearwater,0.0,equis
S000-711,,,,,Clearwater,0.0,equis
S014-921,,,,,Clearwater,0.0,equis
S017-252,,,,,Clearwater,0.0,equis
S000-750,,,,,Clearwater,0.0,equis
S000-710,,,,,Clearwater,0.0,equis
S000-709,,,,,Clearwater,0.0,equis
S000-708,,,,,Clearwater,0.0,equis
S001-020,,,,,Clearwater,0.0,equis
S014-941,,,,,Clearwater,0.0,equis
S000-712,,,,,Clearwater,0.0,equis
S002-082,,,,,Clearwater,0.0,equis
S005-500,,,,,Clearwater,0.0,equis
S004-206,,,,,Clearwater,0.0,equis
S004-205,,,,,Clearwater,0.0,equis
S008-876,,,,,Clearwater,0.0,equis
S005-501,,,,,Clearwater,0.0,equis
S014-944,,,,,Clearwater,0.0,equis
S016-266,,,,,Clearwater,0.0,equis
S016-267,,,,,Clearwater,0.0,equis
S008-875,,,,,Clearwater,0.0,equis
S008-874,,,,,Clearwater,0.0,equis
S008-368,,,,,Clearwater,0.0,equis
S008-873,,,,,Clearwater,0.0,equis
S005-283,,,,,Clearwater,0.0,equis
S002-087,,,,,Clearwater,0.0,equis
S007-607,,,,,Clearwater,0.0,equis
S002-729,,,,,Clearwater,0.0,equis
S004-049,,,,,Clearwater,0.0,equis
S000-927,,,,,Clearwater,0.0,equis
S004-050,,,,,Clearwater,0.0,equis
S000-926,,,,,Clearwater,0.0,equis
S000-925,,,,,Clearwater,0.0,equis
S001-006,,,,,Clearwater,0.0,equis
S000-924,,,,,Clearwater,0.0,equis
S014-973,,,,,Clearwater,0.0,equis
S001-007,,,,,Clearwater,0.0,equis
S001-005,,,,,Clearwater,0.0,equis
S004-500,,,,,Clearwater,0.0,equis
S014-940,,,,,Clearwater,0.0,equis
S012-884,,,,,Clearwater,0.0,equis
S014-942,,,,,Clearwater,0.0,equis
S003-500,,,,,Clearwater,0.0,equis
S007-849,,,,,Clearwater,0.0,equis
S014-943,,,,,Clearwater,0.0,equis
S010-510,,,,,Clearwater,0.0,equis
S006-390,,,,,Clearwater,0.0,equis
S001-132,,,,,Clearwater,0.0,equis
S001-127,,,,,Clearwater,0.0,equis
S001-128,,,,,Clearwater,0.0,equis
S001-130,,,,,Clearwater,0.0,equis
S001-129,,,,,Clearwater,0.0,equis
S001-131,,,,,Clearwater,0.0,equis
S010-119,,,,,Clearwater,0.0,equis
S006-507,,,,,Clearwater,0.0,equis
S010-130,,,,,Clearwater,0.0,equis
S001-125,,,,,Clearwater,0.0,equis
S001-126,,,,,Clearwater,0.0,equis
S002-133,,,,,Clearwater,0.0,equis
S006-668,,,,,Clearwater,0.0,equis
S004-208,,,,,Clearwater,0.0,equis
S004-209,,,,,Clearwater,0.0,equis
S014-939,,,,,Clearwater,0.0,equis
S014-938,,,,,Clearwater,0.0,equis
S014-937,,,,,Clearwater,0.0,equis
S014-936,,,,,Clearwater,0.0,equis
S014-935,,,,,Clearwater,0.0,equis
S010-115,,,,,Clearwater,0.0,equis
S007-847,,,,,Clearwater,0.0,equis
S014-932,,,,,Clearwater,0.0,equis
S014-933,,,,,Clearwater,0.0,equis
S014-934,,,,,Clearwater,0.0,equis
S014-931,,,,,Clearwater,0.0,equis
S003-570,,,,,Clearwater,0.0,equis
S003-498,,,,,Clearwater,0.0,equis
S010-105,,,,,Clearwater,0.0,equis
S014-928,,,,,Clearwater,0.0,equis
S014-929,,,,,Clearwater,0.0,equis
S014-930,,,,,Clearwater,0.0,equis
S014-947,,,,,Clearwater,0.0,equis
S002-134,,,,,Clearwater,0.0,equis
S006-508,,,,,Clearwater,0.0,equis
S014-922,,,,,Clearwater,0.0,equis
S002-982,,,,,Clearwater,0.0,equis
S014-923,,,,,Clearwater,0.0,equis
S014-924,,,,,Clearwater,0.0,equis
S014-925,,,,,Clearwater,0.0,equis
S014-926,,,,,Clearwater,0.0,equis
S014-927,,,,,Clearwater,0.0,equis
S006-506,,,,,Clearwater,0.0,equis
S017-851,,,,,Clearwater,0.0,equis
S017-847,,,,,Clearwater,0.0,equis
S004-502,,,,,Clearwater,0.0,equis
S009-401,,,,,Clearwater,0.0,equis
S009-400,,,,,Clearwater,0.0,equis
S009-399,,,,,Clearwater,0.0,equis
S009-384,,,,,Clearwater,0.0,equis
S009-398,,,,,Clearwater,0.0,equis
S009-397,,,,,Clearwater,0.0,equis
S009-393,,,,,Clearwater,0.0,equis
S009-394,,,,,Clearwater,0.0,equis
S000-476,,,,,Clearwater,0.0,equis
S003-127,,,,,Clearwater,0.0,equis
S010-140,,,,,Clearwater,0.0,equis
S000-477,,,,,Clearwater,0.0,equis
S009-396,,,,,Clearwater,0.0,equis
S009-389,,,,,Clearwater,0.0,equis
S012-881,,,,,Clearwater,0.0,equis
S002-915,,,,,Clearwater,0.0,equis
S003-497,,,,,Clearwater,0.0,equis
S009-395,,,,,Clearwater,0.0,equis
S003-126,,,,,Clearwater,0.0,equis
S005-320,,,,,Clearwater,0.0,equis
S002-091,,,,,Clearwater,0.0,equis
S009-386,,,,,Clearwater,0.0,equis
S009-388,,,,,Clearwater,0.0,equis
S012-880,,,,,Clearwater,0.0,equis
S009-392,,,,,Clearwater,0.0,equis
S004-501,,,,,Clearwater,0.0,equis
S009-391,,,,,Clearwater,0.0,equis
S007-608,,,,,Clearwater,0.0,equis
S002-117,,,,,Clearwater,0.0,equis
S009-385,,,,,Clearwater,0.0,equis
S009-387,,,,,Clearwater,0.0,equis
S009-390,,,,,Clearwater,0.0,equis
S009-402,,,,,Clearwater,0.0,equis
S010-090,,,,,Clearwater,0.0,equis
S002-728,,,,,Clearwater,0.0,equis
S002-914,,,,,Clearwater,0.0,equis
S012-898,,,,,Clearwater,0.0,equis
S004-819,,,,,Clearwater,0.0,equis
S017-849,,,,,Clearwater,0.0,equis
S009-368,,,,,Clearwater,0.0,equis
S009-367,,,,,Clearwater,0.0,equis
S012-895,,,,,Clearwater,0.0,equis
S013-386,,,,,Clearwater,0.0,equis
S003-128,,,,,Clearwater,0.0,equis
S002-131,,,,,Clearwater,0.0,equis
S009-371,,,,,Clearwater,0.0,equis
S002-129,,,,,Clearwater,0.0,equis
S017-848,,,,,Clearwater,0.0,equis
S008-058,,,,,Clearwater,0.0,equis
S004-816,,,,,Clearwater,0.0,equis
S002-086,,,,,Clearwater,0.0,equis
S002-075,,,,,Clearwater,0.0,equis
S003-318,,,,,Clearwater,0.0,equis
S003-317,,,,,Clearwater,0.0,equis
S004-051,,,,,Clearwater,0.0,equis
S009-373,,,,,Clearwater,0.0,equis
S009-374,,,,,Clearwater,0.0,equis
S009-380,,,,,Clearwater,0.0,equis
S009-381,,,,,Clearwater,0.0,equis
S009-382,,,,,Clearwater,0.0,equis
S004-043,,,,,Clearwater,0.0,equis
S004-042,,,,,Clearwater,0.0,equis
S004-041,,,,,Clearwater,0.0,equis
S002-130,,,,,Clearwater,0.0,equis
S008-398,,,,,Clearwater,0.0,equis
S010-511,,,,,Clearwater,0.0,equis
S012-890,,,,,Clearwater,0.0,equis
S012-899,,,,,Clearwater,0.0,equis
S014-945,,,,,Clearwater,0.0,equis
S009-376,,,,,Clearwater,0.0,equis
S009-378,,,,,Clearwater,0.0,equis
S009-377,,,,,Clearwater,0.0,equis
S009-379,,,,,Clearwater,0.0,equis
S012-888,,,,,Clearwater,0.0,equis
S012-887,,,,,Clearwater,0.0,equis
S009-375,,,,,Clearwater,0.0,equis
S004-837,,,,,Clearwater,0.0,equis
S009-383,,,,,Clearwater,0.0,equis
S002-118,,,,,Clearwater,0.0,equis
S002-912,,,,,Clearwater,0.0,equis
S002-722,,,,,Clearwater,0.0,equis
S004-202,,,,,Clearwater,0.0,equis
S010-530,,,,,Clearwater,0.0,equis
S012-876,,,,,Clearwater,0.0,equis
S014-333,,,,,Cottonwood,0.0,equis
S014-332,,,,,Cottonwood,0.0,equis
S014-341,,,,,Cottonwood,0.0,equis
S014-342,,,,,Cottonwood,0.0,equis
S014-337,,,,,Cottonwood,0.0,equis
S016-360,,,,,Cottonwood,0.0,equis
S014-302,,,,,Cottonwood,0.0,equis
S001-917,,,,,Cottonwood,0.0,equis
S005-464,,,,,Cottonwood,0.0,equis
S014-327,,,,,Cottonwood,0.0,equis
S014-300,,,,,Cottonwood,0.0,equis
S014-299,,,,,Cottonwood,0.0,equis
S013-657,,,,,Cottonwood,0.0,equis
S014-334,,,,,Cottonwood,0.0,equis
S014-335,,,,,Cottonwood,0.0,equis
S014-336,,,,,Cottonwood,0.0,equis
S014-330,,,,,Cottonwood,0.0,equis
S014-339,,,,,Cottonwood,0.0,equis
S014-340,,,,,Cottonwood,0.0,equis
S014-644,,,,,Cottonwood,0.0,equis
S014-338,,,,,Cottonwood,0.0,equis
S014-331,,,,,Cottonwood,0.0,equis
S012-811,,,,,Cottonwood,0.0,equis
S009-784,,,,,Cottonwood,0.0,equis
S009-701,,,,,Cottonwood,0.0,equis
S009-440,,,,,Cottonwood,0.0,equis
S014-326,,,,,Cottonwood,0.0,equis
S014-325,,,,,Cottonwood,0.0,equis
S014-329,,,,,Cottonwood,0.0,equis
S014-320,,,,,Cottonwood,0.0,equis
S017-953,,,,,Cottonwood,0.0,equis
S010-504,,,,,Cottonwood,0.0,equis
S014-322,,,,,Cottonwood,0.0,equis
S014-324,,,,,Cottonwood,0.0,equis
S014-328,,,,,Cottonwood,0.0,equis
S001-914,,,,,Cottonwood,0.0,equis
S014-323,,,,,Cottonwood,0.0,equis
S004-879,,,,,Cottonwood,0.0,equis
S015-365,,,,,Cottonwood,0.0,equis
S014-311,,,,,Cottonwood,0.0,equis
S001-179,,,,,Cottonwood,0.0,equis
S001-178,,,,,Cottonwood,0.0,equis
S009-444,,,,,Cottonwood,0.0,equis
S009-689,,,,,Cottonwood,0.0,equis
S014-303,,,,,Cottonwood,0.0,equis
S001-913,,,,,Cottonwood,0.0,equis
S001-921,,,,,Cottonwood,0.0,equis
S014-319,,,,,Cottonwood,0.0,equis
S017-346,,,,,Cottonwood,0.0,equis
S014-321,,,,,Cottonwood,0.0,equis
S014-317,,,,,Cottonwood,0.0,equis
S014-318,,,,,Cottonwood,0.0,equis
S005-463,,,,,Cottonwood,0.0,equis
S013-611,,,,,Cottonwood,0.0,equis
S001-181,,,,,Cottonwood,0.0,equis
S001-180,,,,,Cottonwood,0.0,equis
S014-315,,,,,Cottonwood,0.0,equis
S014-313,,,,,Cottonwood,0.0,equis
S014-314,,,,,Cottonwood,0.0,equis
S014-666,,,,,Cottonwood,0.0,equis
S009-783,,,,,Cottonwood,0.0,equis
S016-404,,,,,Cottonwood,0.0,equis
S009-712,,,,,Cottonwood,0.0,equis
S009-443,,,,,Cottonwood,0.0,equis
S013-612,,,,,Cottonwood,0.0,equis
S014-310,,,,,Cottonwood,0.0,equis
S009-674,,,,,Cottonwood,0.0,equis
S009-771,,,,,Cottonwood,0.0,equis
S001-703,,,,,Cottonwood,0.0,equis
S016-387,,,,,Cottonwood,0.0,equis
S014-312,,,,,Cottonwood,0.0,equis
S009-675,,,,,Cottonwood,0.0,equis
S014-309,,,,,Cottonwood,0.0,equis
S014-308,,,,,Cottonwood,0.0,equis
S014-346,,,,,Cottonwood,0.0,equis
S016-388,,,,,Cottonwood,0.0,equis
S014-306,,,,,Cottonwood,0.0,equis
S014-307,,,,,Cottonwood,0.0,equis
S016-328,,,,,Cottonwood,0.0,equis
S009-442,,,,,Cottonwood,0.0,equis
S017-917,,,,,Cottonwood,0.0,equis
S013-655,,,,,Cottonwood,0.0,equis
S013-698,,,,,Cottonwood,0.0,equis
S014-293,,,,,Cottonwood,0.0,equis
S016-329,,,,,Cottonwood,0.0,equis
S013-654,,,,,Cottonwood,0.0,equis
S005-690,,,,,Cottonwood,0.0,equis
S013-656,,,,,Cottonwood,0.0,equis
S009-781,,,,,Cottonwood,0.0,equis
S014-292,,,,,Cottonwood,0.0,equis
S014-301,,,,,Cottonwood,0.0,equis
S017-884,,,,,Cottonwood,0.0,equis
S001-915,,,,,Cottonwood,0.0,equis
S009-782,,,,,Cottonwood,0.0,equis
S014-297,,,,,Cottonwood,0.0,equis
S008-373,,,,,Cottonwood,0.0,equis
S002-247,,,,,Cottonwood,0.0,equis
S006-707,,,,,Cottonwood,0.0,equis
S016-327,,,,,Cottonwood,0.0,equis
S014-305,,,,,Cottonwood,0.0,equis
S014-294,,,,,Cottonwood,0.0,equis
S014-298,,,,,Cottonwood,0.0,equis
S001-916,,,,,Cottonwood,0.0,equis
S006-656,,,,,Cottonwood,0.0,equis
S014-296,,,,,Cottonwood,0.0,equis
S009-441,,,,,Cottonwood,0.0,equis
S005-691,,,,,Cottonwood,0.0,equis
S009-439,,,,,Cottonwood,0.0,equis
S007-353,,,,,Cottonwood,0.0,equis
S016-645,,,,,Cottonwood,0.0,equis
S000-293,,,,,Cottonwood,0.0,equis
S010-492,,,,,Cottonwood,0.0,equis
S014-475,,,,,Cottonwood,0.0,equis
S014-291,,,,,Cottonwood,0.0,equis
S009-438,,,,,Cottonwood,0.0,equis
S005-688,,,,,Cottonwood,0.0,equis
S014-290,,,,,Cottonwood,0.0,equis
S014-289,,,,,Cottonwood,0.0,equis
S008-006,,,,,Cottonwood,0.0,equis
S009-693,,,,,Cottonwood,0.0,equis
S001-920,,,,,Cottonwood,0.0,equis
S009-780,,,,,Cottonwood,0.0,equis
S005-378,,,,,Cottonwood,0.0,equis
S001-919,,,,,Cottonwood,0.0,equis
S006-730,,,,,Cottonwood,0.0,equis
S014-288,,,,,Cottonwood,0.0,equis
S000-053,490.0,490,,,Cottonwood,0.0,equis
S001-918,490.0,490,,,Cottonwood,0.0,equis
S000-139,490.0,490,,,Cottonwood,0.0,equis
S012-129,490.0,490,,,Cottonwood,0.0,equis
S013-613,,,,,Cottonwood,0.0,equis
S014-651,,,,,Cottonwood,0.0,equis
S014-348,,,,,Cottonwood,0.0,equis
S014-898,,,,,Cottonwood,0.0,equis
S004-153,,,,,Cottonwood,0.0,equis
S009-697,,,,,Cottonwood,0.0,equis
S014-295,,,,,Cottonwood,0.0,equis
S010-493,,,,,Cottonwood,0.0,equis
S000-176,,,,,CrowWing,0.0,equis
S016-557,,,,,CrowWing,0.0,equis
S002-962,,,,,CrowWing,0.0,equis
S003-442,,,,,CrowWing,0.0,equis
S003-833,,,,,CrowWing,0.0,equis
S001-325,,,,,CrowWing,0.0,equis
S009-590,,,,,CrowWing,0.0,equis
S011-727,,,,,CrowWing,0.0,equis
S006-293,,,,,CrowWing,0.0,equis
S006-702,,,,,CrowWing,0.0,equis
S007-173,,,,,CrowWing,0.0,equis
S006-246,,,,,CrowWing,0.0,equis
S012-269,,,,,CrowWing,0.0,equis
S011-694,,,,,CrowWing,0.0,equis
S011-728,,,,,CrowWing,0.0,equis
S006-292,,,,,CrowWing,0.0,equis
S006-825,,,,,CrowWing,0.0,equis
S006-825,,,,,CrowWing,0.0,equis
S015-027,,,,,CrowWing,0.0,equis
S009-528,,,,,CrowWing,0.0,equis
S006-384,,,,,CrowWing,0.0,equis
S011-697,,,,,CrowWing,0.0,equis
S007-309,,,,,CrowWing,0.0,equis
S005-731,,,,,CrowWing,0.0,equis
S003-835,,,,,CrowWing,0.0,equis
S003-834,,,,,CrowWing,0.0,equis
S011-723,,,,,CrowWing,0.0,equis
S002-960,,,,,CrowWing,0.0,equis
S008-454,,,,,CrowWing,0.0,equis
S008-556,,,,,CrowWing,0.0,equis
S004-793,,,,,CrowWing,0.0,equis
S011-691,,,,,CrowWing,0.0,equis
S007-943,,,,,CrowWing,0.0,equis
S011-718,,,,,CrowWing,0.0,equis
S012-617,,,,,CrowWing,0.0,equis
S013-361,,,,,CrowWing,0.0,equis
S011-684,,,,,CrowWing,0.0,equis
S016-349,,,,,CrowWing,0.0,equis
S001-926,,,,,CrowWing,0.0,equis
S006-249,,,,,CrowWing,0.0,equis
S007-301,,,,,CrowWing,0.0,equis
S014-130,,,,,CrowWing,0.0,equis
S011-708,,,,,CrowWing,0.0,equis
S001-998,,,,,CrowWing,0.0,equis
S006-255,,,,,CrowWing,0.0,equis
S011-706,,,,,CrowWing,0.0,equis
S011-707,,,,,CrowWing,0.0,equis
S009-580,,,,,CrowWing,0.0,equis
S011-722,,,,,CrowWing,0.0,equis
S015-237,,,,,CrowWing,0.0,equis
S007-174,,,,,CrowWing,0.0,equis
S007-235,,,,,CrowWing,0.0,equis
S007-175,,,,,CrowWing,0.0,equis
S011-721,,,,,CrowWing,0.0,equis
S012-268,,,,,CrowWing,0.0,equis
S011-724,,,,,CrowWing,0.0,equis
S016-341,,,,,CrowWing,0.0,equis
S001-927,,,,,CrowWing,0.0,equis
S005-799,,,,,CrowWing,0.0,equis
S016-343,,,,,CrowWing,0.0,equis
S016-344,,,,,CrowWing,0.0,equis
S016-345,,,,,CrowWing,0.0,equis
S016-628,,,,,CrowWing,0.0,equis
S007-714,,,,,CrowWing,0.0,equis
S007-713,,,,,CrowWing,0.0,equis
S004-728,,,,,CrowWing,0.0,equis
S006-248,,,,,CrowWing,0.0,equis
S011-712,,,,,CrowWing,0.0,equis
S011-713,,,,,CrowWing,0.0,equis
S014-103,,,,,CrowWing,0.0,equis
S016-444,,,,,CrowWing,0.0,equis
S011-710,,,,,CrowWing,0.0,equis
S011-255,,,,,CrowWing,0.0,equis
S006-254,,,,,CrowWing,0.0,equis
S011-714,,,,,CrowWing,0.0,equis
S004-722,,,,,CrowWing,0.0,equis
S016-398,,,,,CrowWing,0.0,equis
S006-827,,,,,CrowWing,0.0,equis
S006-827,,,,,CrowWing,0.0,equis
S006-828,,,,,CrowWing,0.0,equis
S006-828,,,,,CrowWing,0.0,equis
S006-826,,,,,CrowWing,0.0,equis
S006-826,,,,,CrowWing,0.0,equis
S009-527,,,,,CrowWing,0.0,equis
S006-245,,,,,CrowWing,0.0,equis
S004-037,,,,,CrowWing,0.0,equis
S002-961,,,,,CrowWing,0.0,equis
S011-705,,,,,CrowWing,0.0,equis
S009-654,,,,,CrowWing,0.0,equis
S011-704,,,,,CrowWing,0.0,equis
S006-638,,,,,CrowWing,0.0,equis
S014-090,,,,,CrowWing,0.0,equis
S016-627,,,,,CrowWing,0.0,equis
S011-725,,,,,CrowWing,0.0,equis
S004-065,,,,,CrowWing,0.0,equis
S007-132,,,,,CrowWing,0.0,equis
S011-700,,,,,CrowWing,0.0,equis
S014-098,,,,,CrowWing,0.0,equis
S011-701,,,,,CrowWing,0.0,equis
S006-247,,,,,CrowWing,0.0,equis
S007-130,,,,,CrowWing,0.0,equis
S007-131,,,,,CrowWing,0.0,equis
S007-677,,,,,CrowWing,0.0,equis
S007-678,,,,,CrowWing,0.0,equis
S006-253,,,,,CrowWing,0.0,equis
S011-702,,,,,CrowWing,0.0,equis
S011-715,,,,,CrowWing,0.0,equis
S016-774,,,,,CrowWing,0.0,equis
S014-661,,,,,CrowWing,0.0,equis
S011-719,,,,,CrowWing,0.0,equis
S011-720,,,,,CrowWing,0.0,equis
S002-408,,,,,CrowWing,0.0,equis
S011-696,,,,,CrowWing,0.0,equis
S013-988,,,,,CrowWing,0.0,equis
S014-545,,,,,CrowWing,0.0,equis
S011-698,,,,,CrowWing,0.0,equis
S013-985,,,,,CrowWing,0.0,equis
S011-717,,,,,CrowWing,0.0,equis
S006-086,,,,,CrowWing,0.0,equis
S005-456,,,,,CrowWing,0.0,equis
S011-716,,,,,CrowWing,0.0,equis
S007-169,,,,,CrowWing,0.0,equis
S007-170,,,,,CrowWing,0.0,equis
S007-171,,,,,CrowWing,0.0,equis
S011-683,,,,,CrowWing,0.0,equis
S014-544,,,,,CrowWing,0.0,equis
S011-693,,,,,CrowWing,0.0,equis
S011-747,,,,,CrowWing,0.0,equis
S006-058,,,,,CrowWing,0.0,equis
S004-788,,,,,CrowWing,0.0,equis
S011-690,,,,,CrowWing,0.0,equis
S004-036,,,,,CrowWing,0.0,equis
S004-035,,,,,CrowWing,0.0,equis
S003-899,,,,,CrowWing,0.0,equis
S003-854,,,,,CrowWing,0.0,equis
S003-853,,,,,CrowWing,0.0,equis
S003-503,,,,,CrowWing,0.0,equis
S011-687,,,,,CrowWing,0.0,equis
S004-794,,,,,CrowWing,0.0,equis
S011-360,,,,,CrowWing,0.0,equis
S011-686,,,,,CrowWing,0.0,equis
S011-685,,,,,CrowWing,0.0,equis
S014-120,,,,,CrowWing,0.0,equis
S014-089,,,,,CrowWing,0.0,equis
S002-457,,,,,CrowWing,0.0,equis
S003-851,,,,,CrowWing,0.0,equis
S003-852,,,,,CrowWing,0.0,equis
S003-501,,,,,CrowWing,0.0,equis
S011-689,,,,,CrowWing,0.0,equis
S011-688,,,,,CrowWing,0.0,equis
S003-502,,,,,CrowWing,0.0,equis
S009-576,,,,,CrowWing,0.0,equis
S006-251,,,,,CrowWing,0.0,equis
S004-759,,,,,CrowWing,0.0,equis
S004-773,,,,,CrowWing,0.0,equis
S009-522,,,,,CrowWing,0.0,equis
S004-790,,,,,CrowWing,0.0,equis
S002-959,,,,,CrowWing,0.0,equis
S004-761,,,,,CrowWing,0.0,equis
S011-692,,,,,CrowWing,0.0,equis
S016-443,,,,,CrowWing,0.0,equis
S004-789,,,,,CrowWing,0.0,equis
S004-838,,,,,CrowWing,0.0,equis
S001-690,,,,,CrowWing,0.0,equis
S006-252,,,,,CrowWing,0.0,equis
S004-760,,,,,CrowWing,0.0,equis
S018-016,,,,,CrowWing,0.0,equis
S001-326,,,,,CrowWing,0.0,equis
S011-699,,,,,CrowWing,0.0,equis
S004-721,,,,,CrowWing,0.0,equis
S004-727,,,,,CrowWing,0.0,equis
S006-512,,,,,CrowWing,0.0,equis
S003-779,,,,,CrowWing,0.0,equis
S004-774,,,,,CrowWing,0.0,equis
S009-908,,,,,DesMoines,0.0,equis
S009-906,,,,,DesMoines,0.0,equis
S012-650,,,,,DesMoines,0.0,equis
S009-043,,,,,DesMoines,0.0,equis
S000-891,,,,,DesMoines,0.0,equis
S000-892,,,,,DesMoines,0.0,equis
S000-893,,,,,DesMoines,0.0,equis
S009-046,,,,,DesMoines,0.0,equis
S009-146,,,,,DesMoines,0.0,equis
S003-715,,,,,DesMoines,0.0,equis
S003-716,,,,,DesMoines,0.0,equis
S001-553,,,,,DesMoines,0.0,equis
S001-552,,,,,DesMoines,0.0,equis
S009-145,,,,,DesMoines,0.0,equis
S012-668,,,,,DesMoines,0.0,equis
S009-057,,,,,DesMoines,0.0,equis
S009-147,,,,,DesMoines,0.0,equis
S001-546,,,,,DesMoines,0.0,equis
S001-550,,,,,DesMoines,0.0,equis
S012-670,,,,,DesMoines,0.0,equis
S009-887,,,,,DesMoines,0.0,equis
S012-666,,,,,DesMoines,0.0,equis
S009-056,,,,,DesMoines,0.0,equis
S001-551,,,,,DesMoines,0.0,equis
S012-665,,,,,DesMoines,0.0,equis
S001-547,,,,,DesMoines,0.0,equis
S009-055,,,,,DesMoines,0.0,equis
S009-894,,,,,DesMoines,0.0,equis
S012-663,,,,,DesMoines,0.0,equis
S017-888,,,,,DesMoines,0.0,equis
S002-006,,,,,DesMoines,0.0,equis
S001-814,,,,,DesMoines,0.0,equis
S012-659,,,,,DesMoines,0.0,equis
S009-034,,,,,DesMoines,0.0,equis
S009-905,,,,,DesMoines,0.0,equis
S001-549,,,,,DesMoines,0.0,equis
S002-005,,,,,DesMoines,0.0,equis
S001-810,,,,,DesMoines,0.0,equis
S009-882,,,,,DesMoines,0.0,equis
S001-545,,,,,DesMoines,0.0,equis
S012-661,,,,,DesMoines,0.0,equis
S012-662,,,,,DesMoines,0.0,equis
S009-892,,,,,DesMoines,0.0,equis
S017-922,,,,,DesMoines,0.0,equis
S010-424,,,,,DesMoines,0.0,equis
S010-420,,,,,DesMoines,0.0,equis
S001-544,,,,,DesMoines,0.0,equis
S012-683,,,,,DesMoines,0.0,equis
S012-632,,,,,DesMoines,0.0,equis
S002-008,,,,,DesMoines,0.0,equis
S009-054,,,,,DesMoines,0.0,equis
S012-660,,,,,DesMoines,0.0,equis
S009-053,,,,,DesMoines,0.0,equis
S012-656,,,,,DesMoines,0.0,equis
S012-631,,,,,DesMoines,0.0,equis
S000-157,,,,,DesMoines,0.0,equis
S001-740,,,,,DesMoines,0.0,equis
S012-682,,,,,DesMoines,0.0,equis
S009-052,,,,,DesMoines,0.0,equis
S012-655,,,,,DesMoines,0.0,equis
S002-007,,,,,DesMoines,0.0,equis
S009-903,,,,,DesMoines,0.0,equis
S012-630,,,,,DesMoines,0.0,equis
S007-142,,,,,DesMoines,0.0,equis
S009-904,,,,,DesMoines,0.0,equis
S017-797,,,,,DesMoines,0.0,equis
S009-050,,,,,DesMoines,0.0,equis
S009-051,,,,,DesMoines,0.0,equis
S012-658,,,,,DesMoines,0.0,equis
S009-889,,,,,DesMoines,0.0,equis
S009-037,,,,,DesMoines,0.0,equis
S009-896,,,,,DesMoines,0.0,equis
S012-636,,,,,DesMoines,0.0,equis
S009-897,,,,,DesMoines,0.0,equis
S014-624,,,,,DesMoines,0.0,equis
S006-166,,,,,DesMoines,0.0,equis
S003-714,,,,,DesMoines,0.0,equis
S001-591,,,,,DesMoines,0.0,equis
S001-659,,,,,DesMoines,0.0,equis
S009-899,,,,,DesMoines,0.0,equis
S001-592,,,,,DesMoines,0.0,equis
S009-893,,,,,DesMoines,0.0,equis
S009-049,,,,,DesMoines,0.0,equis
S009-883,,,,,DesMoines,0.0,equis
S009-048,,,,,DesMoines,0.0,equis
S009-165,,,,,DesMoines,0.0,equis
S009-044,,,,,DesMoines,0.0,equis
S001-803,,,,,DesMoines,0.0,equis
S009-047,,,,,DesMoines,0.0,equis
S008-325,,,,,DesMoines,0.0,equis
S009-884,,,,,DesMoines,0.0,equis
S012-648,,,,,DesMoines,0.0,equis
S009-045,,,,,DesMoines,0.0,equis
S001-363,,,,,DesMoines,0.0,equis
S007-893,,,,,DesMoines,0.0,equis
S009-895,,,,,DesMoines,0.0,equis
S001-590,,,,,DesMoines,0.0,equis
S001-656,,,,,DesMoines,0.0,equis
S007-891,,,,,DesMoines,0.0,equis
S012-671,,,,,DesMoines,0.0,equis
S001-561,,,,,DesMoines,0.0,equis
S012-647,,,,,DesMoines,0.0,equis
S006-697,,,,,DesMoines,0.0,equis
S003-717,,,,,DesMoines,0.0,equis
S003-718,,,,,DesMoines,0.0,equis
S009-888,,,,,DesMoines,0.0,equis
S012-645,,,,,DesMoines,0.0,equis
S012-633,,,,,DesMoines,0.0,equis
S001-560,,,,,DesMoines,0.0,equis
S009-901,,,,,DesMoines,0.0,equis
S012-644,,,,,DesMoines,0.0,equis
S009-885,,,,,DesMoines,0.0,equis
S001-157,,,,,DesMoines,0.0,equis
S009-900,,,,,DesMoines,0.0,equis
S001-813,,,,,DesMoines,0.0,equis
S000-890,,,,,DesMoines,0.0,equis
S002-009,,,,,DesMoines,0.0,equis
S001-589,,,,,DesMoines,0.0,equis
S012-643,,,,,DesMoines,0.0,equis
S000-785,,,,,DesMoines,0.0,equis
S010-422,,,,,DesMoines,0.0,equis
S000-904,,,,,DesMoines,0.0,equis
S009-912,,,,,DesMoines,0.0,equis
S000-905,,,,,DesMoines,0.0,equis
S011-395,,,,,DesMoines,0.0,equis
S000-788,,,,,DesMoines,0.0,equis
S000-239,,,,,DesMoines,0.0,equis
S000-787,,,,,DesMoines,0.0,equis
S000-786,,,,,DesMoines,0.0,equis
S009-910,,,,,DesMoines,0.0,equis
S001-568,,,,,DesMoines,0.0,equis
S000-298,,,,,DesMoines,0.0,equis
S000-798,,,,,DesMoines,0.0,equis
S009-042,,,,,DesMoines,0.0,equis
S012-642,,,,,DesMoines,0.0,equis
S002-233,,,,,DesMoines,0.0,equis
S012-641,,,,,DesMoines,0.0,equis
S001-566,,,,,DesMoines,0.0,equis
S015-330,,,,,DesMoines,0.0,equis
S000-232,,,,,DesMoines,0.0,equis
S007-892,,,,,DesMoines,0.0,equis
S001-660,,,,,DesMoines,0.0,equis
S009-041,,,,,DesMoines,0.0,equis
S009-891,,,,,DesMoines,0.0,equis
S011-749,,,,,DesMoines,0.0,equis
S000-248,,,,,DesMoines,0.0,equis
S000-247,,,,,DesMoines,0.0,equis
S000-838,,,,,DesMoines,0.0,equis
S000-276,,,,,DesMoines,0.0,equis
S000-837,,,,,DesMoines,0.0,equis
S000-246,,,,,DesMoines,0.0,equis
S000-799,,,,,DesMoines,0.0,equis
S000-806,,,,,DesMoines,0.0,equis
S009-913,,,,,DesMoines,0.0,equis
S000-836,,,,,DesMoines,0.0,equis
S000-275,,,,,DesMoines,0.0,equis
S000-835,,,,,DesMoines,0.0,equis
S000-274,,,,,DesMoines,0.0,equis
S000-245,,,,,DesMoines,0.0,equis
S000-273,,,,,DesMoines,0.0,equis
S000-272,,,,,DesMoines,0.0,equis
S000-244,,,,,DesMoines,0.0,equis
S005-936,,,,,DesMoines,0.0,equis
S000-027,,,,,DesMoines,0.0,equis
S000-028,,,,,DesMoines,0.0,equis
S000-049,,,,,DesMoines,0.0,equis
S009-890,,,,,DesMoines,0.0,equis
S009-036,,,,,DesMoines,0.0,equis
S004-359,,,,,DesMoines,0.0,equis
S010-423,,,,,DesMoines,0.0,equis
S001-989,,,,,DesMoines,0.0,equis
S009-035,,,,,DesMoines,0.0,equis
S009-886,,,,,DesMoines,0.0,equis
S012-676,,,,,DesMoines,0.0,equis
S009-060,,,,,DesMoines,0.0,equis
S017-796,,,,,DesMoines,0.0,equis
S000-048,,,,,DesMoines,0.0,equis
S012-628,,,,,DesMoines,0.0,equis
S009-898,,,,,DesMoines,0.0,equis
S009-058,,,,,DesMoines,0.0,equis
S012-673,,,,,DesMoines,0.0,equis
S005-024,,,,,DesMoines,0.0,equis
S012-677,,,,,DesMoines,0.0,equis
S009-278,,,,,DesMoines,0.0,equis
S009-040,,,,,DesMoines,0.0,equis
S009-911,,,,,DesMoines,0.0,equis
S012-679,,,,,DesMoines,0.0,equis
S007-813,,,,,DesMoines,0.0,equis
S005-572,,,,,DesMoines,0.0,equis
S012-680,,,,,DesMoines,0.0,equis
S005-027,,,,,DesMoines,0.0,equis
S017-899,,,,,DesMoines,0.0,equis
S005-078,,,,,DesMoines,0.0,equis
S009-038,,,,,DesMoines,0.0,equis
S000-999,,,,,DesMoines,0.0,equis
S001-000,,,,,DesMoines,0.0,equis
S000-141,,,,,DesMoines,0.0,equis
S005-025,,,,,DesMoines,0.0,equis
S001-548,,,,,DesMoines,0.0,equis
S009-059,,,,,DesMoines,0.0,equis
S000-241,,,,,DesMoines,0.0,equis
S010-421,,,,,DesMoines,0.0,equis
S000-242,,,,,DesMoines,0.0,equis
S000-271,,,,,DesMoines,0.0,equis
S000-270,,,,,DesMoines,0.0,equis
S001-661,,,,,DesMoines,0.0,equis
S000-243,,,,,DesMoines,0.0,equis
S000-156,,,,,DesMoines,0.0,equis
S000-998,,,,,DesMoines,0.0,equis
S007-894,,,,,DesMoines,0.0,equis
S000-481,,,,,DesMoines,0.0,equis
S000-894,,,,,DesMoines,0.0,equis
S001-148,,,,,DesMoines,0.0,equis
S012-976,,,,,DesMoines,0.0,equis
S000-240,,,,,DesMoines,0.0,equis
S000-269,,,,,DesMoines,0.0,equis
S007-890,,,,,DesMoines,0.0,equis
S001-562,,,,,DesMoines,0.0,equis
S011-579,,,,,GrandMarais,0.0,equis
S004-133,,,,,GrandMarais,0.0,equis
S003-276,,,,,GrandMarais,0.0,equis
S008-175,,,,,GrandMarais,0.0,equis
S008-171,459.0,459,,,GrandMarais,0.0,equis
S002-974,,,,,GrandMarais,0.0,equis
S006-865,,,,,GrandMarais,0.0,equis
S002-984,,,,,GrandMarais,0.0,equis
S008-903,270.0,"250,251",,,GrandMarais,0.0,equis
S002-083,300.0,"291,280",,,GrandMarais,0.0,equis
S008-896,357.0,"345,355",,,GrandMarais,0.0,equis
S008-901,,,,,GrandMarais,0.0,equis
S004-132,,,,,GrandMarais,0.0,equis
S008-898,,,,,GrandMarais,0.0,equis
S008-897,355.0,355,,,GrandMarais,0.0,equis
S008-900,,,,,GrandMarais,0.0,equis
S017-487,,,,,GrandMarais,0.0,equis
S012-151,,,,,GrandMarais,0.0,equis
S008-899,345.0,345,,,GrandMarais,0.0,equis
S008-902,320.0,320,,,GrandMarais,0.0,equis
S002-126,370.0,370,,,GrandMarais,0.0,equis
S012-153,,,,,GrandMarais,0.0,equis
S016-221,,,,,GrandMarais,0.0,equis
S005-570,475.0,475,,,GrandMarais,0.0,equis
S007-693,521.0,519,,,GrandMarais,0.0,equis
S005-571,521.0,521,,,GrandMarais,0.0,equis
S010-158,,,,,GrandMarais,0.0,equis
S004-131,357.0,357,,,GrandMarais,0.0,equis
S016-908,359.0,357,,,GrandMarais,0.0,equis
S008-904,,,,,GrandMarais,0.0,equis
S003-277,,,,,GrandMarais,0.0,equis
S016-397,,,,,GrandMarais,0.0,equis
S017-171,,,,,HawkYellowMedicine,0.0,equis
S011-464,,,,,HawkYellowMedicine,0.0,equis
S009-798,,,,,HawkYellowMedicine,0.0,equis
S006-172,,,,,HawkYellowMedicine,0.0,equis
S011-465,,,,,HawkYellowMedicine,0.0,equis
S016-359,,,,,HawkYellowMedicine,0.0,equis
S017-491,,,,,HawkYellowMedicine,0.0,equis
S011-516,,,,,HawkYellowMedicine,0.0,equis
S011-525,,,,,HawkYellowMedicine,0.0,equis
S007-851,,,,,HawkYellowMedicine,0.0,equis
S010-073,,,,,HawkYellowMedicine,0.0,equis
S000-741,,,,,HawkYellowMedicine,0.0,equis
S004-649,,,,,HawkYellowMedicine,0.0,equis
S011-515,,,,,HawkYellowMedicine,0.0,equis
S012-716,,,,,HawkYellowMedicine,0.0,equis
S013-597,,,,,HawkYellowMedicine,0.0,equis
S016-872,,,,,HawkYellowMedicine,0.0,equis
S009-832,,,,,HawkYellowMedicine,0.0,equis
S011-471,,,,,HawkYellowMedicine,0.0,equis
S006-171,,,,,HawkYellowMedicine,0.0,equis
S011-511,,,,,HawkYellowMedicine,0.0,equis
S011-518,,,,,HawkYellowMedicine,0.0,equis
S016-786,,,,,HawkYellowMedicine,0.0,equis
S011-468,,,,,HawkYellowMedicine,0.0,equis
S011-514,,,,,HawkYellowMedicine,0.0,equis
S002-135,,,,,HawkYellowMedicine,0.0,equis
S004-676,,,,,HawkYellowMedicine,0.0,equis
S000-740,,,,,HawkYellowMedicine,0.0,equis
S006-830,,,,,HawkYellowMedicine,0.0,equis
S006-829,,,,,HawkYellowMedicine,0.0,equis
S006-829,,,,,HawkYellowMedicine,0.0,equis
S008-967,,,,,HawkYellowMedicine,0.0,equis
S009-829,,,,,HawkYellowMedicine,0.0,equis
S011-483,,,,,HawkYellowMedicine,0.0,equis
S002-136,,,,,HawkYellowMedicine,0.0,equis
S016-574,,,,,HawkYellowMedicine,0.0,equis
S011-467,,,,,HawkYellowMedicine,0.0,equis
S007-092,,,,,HawkYellowMedicine,0.0,equis
S011-466,,,,,HawkYellowMedicine,0.0,equis
S009-833,,,,,HawkYellowMedicine,0.0,equis
S010-074,,,,,HawkYellowMedicine,0.0,equis
S007-748,406.0,406,,,HawkYellowMedicine,0.0,equis
S010-032,,,,,HawkYellowMedicine,0.0,equis
S000-343,,,,,HawkYellowMedicine,0.0,equis
S002-260,,,,,HawkYellowMedicine,0.0,equis
S002-255,,,,,HawkYellowMedicine,0.0,equis
S002-266,,,,,HawkYellowMedicine,0.0,equis
S002-265,,,,,HawkYellowMedicine,0.0,equis
S002-264,,,,,HawkYellowMedicine,0.0,equis
S002-256,,,,,HawkYellowMedicine,0.0,equis
S002-267,,,,,HawkYellowMedicine,0.0,equis
S011-448,,,,,HawkYellowMedicine,0.0,equis
S002-268,,,,,HawkYellowMedicine,0.0,equis
S007-873,,,,,HawkYellowMedicine,0.0,equis
S002-394,,,,,HawkYellowMedicine,0.0,equis
S002-261,,,,,HawkYellowMedicine,0.0,equis
S002-395,,,,,HawkYellowMedicine,0.0,equis
S002-396,,,,,HawkYellowMedicine,0.0,equis
S004-631,,,,,HawkYellowMedicine,0.0,equis
S002-273,,,,,HawkYellowMedicine,0.0,equis
S002-272,,,,,HawkYellowMedicine,0.0,equis
S002-271,,,,,HawkYellowMedicine,0.0,equis
S002-270,,,,,HawkYellowMedicine,0.0,equis
S002-257,,,,,HawkYellowMedicine,0.0,equis
S002-269,,,,,HawkYellowMedicine,0.0,equis
S002-258,,,,,HawkYellowMedicine,0.0,equis
S004-630,,,,,HawkYellowMedicine,0.0,equis
S003-704,,,,,HawkYellowMedicine,0.0,equis
S004-629,,,,,HawkYellowMedicine,0.0,equis
S004-628,,,,,HawkYellowMedicine,0.0,equis
S003-936,,,,,HawkYellowMedicine,0.0,equis
S002-259,,,,,HawkYellowMedicine,0.0,equis
S002-262,,,,,HawkYellowMedicine,0.0,equis
S002-263,,,,,HawkYellowMedicine,0.0,equis
S003-705,,,,,HawkYellowMedicine,0.0,equis
S010-490,,,,,HawkYellowMedicine,0.0,equis
S002-323,,,,,HawkYellowMedicine,0.0,equis
S011-472,,,,,HawkYellowMedicine,0.0,equis
S014-617,,,,,HawkYellowMedicine,0.0,equis
S009-790,,,,,HawkYellowMedicine,0.0,equis
S011-474,,,,,HawkYellowMedicine,0.0,equis
S006-662,,,,,HawkYellowMedicine,0.0,equis
S009-680,,,,,HawkYellowMedicine,0.0,equis
S007-093,,,,,HawkYellowMedicine,0.0,equis
S000-160,,,,,HawkYellowMedicine,0.0,equis
S002-322,,,,,HawkYellowMedicine,0.0,equis
S011-477,,,,,HawkYellowMedicine,0.0,equis
S011-481,,,,,HawkYellowMedicine,0.0,equis
S017-055,,,,,HawkYellowMedicine,0.0,equis
S006-170,,,,,HawkYellowMedicine,0.0,equis
S011-478,,,,,HawkYellowMedicine,0.0,equis
S016-785,,,,,HawkYellowMedicine,0.0,equis
S006-727,,,,,HawkYellowMedicine,0.0,equis
S007-094,,,,,HawkYellowMedicine,0.0,equis
S002-321,,,,,HawkYellowMedicine,0.0,equis
S006-173,111.0,111,,,HawkYellowMedicine,0.0,equis
S008-881,111.0,111,,,HawkYellowMedicine,0.0,equis
S002-334,,,,,HawkYellowMedicine,0.0,equis
S011-449,,,,,HawkYellowMedicine,0.0,equis
S002-333,,,,,HawkYellowMedicine,0.0,equis
S009-789,,,,,HawkYellowMedicine,0.0,equis
S009-788,,,,,HawkYellowMedicine,0.0,equis
S002-330,,,,,HawkYellowMedicine,0.0,equis
S002-331,,,,,HawkYellowMedicine,0.0,equis
S011-451,,,,,HawkYellowMedicine,0.0,equis
S011-452,,,,,HawkYellowMedicine,0.0,equis
S005-684,,,,,HawkYellowMedicine,0.0,equis
S011-454,,,,,HawkYellowMedicine,0.0,equis
S001-608,,,,,HawkYellowMedicine,0.0,equis
S002-347,,,,,HawkYellowMedicine,0.0,equis
S002-348,,,,,HawkYellowMedicine,0.0,equis
S002-349,,,,,HawkYellowMedicine,0.0,equis
S002-350,,,,,HawkYellowMedicine,0.0,equis
S002-351,,,,,HawkYellowMedicine,0.0,equis
S002-352,,,,,HawkYellowMedicine,0.0,equis
S002-353,,,,,HawkYellowMedicine,0.0,equis
S002-326,,,,,HawkYellowMedicine,0.0,equis
S016-575,,,,,HawkYellowMedicine,0.0,equis
S002-346,,,,,HawkYellowMedicine,0.0,equis
S002-345,,,,,HawkYellowMedicine,0.0,equis
S008-272,,,,,HawkYellowMedicine,0.0,equis
S002-341,,,,,HawkYellowMedicine,0.0,equis
S009-786,,,,,HawkYellowMedicine,0.0,equis
S002-342,,,,,HawkYellowMedicine,0.0,equis
S002-340,,,,,HawkYellowMedicine,0.0,equis
S002-343,,,,,HawkYellowMedicine,0.0,equis
S002-344,,,,,HawkYellowMedicine,0.0,equis
S002-328,,,,,HawkYellowMedicine,0.0,equis
S002-339,,,,,HawkYellowMedicine,0.0,equis
S002-327,,,,,HawkYellowMedicine,0.0,equis
S011-455,,,,,HawkYellowMedicine,0.0,equis
S009-787,,,,,HawkYellowMedicine,0.0,equis
S002-337,,,,,HawkYellowMedicine,0.0,equis
S002-338,,,,,HawkYellowMedicine,0.0,equis
S011-479,,,,,HawkYellowMedicine,0.0,equis
S011-463,,,,,HawkYellowMedicine,0.0,equis
S009-703,,,,,HawkYellowMedicine,0.0,equis
S013-641,,,,,HawkYellowMedicine,0.0,equis
S002-318,,,,,HawkYellowMedicine,0.0,equis
S013-204,,,,,HawkYellowMedicine,0.0,equis
S011-475,,,,,HawkYellowMedicine,0.0,equis
S011-476,,,,,HawkYellowMedicine,0.0,equis
S003-758,,,,,HawkYellowMedicine,0.0,equis
S011-460,,,,,HawkYellowMedicine,0.0,equis
S011-497,,,,,HawkYellowMedicine,0.0,equis
S016-610,,,,,HawkYellowMedicine,0.0,equis
S009-796,,,,,HawkYellowMedicine,0.0,equis
S013-203,,,,,HawkYellowMedicine,0.0,equis
S002-317,104.0,104,,,HawkYellowMedicine,0.0,equis
S011-462,,,,,HawkYellowMedicine,0.0,equis
S011-480,,,,,HawkYellowMedicine,0.0,equis
S011-524,,,,,HawkYellowMedicine,0.0,equis
S011-461,,,,,HawkYellowMedicine,0.0,equis
S014-669,,,,,HawkYellowMedicine,0.0,equis
S002-319,,,,,HawkYellowMedicine,0.0,equis
S000-159,101.0,101,,,HawkYellowMedicine,0.0,equis
S013-603,,,,,HawkYellowMedicine,0.0,equis
S013-202,,,,,HawkYellowMedicine,0.0,equis
S007-314,101.0,101,,,HawkYellowMedicine,0.0,equis
S002-316,101.0,101,,,HawkYellowMedicine,0.0,equis
S002-137,215.0,215,,,HawkYellowMedicine,0.0,equis
S004-404,,,,,HawkYellowMedicine,0.0,equis
S004-399,,,,,HawkYellowMedicine,0.0,equis
S004-400,,,,,HawkYellowMedicine,0.0,equis
S004-405,,,,,HawkYellowMedicine,0.0,equis
S001-811,,,,,HawkYellowMedicine,0.0,equis
S004-403,,,,,HawkYellowMedicine,0.0,equis
S004-402,,,,,HawkYellowMedicine,0.0,equis
S004-401,,,,,HawkYellowMedicine,0.0,equis
S008-396,,,,,HawkYellowMedicine,0.0,equis
S011-505,,,,,HawkYellowMedicine,0.0,equis
S011-490,,,,,HawkYellowMedicine,0.0,equis
S000-601,,,,,HawkYellowMedicine,0.0,equis
S007-321,,,,,HawkYellowMedicine,0.0,equis
S002-143,,,,,HawkYellowMedicine,0.0,equis
S002-145,207.0,207,,,HawkYellowMedicine,0.0,equis
S010-474,,,,,HawkYellowMedicine,0.0,equis
S011-339,,,,,HawkYellowMedicine,0.0,equis
S011-489,,,,,HawkYellowMedicine,0.0,equis
S011-484,,,,,HawkYellowMedicine,0.0,equis
S002-142,,,,,HawkYellowMedicine,0.0,equis
S011-503,,,,,HawkYellowMedicine,0.0,equis
S002-141,211.0,212,,,HawkYellowMedicine,0.0,equis
S011-498,,,,,HawkYellowMedicine,0.0,equis
S011-536,211.0,211,,,HawkYellowMedicine,0.0,equis
S013-642,,,,,HawkYellowMedicine,0.0,equis
S011-493,,,,,HawkYellowMedicine,0.0,equis
S011-491,,,,,HawkYellowMedicine,0.0,equis
S011-488,,,,,HawkYellowMedicine,0.0,equis
S009-673,,,,,HawkYellowMedicine,0.0,equis
S011-487,,,,,HawkYellowMedicine,0.0,equis
S004-766,,,,,HawkYellowMedicine,0.0,equis
S013-919,,,,,HawkYellowMedicine,0.0,equis
S014-962,219.0,219,,,HawkYellowMedicine,0.0,equis
S010-497,,,,,HawkYellowMedicine,0.0,equis
S011-500,,,,,HawkYellowMedicine,0.0,equis
S002-150,,,,,HawkYellowMedicine,0.0,equis
S002-149,,,,,HawkYellowMedicine,0.0,equis
S011-537,,,,,HawkYellowMedicine,0.0,equis
S002-151,,,,,HawkYellowMedicine,0.0,equis
S011-485,,,,,HawkYellowMedicine,0.0,equis
S002-152,,,,,HawkYellowMedicine,0.0,equis
S008-261,,,,,HawkYellowMedicine,0.0,equis
S009-700,,,,,HawkYellowMedicine,0.0,equis
S011-509,,,,,HawkYellowMedicine,0.0,equis
S011-502,,,,,HawkYellowMedicine,0.0,equis
S011-501,,,,,HawkYellowMedicine,0.0,equis
S011-530,,,,,HawkYellowMedicine,0.0,equis
S002-147,203.0,203,,,HawkYellowMedicine,0.0,equis
S002-148,202.0,202,,,HawkYellowMedicine,0.0,equis
S011-529,,,,,HawkYellowMedicine,0.0,equis
S007-087,,,,,HawkYellowMedicine,0.0,equis
S004-690,,,,,HawkYellowMedicine,0.0,equis
S003-760,,,,,HawkYellowMedicine,0.0,equis
S002-012,,,,,HawkYellowMedicine,0.0,equis
S011-517,,,,,HawkYellowMedicine,0.0,equis
S011-534,,,,,HawkYellowMedicine,0.0,equis
S013-201,,,,,HawkYellowMedicine,0.0,equis
S013-604,,,,,HawkYellowMedicine,0.0,equis
S016-852,,,,,HawkYellowMedicine,0.0,equis
S011-469,,,,,HawkYellowMedicine,0.0,equis
S011-523,,,,,HawkYellowMedicine,0.0,equis
S011-522,,,,,HawkYellowMedicine,0.0,equis
S009-797,,,,,HawkYellowMedicine,0.0,equis
S011-521,,,,,HawkYellowMedicine,0.0,equis
S001-008,,,,,HawkYellowMedicine,0.0,equis
S000-738,,,,,HawkYellowMedicine,0.0,equis
S007-097,,,,,HawkYellowMedicine,0.0,equis
S007-089,,,,,HawkYellowMedicine,0.0,equis
S007-091,,,,,HawkYellowMedicine,0.0,equis
S011-470,,,,,HawkYellowMedicine,0.0,equis
S011-533,,,,,HawkYellowMedicine,0.0,equis
S012-714,,,,,HawkYellowMedicine,0.0,equis
S013-605,,,,,HawkYellowMedicine,0.0,equis
S013-606,,,,,HawkYellowMedicine,0.0,equis
S013-645,,,,,HawkYellowMedicine,0.0,equis
S016-223,,,,,HawkYellowMedicine,0.0,equis
S016-224,,,,,HawkYellowMedicine,0.0,equis
S011-538,,,,,HawkYellowMedicine,0.0,equis
S003-866,,,,,HawkYellowMedicine,0.0,equis
S007-088,,,,,HawkYellowMedicine,0.0,equis
S011-532,,,,,HawkYellowMedicine,0.0,equis
S016-573,,,,,HawkYellowMedicine,0.0,equis
S006-510,,,,,HawkYellowMedicine,0.0,equis
S001-177,,,,,HawkYellowMedicine,0.0,equis
S008-348,,,,,HawkYellowMedicine,0.0,equis
S004-345,,,,,HawkYellowMedicine,0.0,equis
S009-711,,,,,HawkYellowMedicine,0.0,equis
S011-535,,,,,HawkYellowMedicine,0.0,equis
S011-539,,,,,HawkYellowMedicine,0.0,equis
S007-095,,,,,HawkYellowMedicine,0.0,equis
S007-853,,,,,HawkYellowMedicine,0.0,equis
S011-520,,,,,HawkYellowMedicine,0.0,equis
S012-713,,,,,HawkYellowMedicine,0.0,equis
S011-531,,,,,HawkYellowMedicine,0.0,equis
S011-506,,,,,HawkYellowMedicine,0.0,equis
S016-784,,,,,HawkYellowMedicine,0.0,equis
S002-154,232.0,232,,,HawkYellowMedicine,0.0,equis
S011-458,,,,,HawkYellowMedicine,0.0,equis
S003-761,232.0,232,,,HawkYellowMedicine,0.0,equis
S011-508,,,,,HawkYellowMedicine,0.0,equis
S011-504,,,,,HawkYellowMedicine,0.0,equis
S011-510,233.0,233,,,HawkYellowMedicine,0.0,equis
S004-674,233.0,233,,,HawkYellowMedicine,0.0,equis
S000-405,231.0,231,,,HawkYellowMedicine,0.0,equis
S009-766,,,,,HawkYellowMedicine,0.0,equis
S006-138,231.0,231,,,HawkYellowMedicine,0.0,equis
S011-495,,,,,HawkYellowMedicine,0.0,equis
S002-156,231.0,231,,,HawkYellowMedicine,0.0,equis
S017-493,,,,,HawkYellowMedicine,0.0,equis
S002-155,231.0,231,,,HawkYellowMedicine,0.0,equis
S004-698,231.0,231,End of Reach,,HawkYellowMedicine,0.0,equis
S002-240,231.0,231,End of Reach,,HawkYellowMedicine,0.0,equis
S004-697,231.0,231,End of Reach,,HawkYellowMedicine,0.0,equis
S009-765,,,,,HawkYellowMedicine,0.0,equis
S004-678,,,,,HawkYellowMedicine,0.0,equis
S013-047,,,,,HawkYellowMedicine,0.0,equis
S004-679,,,,,HawkYellowMedicine,0.0,equis
S011-499,,,,,HawkYellowMedicine,0.0,equis
S000-668,,,,,HawkYellowMedicine,0.0,equis
S002-157,234.0,234,,,HawkYellowMedicine,0.0,equis
S000-404,234.0,234,,,HawkYellowMedicine,0.0,equis
S000-669,,,,,HawkYellowMedicine,0.0,equis
S011-512,,,,,HawkYellowMedicine,0.0,equis
S000-484,,,,,HawkYellowMedicine,0.0,equis
S000-485,,,,,HawkYellowMedicine,0.0,equis
S011-445,,,,,HawkYellowMedicine,0.0,equis
S000-670,,,,,HawkYellowMedicine,0.0,equis
S009-688,,,,,HawkYellowMedicine,0.0,equis
S004-687,,,,,HawkYellowMedicine,0.0,equis
S010-496,,,,,HawkYellowMedicine,0.0,equis
S003-169,,,,,HawkYellowMedicine,0.0,equis
S000-666,,,,,HawkYellowMedicine,0.0,equis
S000-667,230.0,"231,234",,,HawkYellowMedicine,0.0,equis
S011-496,,,,,HawkYellowMedicine,0.0,equis
S003-684,,,,,HawkYellowMedicine,0.0,equis
S010-033,,,,,HawkYellowMedicine,0.0,equis
S004-680,,,,,HawkYellowMedicine,0.0,equis
S002-153,,,,,HawkYellowMedicine,0.0,equis
S004-681,,,,,HawkYellowMedicine,0.0,equis
S001-341,,,,,HawkYellowMedicine,0.0,equis
S003-685,,,,,HawkYellowMedicine,0.0,equis
S002-239,,,,,HawkYellowMedicine,0.0,equis
S004-693,,,,,HawkYellowMedicine,0.0,equis
S016-222,,,,,HawkYellowMedicine,0.0,equis
S017-054,,,,,HawkYellowMedicine,0.0,equis
S003-867,2240.0,240,,,HawkYellowMedicine,0.0,equis
S004-696,,,,,HawkYellowMedicine,0.0,equis
S016-572,,,,,HawkYellowMedicine,0.0,equis
S012-712,,,,,HawkYellowMedicine,0.0,equis
S009-805,,,,,HawkYellowMedicine,0.0,equis
S000-780,,,,,HawkYellowMedicine,0.0,equis
S013-607,,,,,HawkYellowMedicine,0.0,equis
S006-160,,,,,HawkYellowMedicine,0.0,equis
S011-528,,,,,HawkYellowMedicine,0.0,equis
S011-527,,,,,HawkYellowMedicine,0.0,equis
S000-055,,,,,HawkYellowMedicine,0.0,equis
S004-691,,,,,HawkYellowMedicine,0.0,equis
S016-571,,,,,HawkYellowMedicine,0.0,equis
S017-056,,,,,HawkYellowMedicine,0.0,equis
S012-711,,,,,HawkYellowMedicine,0.0,equis
S004-694,,,,,HawkYellowMedicine,0.0,equis
S010-076,,,,,HawkYellowMedicine,0.0,equis
S003-759,,,,,HawkYellowMedicine,0.0,equis
S007-865,,,,,HawkYellowMedicine,0.0,equis
S007-864,,,,,HawkYellowMedicine,0.0,equis
S009-841,,,,,HawkYellowMedicine,0.0,equis
S007-872,,,,,HawkYellowMedicine,0.0,equis
S013-646,,,,,HawkYellowMedicine,0.0,equis
S016-544,,,,,HawkYellowMedicine,0.0,equis
S016-576,114.0,114,,,HawkYellowMedicine,0.0,equis
S016-581,114.0,114,middloe of reach,,HawkYellowMedicine,0.0,equis
S017-492,,,,,HawkYellowMedicine,0.0,equis
S011-473,,,,,HawkYellowMedicine,0.0,equis
S006-161,,,,,HawkYellowMedicine,0.0,equis
S012-128,,,,,HawkYellowMedicine,0.0,equis
S016-577,,,,,HawkYellowMedicine,0.0,equis
S010-489,,,,,HawkYellowMedicine,0.0,equis
S002-139,214.0,214,,,HawkYellowMedicine,0.0,equis
S002-138,,,,,HawkYellowMedicine,0.0,equis
S004-799,,,,,HawkYellowMedicine,0.0,equis
S005-786,,,,,HawkYellowMedicine,0.0,equis
S002-144,208.0,208,,,HawkYellowMedicine,0.0,equis
S002-140,213.0,213,,,HawkYellowMedicine,0.0,equis
S000-602,,,,,HawkYellowMedicine,0.0,equis
S008-332,,,,,HawkYellowMedicine,0.0,equis
S000-604,,,,,HawkYellowMedicine,0.0,equis
S000-603,,,,,HawkYellowMedicine,0.0,equis
S000-991,,,,,HawkYellowMedicine,0.0,equis
S006-874,206.0,206,,,HawkYellowMedicine,0.0,equis
S002-146,205.0,205,,,HawkYellowMedicine,0.0,equis
S009-764,205.0,"206,216",,,HawkYellowMedicine,0.0,equis
S011-456,,,,,HawkYellowMedicine,0.0,equis
S001-156,,,,,HawkYellowMedicine,0.0,equis
S001-217,,,,,HawkYellowMedicine,0.0,equis
S008-880,,,,,HawkYellowMedicine,0.0,equis
S002-336,,,,,HawkYellowMedicine,0.0,equis
S002-335,,,,,HawkYellowMedicine,0.0,equis
S002-320,106.0,106,,,HawkYellowMedicine,0.0,equis
S006-683,,,,,HawkYellowMedicine,0.0,equis
S011-459,,,,,HawkYellowMedicine,0.0,equis
S017-050,402.0,202,,,HawkYellowMedicine,0.0,equis
S011-519,,,,,HawkYellowMedicine,0.0,equis
S016-559,,,,,HawkYellowMedicine,0.0,equis
S007-852,,,,,HawkYellowMedicine,0.0,equis
S010-075,,,,,HawkYellowMedicine,0.0,equis
S012-715,,,,,HawkYellowMedicine,0.0,equis
S009-834,,,,,HawkYellowMedicine,0.0,equis
S017-791,,,,,HawkYellowMedicine,0.0,equis
S001-643,,,,,Kettle,0.0,equis
S013-442,,,,,Kettle,0.0,equis
S013-796,,,,,Kettle,0.0,equis
S013-445,,,,,Kettle,0.0,equis
S010-365,,,,,Kettle,0.0,equis
S013-441,,,,,Kettle,0.0,equis
S001-195,,,,,Kettle,0.0,equis
S001-196,,,,,Kettle,0.0,equis
S013-443,,,,,Kettle,0.0,equis
S013-795,,,,,Kettle,0.0,equis
S013-439,,,,,Kettle,0.0,equis
S013-989,,,,,Kettle,0.0,equis
S010-335,,,,,Kettle,0.0,equis
S008-273,,,,,Kettle,0.0,equis
S013-771,,,,,Kettle,0.0,equis
S013-457,,,,,Kettle,0.0,equis
S011-660,,,,,Kettle,0.0,equis
S005-462,,,,,Kettle,0.0,equis
S013-557,,,,,Kettle,0.0,equis
S017-051,,,,,Kettle,0.0,equis
S010-315,,,,,Kettle,0.0,equis
S013-775,,,,,Kettle,0.0,equis
S000-056,,,,,Kettle,0.0,equis
S013-830,,,,,Kettle,0.0,equis
S010-346,,,,,Kettle,0.0,equis
S013-778,,,,,Kettle,0.0,equis
S004-104,,,,,Kettle,0.0,equis
S011-355,,,,,Kettle,0.0,equis
S010-332,,,,,Kettle,0.0,equis
S013-803,,,,,Kettle,0.0,equis
S014-646,,,,,Kettle,0.0,equis
S013-555,,,,,Kettle,0.0,equis
S003-374,,,,,Kettle,0.0,equis
S013-449,,,,,Kettle,0.0,equis
S005-535,,,,,Kettle,0.0,equis
S013-447,,,,,Kettle,0.0,equis
S005-534,,,,,Kettle,0.0,equis
S013-462,,,,,Kettle,0.0,equis
S010-356,,,,,Kettle,0.0,equis
S013-817,,,,,Kettle,0.0,equis
S014-054,,,,,Kettle,0.0,equis
S005-533,,,,,Kettle,0.0,equis
S010-341,,,,,Kettle,0.0,equis
S013-814,,,,,Kettle,0.0,equis
S015-041,,,,,Kettle,0.0,equis
S013-448,,,,,Kettle,0.0,equis
S013-452,,,,,Kettle,0.0,equis
S003-774,,,,,Kettle,0.0,equis
S013-455,,,,,Kettle,0.0,equis
S001-653,,,,,Kettle,0.0,equis
S013-800,,,,,Kettle,0.0,equis
S005-266,,,,,Kettle,0.0,equis
S005-267,,,,,Kettle,0.0,equis
S013-559,,,,,Kettle,0.0,equis
S013-564,,,,,Kettle,0.0,equis
S013-986,,,,,Kettle,0.0,equis
S013-451,,,,,Kettle,0.0,equis
S013-815,,,,,Kettle,0.0,equis
S008-815,,,,,Kettle,0.0,equis
S010-336,,,,,Kettle,0.0,equis
S013-444,,,,,Kettle,0.0,equis
S013-777,,,,,Kettle,0.0,equis
S013-438,,,,,Kettle,0.0,equis
S013-458,,,,,Kettle,0.0,equis
S008-816,,,,,Kettle,0.0,equis
S013-556,,,,,Kettle,0.0,equis
S010-068,,,,,Kettle,0.0,equis
S013-824,,,,,Kettle,0.0,equis
S013-460,,,,,Kettle,0.0,equis
S008-817,,,,,Kettle,0.0,equis
S013-807,,,,,Kettle,0.0,equis
S013-808,,,,,Kettle,0.0,equis
S013-450,,,,,Kettle,0.0,equis
S008-814,,,,,Kettle,0.0,equis
S013-461,,,,,Kettle,0.0,equis
S013-459,,,,,Kettle,0.0,equis
S010-340,,,,,Kettle,0.0,equis
S010-326,,,,,Kettle,0.0,equis
S008-812,,,,,Kettle,0.0,equis
S013-825,,,,,Kettle,0.0,equis
S017-889,,,,,Kettle,0.0,equis
S013-456,,,,,Kettle,0.0,equis
S013-440,,,,,Kettle,0.0,equis
S013-794,,,,,Kettle,0.0,equis
S008-818,,,,,Kettle,0.0,equis
S013-560,,,,,Kettle,0.0,equis
S008-813,,,,,Kettle,0.0,equis
S013-446,,,,,Kettle,0.0,equis
S010-069,,,,,Kettle,0.0,equis
S014-214,,,,,Kettle,0.0,equis
S016-878,,,,,Kettle,0.0,equis
S013-453,,,,,Kettle,0.0,equis
S008-926,,,,,Kettle,0.0,equis
S010-322,,,,,Kettle,0.0,equis
S014-213,,,,,Kettle,0.0,equis
S013-772,,,,,Kettle,0.0,equis
S014-215,,,,,Kettle,0.0,equis
S011-204,,,,,Kettle,0.0,equis
S013-454,,,,,Kettle,0.0,equis
S015-247,,,,,Kettle,0.0,equis
S013-416,,,,,Kettle,0.0,equis
S010-333,,,,,Kettle,0.0,equis
S013-422,,,,,Kettle,0.0,equis
S013-423,,,,,Kettle,0.0,equis
S016-461,,,,,Kettle,0.0,equis
S013-990,,,,,Kettle,0.0,equis
S010-320,,,,,Kettle,0.0,equis
S015-246,,,,,Kettle,0.0,equis
S013-418,,,,,Kettle,0.0,equis
S010-345,,,,,Kettle,0.0,equis
S013-779,,,,,Kettle,0.0,equis
S013-415,,,,,Kettle,0.0,equis
S013-413,,,,,Kettle,0.0,equis
S016-408,,,,,Kettle,0.0,equis
S013-420,,,,,Kettle,0.0,equis
S013-419,,,,,Kettle,0.0,equis
S010-357,,,,,Kettle,0.0,equis
S013-820,,,,,Kettle,0.0,equis
S014-953,,,,,Kettle,0.0,equis
S014-954,,,,,Kettle,0.0,equis
S014-955,,,,,Kettle,0.0,equis
S013-781,,,,,Kettle,0.0,equis
S009-062,,,,,Kettle,0.0,equis
S013-411,,,,,Kettle,0.0,equis
S005-297,,,,,Kettle,0.0,equis
S013-822,,,,,Kettle,0.0,equis
S009-063,,,,,Kettle,0.0,equis
S013-410,,,,,Kettle,0.0,equis
S001-328,,,,,Kettle,0.0,equis
S013-798,,,,,Kettle,0.0,equis
S010-369,,,,,Kettle,0.0,equis
S013-407,,,,,Kettle,0.0,equis
S013-433,,,,,Kettle,0.0,equis
S013-821,,,,,Kettle,0.0,equis
S001-674,,,,,Kettle,0.0,equis
S000-297,,,,,Kettle,0.0,equis
S013-406,,,,,Kettle,0.0,equis
S017-354,,,,,Kettle,0.0,equis
S013-786,,,,,Kettle,0.0,equis
S005-393,,,,,Kettle,0.0,equis
S013-405,,,,,Kettle,0.0,equis
S010-362,,,,,Kettle,0.0,equis
S010-331,,,,,Kettle,0.0,equis
S013-428,,,,,Kettle,0.0,equis
S013-429,,,,,Kettle,0.0,equis
S013-818,,,,,Kettle,0.0,equis
S010-352,,,,,Kettle,0.0,equis
S006-554,,,,,Kettle,0.0,equis
S013-430,,,,,Kettle,0.0,equis
S013-431,,,,,Kettle,0.0,equis
S010-349,,,,,Kettle,0.0,equis
S013-012,,,,,Kettle,0.0,equis
S013-809,,,,,Kettle,0.0,equis
S014-014,,,,,Kettle,0.0,equis
S008-357,,,,,Kettle,0.0,equis
S013-426,,,,,Kettle,0.0,equis
S003-786,,,,,Kettle,0.0,equis
S001-642,,,,,Kettle,0.0,equis
S013-719,,,,,Kettle,0.0,equis
S013-787,,,,,Kettle,0.0,equis
S010-323,,,,,Kettle,0.0,equis
S013-427,,,,,Kettle,0.0,equis
S015-196,,,,,Kettle,0.0,equis
S013-404,,,,,Kettle,0.0,equis
S013-402,,,,,Kettle,0.0,equis
S010-327,,,,,Kettle,0.0,equis
S013-718,,,,,Kettle,0.0,equis
S016-849,,,,,Kettle,0.0,equis
S007-954,,,,,Kettle,0.0,equis
S010-367,,,,,Kettle,0.0,equis
S013-425,,,,,Kettle,0.0,equis
S013-403,,,,,Kettle,0.0,equis
S013-783,,,,,Kettle,0.0,equis
S014-006,,,,,Kettle,0.0,equis
S009-064,,,,,Kettle,0.0,equis
S013-401,,,,,Kettle,0.0,equis
S015-248,,,,,Kettle,0.0,equis
S013-400,,,,,Kettle,0.0,equis
S013-784,,,,,Kettle,0.0,equis
S010-337,,,,,Kettle,0.0,equis
S013-424,,,,,Kettle,0.0,equis
S004-893,,,,,Kettle,0.0,equis
S004-889,,,,,Kettle,0.0,equis
S013-398,,,,,Kettle,0.0,equis
S006-552,,,,,Kettle,0.0,equis
S010-321,,,,,Kettle,0.0,equis
S013-717,,,,,Kettle,0.0,equis
S013-810,,,,,Kettle,0.0,equis
S002-245,,,,,Kettle,0.0,equis
S005-325,,,,,Kettle,0.0,equis
S004-891,,,,,Kettle,0.0,equis
S004-890,,,,,Kettle,0.0,equis
S008-074,,,,,Kettle,0.0,equis
S003-514,,,,,Kettle,0.0,equis
S013-397,,,,,Kettle,0.0,equis
S001-277,,,,,Kettle,0.0,equis
S013-437,,,,,Kettle,0.0,equis
S005-541,,,,,Kettle,0.0,equis
S013-799,,,,,Kettle,0.0,equis
S005-591,,,,,Kettle,0.0,equis
S005-544,,,,,Kettle,0.0,equis
S013-396,,,,,Kettle,0.0,equis
S009-065,,,,,Kettle,0.0,equis
S013-435,,,,,Kettle,0.0,equis
S004-892,,,,,Kettle,0.0,equis
S013-434,,,,,Kettle,0.0,equis
S010-339,,,,,Kettle,0.0,equis
S001-647,,,,,Kettle,0.0,equis
S005-589,,,,,Kettle,0.0,equis
S004-379,,,,,Kettle,0.0,equis
S001-262,,,,,Kettle,0.0,equis
S004-894,,,,,Kettle,0.0,equis
S014-011,,,,,Kettle,0.0,equis
S013-793,,,,,Kettle,0.0,equis
S014-003,,,,,Kettle,0.0,equis
S014-004,,,,,Kettle,0.0,equis
S014-007,,,,,Kettle,0.0,equis
S016-528,,,,,Kettle,0.0,equis
S005-543,,,,,Kettle,0.0,equis
S005-542,,,,,Kettle,0.0,equis
S001-264,,,,,Kettle,0.0,equis
S001-272,,,,,Kettle,0.0,equis
S001-271,,,,,Kettle,0.0,equis
S001-219,,,,,Kettle,0.0,equis
S001-270,,,,,Kettle,0.0,equis
S005-590,,,,,Kettle,0.0,equis
S001-269,,,,,Kettle,0.0,equis
S010-358,,,,,Kettle,0.0,equis
S000-121,,,,,Kettle,0.0,equis
S013-395,,,,,Kettle,0.0,equis
S013-774,,,,,Kettle,0.0,equis
S010-344,,,,,Kettle,0.0,equis
S008-824,,,,,Kettle,0.0,equis
S013-417,,,,,Kettle,0.0,equis
S008-822,,,,,Kettle,0.0,equis
S013-720,,,,,Kettle,0.0,equis
S006-649,,,,,Kettle,0.0,equis
S013-780,,,,,Kettle,0.0,equis
S010-317,,,,,Kettle,0.0,equis
S013-785,,,,,Kettle,0.0,equis
S013-792,,,,,Kettle,0.0,equis
S013-773,,,,,Kettle,0.0,equis
S013-414,,,,,Kettle,0.0,equis
S004-102,,,,,Kettle,0.0,equis
S013-412,,,,,Kettle,0.0,equis
S013-776,,,,,Kettle,0.0,equis
S013-421,,,,,Kettle,0.0,equis
S013-409,,,,,Kettle,0.0,equis
S013-408,,,,,Kettle,0.0,equis
S008-823,,,,,Kettle,0.0,equis
S010-347,,,,,Kettle,0.0,equis
S013-399,,,,,Kettle,0.0,equis
S013-782,,,,,Kettle,0.0,equis
S011-312,,,,,Kettle,0.0,equis
S004-896,,,,,Kettle,0.0,equis
S013-436,,,,,Kettle,0.0,equis
S001-437,,,,,Kettle,0.0,equis
S013-432,,,,,Kettle,0.0,equis
S001-279,,,,,Kettle,0.0,equis
S001-263,,,,,Kettle,0.0,equis
S011-659,,,,,Kettle,0.0,equis
S004-895,,,,,Kettle,0.0,equis
S006-553,,,,,Kettle,0.0,equis
S012-171,181.0,181,,,LOWUS,0.0,equis
S003-698,,,,,LOWUS,0.0,equis
S003-697,,,,,LOWUS,0.0,equis
S000-797,,,,,LOWUS,0.0,equis
S000-796,,,,,LOWUS,0.0,equis
S000-908,,,,,LOWUS,0.0,equis
S000-795,,,,,LOWUS,0.0,equis
S006-378,,,,,LOWUS,0.0,equis
S011-380,,,,,LOWUS,0.0,equis
S000-907,,,,,LOWUS,0.0,equis
S000-794,211.0,211,,,LOWUS,0.0,equis
S000-906,,,,,LOWUS,0.0,equis
S000-992,,,,,LOWUS,0.0,equis
S006-839,,,,,LOWUS,0.0,equis
S005-709,,,,,LOWUS,0.0,equis
S006-838,,,,,LOWUS,0.0,equis
S005-710,,,,,LOWUS,0.0,equis
S006-388,,,,,LOWUS,0.0,equis
S012-174,231.0,231,,,LOWUS,0.0,equis
S005-708,,,,,LOWUS,0.0,equis
S006-841,,,,,LOWUS,0.0,equis
S006-387,231.0,231,,,LOWUS,0.0,equis
S012-175,,,,,LOWUS,0.0,equis
S006-836,,,,,LOWUS,0.0,equis
S006-837,,,,,LOWUS,0.0,equis
S016-851,,,,,LOWUS,0.0,equis
S010-267,,,,,LOWUS,0.0,equis
S012-958,,,,,LOWUS,0.0,equis
S003-696,,,,,LOWUS,0.0,equis
S010-271,,,,,LOWUS,0.0,equis
S003-695,,,,,LOWUS,0.0,equis
S017-726,,,,,LOWUS,0.0,equis
S003-700,,,,,LOWUS,0.0,equis
S003-699,,,,,LOWUS,0.0,equis
S006-840,,,,,LOWUS,0.0,equis
S010-279,,,,,LOWUS,0.0,equis
S004-293,161.0,161,,,LOWUS,0.0,equis
S012-168,,,,,LOWUS,0.0,equis
S012-510,10.0,10,,,LOWUS,0.0,equis
S010-265,,,,,LOWUS,0.0,equis
S004-296,,,,,LOWUS,0.0,equis
S008-240,51.0,51,,,LOWUS,0.0,equis
S010-196,,,,,LOWUS,0.0,equis
S012-166,21.0,21,,,LOWUS,0.0,equis
S012-167,,,,,LOWUS,0.0,equis
S011-181,,,,,LOWUS,0.0,equis
S012-961,,,,,LOWUS,0.0,equis
S006-978,70.0,"55,50",,,LOWUS,0.0,equis
S004-289,,,,,LOWUS,0.0,equis
S005-679,,,,,LOWUS,0.0,equis
S010-268,50.0,50,,,LOWUS,0.0,equis
S004-290,,,,,LOWUS,0.0,equis
S012-164,,,,,LOWUS,0.0,equis
S005-677,41.0,41,,,LOWUS,0.0,equis
S004-295,,,,,LOWUS,0.0,equis
S005-678,55.0,55,,,LOWUS,0.0,equis
S012-169,121.0,121,,,LOWUS,0.0,equis
S016-902,121.0,121,,,LOWUS,0.0,equis
S006-379,201.0,201,,,LOWUS,0.0,equis
S012-170,151.0,151,,,LOWUS,0.0,equis
S017-446,,,,,LOWUS,0.0,equis
S017-447,,,,,LOWUS,0.0,equis
S017-448,,,,,LOWUS,0.0,equis
S013-592,,,,,LacQuiParle,0.0,equis
S013-142,,,,,LacQuiParle,0.0,equis
S013-143,,,,,LacQuiParle,0.0,equis
S008-472,,,,,LacQuiParle,0.0,equis
S013-141,,,,,LacQuiParle,0.0,equis
S014-659,,,,,LacQuiParle,0.0,equis
S008-475,,,,,LacQuiParle,0.0,equis
S013-148,,,,,LacQuiParle,0.0,equis
S013-210,,,,,LacQuiParle,0.0,equis
S002-069,,,,,LacQuiParle,0.0,equis
S017-352,,,,,LacQuiParle,0.0,equis
S003-084,,,,,LacQuiParle,0.0,equis
S000-144,,,,,LacQuiParle,0.0,equis
S001-835,,,,,LacQuiParle,0.0,equis
S001-441,,,,,LacQuiParle,0.0,equis
S003-085,,,,,LacQuiParle,0.0,equis
S009-793,,,,,LacQuiParle,0.0,equis
S013-153,,,,,LacQuiParle,0.0,equis
S013-157,,,,,LacQuiParle,0.0,equis
S003-701,,,,,LacQuiParle,0.0,equis
S002-063,,,,,LacQuiParle,0.0,equis
S013-181,,,,,LacQuiParle,0.0,equis
S013-180,,,,,LacQuiParle,0.0,equis
S008-465,,,,,LacQuiParle,0.0,equis
S013-159,,,,,LacQuiParle,0.0,equis
S013-161,,,,,LacQuiParle,0.0,equis
S009-696,,,,,LacQuiParle,0.0,equis
S013-163,,,,,LacQuiParle,0.0,equis
S013-179,,,,,LacQuiParle,0.0,equis
S001-843,,,,,LacQuiParle,0.0,equis
S013-164,,,,,LacQuiParle,0.0,equis
S009-717,,,,,LacQuiParle,0.0,equis
S013-178,,,,,LacQuiParle,0.0,equis
S013-160,,,,,LacQuiParle,0.0,equis
S000-866,,,,,LacQuiParle,0.0,equis
S001-009,,,,,LacQuiParle,0.0,equis
S003-074,,,,,LacQuiParle,0.0,equis
S004-552,,,,,LacQuiParle,0.0,equis
S013-158,,,,,LacQuiParle,0.0,equis
S013-167,,,,,LacQuiParle,0.0,equis
S002-459,,,,,LacQuiParle,0.0,equis
S013-162,,,,,LacQuiParle,0.0,equis
S013-166,,,,,LacQuiParle,0.0,equis
S009-803,,,,,LacQuiParle,0.0,equis
S003-379,,,,,LacQuiParle,0.0,equis
S013-190,,,,,LacQuiParle,0.0,equis
S013-188,,,,,LacQuiParle,0.0,equis
S001-841,,,,,LacQuiParle,0.0,equis
S013-183,,,,,LacQuiParle,0.0,equis
S003-675,,,,,LacQuiParle,0.0,equis
S013-594,,,,,LacQuiParle,0.0,equis
S000-782,,,,,LacQuiParle,0.0,equis
S006-557,,,,,LacQuiParle,0.0,equis
S013-134,,,,,LacQuiParle,0.0,equis
S013-136,,,,,LacQuiParle,0.0,equis
S002-881,,,,,LacQuiParle,0.0,equis
S013-135,,,,,LacQuiParle,0.0,equis
S002-879,,,,,LacQuiParle,0.0,equis
S002-878,,,,,LacQuiParle,0.0,equis
S002-880,,,,,LacQuiParle,0.0,equis
S013-198,,,,,LacQuiParle,0.0,equis
S014-528,,,,,LacQuiParle,0.0,equis
S002-877,,,,,LacQuiParle,0.0,equis
S008-470,,,,,LacQuiParle,0.0,equis
S013-137,,,,,LacQuiParle,0.0,equis
S013-139,,,,,LacQuiParle,0.0,equis
S013-140,,,,,LacQuiParle,0.0,equis
S008-471,,,,,LacQuiParle,0.0,equis
S006-556,,,,,LacQuiParle,0.0,equis
S009-707,,,,,LacQuiParle,0.0,equis
S013-138,,,,,LacQuiParle,0.0,equis
S011-307,,,,,LacQuiParle,0.0,equis
S006-690,,,,,LacQuiParle,0.0,equis
S013-147,,,,,LacQuiParle,0.0,equis
S002-065,,,,,LacQuiParle,0.0,equis
S002-458,,,,,LacQuiParle,0.0,equis
S001-114,,,,,LacQuiParle,0.0,equis
S003-089,,,,,LacQuiParle,0.0,equis
S001-115,,,,,LacQuiParle,0.0,equis
S004-554,,,,,LacQuiParle,0.0,equis
S013-193,,,,,LacQuiParle,0.0,equis
S013-206,,,,,LacQuiParle,0.0,equis
S000-317,,,,,LacQuiParle,0.0,equis
S000-058,,,,,LacQuiParle,0.0,equis
S017-393,,,,,LacQuiParle,0.0,equis
S000-824,,,,,LacQuiParle,0.0,equis
S000-233,,,,,LacQuiParle,0.0,equis
S000-238,,,,,LacQuiParle,0.0,equis
S002-876,,,,,LacQuiParle,0.0,equis
S009-801,,,,,LacQuiParle,0.0,equis
S008-476,,,,,LacQuiParle,0.0,equis
S013-191,,,,,LacQuiParle,0.0,equis
S013-194,,,,,LacQuiParle,0.0,equis
S008-473,,,,,LacQuiParle,0.0,equis
S013-145,,,,,LacQuiParle,0.0,equis
S009-692,,,,,LacQuiParle,0.0,equis
S003-090,,,,,LacQuiParle,0.0,equis
S013-144,,,,,LacQuiParle,0.0,equis
S012-718,,,,,LacQuiParle,0.0,equis
S000-235,,,,,LacQuiParle,0.0,equis
S000-316,,,,,LacQuiParle,0.0,equis
S000-236,,,,,LacQuiParle,0.0,equis
S000-237,,,,,LacQuiParle,0.0,equis
S002-241,,,,,LacQuiParle,0.0,equis
S008-463,,,,,LacQuiParle,0.0,equis
S013-150,,,,,LacQuiParle,0.0,equis
S013-152,,,,,LacQuiParle,0.0,equis
S015-074,,,,,LacQuiParle,0.0,equis
S000-879,,,,,LacQuiParle,0.0,equis
S000-880,,,,,LacQuiParle,0.0,equis
S000-881,,,,,LacQuiParle,0.0,equis
S000-882,,,,,LacQuiParle,0.0,equis
S000-732,,,,,LacQuiParle,0.0,equis
S013-133,,,,,LacQuiParle,0.0,equis
S003-091,,,,,LacQuiParle,0.0,equis
S013-149,,,,,LacQuiParle,0.0,equis
S014-424,,,,,LacQuiParle,0.0,equis
S008-461,,,,,LacQuiParle,0.0,equis
S009-791,,,,,LacQuiParle,0.0,equis
S009-792,,,,,LacQuiParle,0.0,equis
S013-151,,,,,LacQuiParle,0.0,equis
S013-593,,,,,LacQuiParle,0.0,equis
S002-066,,,,,LacQuiParle,0.0,equis
S001-010,,,,,LacQuiParle,0.0,equis
S003-836,,,,,LacQuiParle,0.0,equis
S009-794,,,,,LacQuiParle,0.0,equis
S013-154,,,,,LacQuiParle,0.0,equis
S013-156,,,,,LacQuiParle,0.0,equis
S013-195,,,,,LacQuiParle,0.0,equis
S001-013,,,,,LacQuiParle,0.0,equis
S011-128,,,,,LacQuiParle,0.0,equis
S013-168,,,,,LacQuiParle,0.0,equis
S013-169,,,,,LacQuiParle,0.0,equis
S013-173,,,,,LacQuiParle,0.0,equis
S008-464,,,,,LacQuiParle,0.0,equis
S013-175,,,,,LacQuiParle,0.0,equis
S013-184,,,,,LacQuiParle,0.0,equis
S008-468,,,,,LacQuiParle,0.0,equis
S013-196,,,,,LacQuiParle,0.0,equis
S002-067,,,,,LacQuiParle,0.0,equis
S003-088,,,,,LacQuiParle,0.0,equis
S009-800,,,,,LacQuiParle,0.0,equis
S013-170,,,,,LacQuiParle,0.0,equis
S013-176,,,,,LacQuiParle,0.0,equis
S013-165,,,,,LacQuiParle,0.0,equis
S002-882,,,,,LacQuiParle,0.0,equis
S002-883,,,,,LacQuiParle,0.0,equis
S013-171,,,,,LacQuiParle,0.0,equis
S001-113,,,,,LacQuiParle,0.0,equis
S003-381,,,,,LacQuiParle,0.0,equis
S013-174,,,,,LacQuiParle,0.0,equis
S001-116,,,,,LacQuiParle,0.0,equis
S013-197,,,,,LacQuiParle,0.0,equis
S003-674,,,,,LacQuiParle,0.0,equis
S013-172,,,,,LacQuiParle,0.0,equis
S002-070,,,,,LacQuiParle,0.0,equis
S002-068,,,,,LacQuiParle,0.0,equis
S000-861,,,,,LacQuiParle,0.0,equis
S000-860,,,,,LacQuiParle,0.0,equis
S000-859,,,,,LacQuiParle,0.0,equis
S000-858,,,,,LacQuiParle,0.0,equis
S009-685,,,,,LacQuiParle,0.0,equis
S013-155,,,,,LacQuiParle,0.0,equis
S003-081,,,,,LacQuiParle,0.0,equis
S008-462,,,,,LacQuiParle,0.0,equis
S009-795,,,,,LacQuiParle,0.0,equis
S003-075,,,,,LacQuiParle,0.0,equis
S008-466,,,,,LacQuiParle,0.0,equis
S013-185,,,,,LacQuiParle,0.0,equis
S013-595,,,,,LacQuiParle,0.0,equis
S013-187,,,,,LacQuiParle,0.0,equis
S009-683,,,,,LacQuiParle,0.0,equis
S007-850,,,,,LacQuiParle,0.0,equis
S000-158,,,,,LacQuiParle,0.0,equis
S003-083,,,,,LacQuiParle,0.0,equis
S013-209,,,,,LacQuiParle,0.0,equis
S006-555,,,,,LacQuiParle,0.0,equis
S000-742,,,,,LacQuiParle,0.0,equis
S006-687,,,,,LacQuiParle,0.0,equis
S009-830,,,,,LacQuiParle,0.0,equis
S008-474,,,,,LacQuiParle,0.0,equis
S013-146,,,,,LacQuiParle,0.0,equis
S013-596,,,,,LacQuiParle,0.0,equis
S000-143,,,,,LacQuiParle,0.0,equis
S013-189,,,,,LacQuiParle,0.0,equis
S003-086,,,,,LacQuiParle,0.0,equis
S013-177,,,,,LacQuiParle,0.0,equis
S008-467,,,,,LacQuiParle,0.0,equis
S013-192,,,,,LacQuiParle,0.0,equis
S009-799,,,,,LacQuiParle,0.0,equis
S003-079,,,,,LacQuiParle,0.0,equis
S003-380,,,,,LacQuiParle,0.0,equis
S001-112,,,,,LacQuiParle,0.0,equis
S011-262,,,,,LacQuiParle,0.0,equis
S001-111,,,,,LacQuiParle,0.0,equis
S001-110,,,,,LacQuiParle,0.0,equis
S009-715,,,,,LacQuiParle,0.0,equis
S013-182,,,,,LacQuiParle,0.0,equis
S003-676,,,,,LacQuiParle,0.0,equis
S013-186,,,,,LacQuiParle,0.0,equis
S003-087,,,,,LacQuiParle,0.0,equis
S008-469,,,,,LacQuiParle,0.0,equis
S000-784,,,,,LacQuiParle,0.0,equis
S009-802,,,,,LacQuiParle,0.0,equis
S012-717,,,,,LacQuiParle,0.0,equis
S000-234,,,,,LacQuiParle,0.0,equis
S000-146,,,,,LacQuiParle,0.0,equis
S000-781,,,,,LacQuiParle,0.0,equis
S010-749,,,,,LeSueur,0.0,equis
S003-447,,,,,LeSueur,0.0,equis
S005-318,,,,,LeSueur,0.0,equis
S005-310,,,,,LeSueur,0.0,equis
S000-340,,,,,LeSueur,0.0,equis
S013-199,,,,,LeSueur,0.0,equis
S016-603,,,,,LeSueur,0.0,equis
S003-860,,,,,LeSueur,0.0,equis
S005-317,,,,,LeSueur,0.0,equis
S001-409,,,,,LeSueur,0.0,equis
S013-623,,,,,LeSueur,0.0,equis
S002-427,,,,,LeSueur,0.0,equis
S003-859,,,,,LeSueur,0.0,equis
S010-750,,,,,LeSueur,0.0,equis
S010-770,,,,,LeSueur,0.0,equis
S010-746,,,,,LeSueur,0.0,equis
S007-576,,,,,LeSueur,0.0,equis
S007-313,,,,,LeSueur,0.0,equis
S007-307,,,,,LeSueur,0.0,equis
S008-095,,,,,LeSueur,0.0,equis
S008-094,,,,,LeSueur,0.0,equis
S007-308,,,,,LeSueur,0.0,equis
S008-096,,,,,LeSueur,0.0,equis
S007-315,,,,,LeSueur,0.0,equis
S007-306,,,,,LeSueur,0.0,equis
S007-304,,,,,LeSueur,0.0,equis
S010-740,,,,,LeSueur,0.0,equis
S007-305,,,,,LeSueur,0.0,equis
S014-505,,,,,LeSueur,0.0,equis
S006-062,,,,,LeSueur,0.0,equis
S010-741,,,,,LeSueur,0.0,equis
S014-236,,,,,LeSueur,0.0,equis
S010-756,,,,,LeSueur,0.0,equis
S000-654,,,,,LeSueur,0.0,equis
S010-794,,,,,LeSueur,0.0,equis
S000-656,,,,,LeSueur,0.0,equis
S000-657,,,,,LeSueur,0.0,equis
S000-655,,,,,LeSueur,0.0,equis
S010-762,,,,,LeSueur,0.0,equis
S005-306,,,,,LeSueur,0.0,equis
S005-319,,,,,LeSueur,0.0,equis
S010-763,,,,,LeSueur,0.0,equis
S010-771,,,,,LeSueur,0.0,equis
S010-760,,,,,LeSueur,0.0,equis
S010-761,,,,,LeSueur,0.0,equis
S010-795,,,,,LeSueur,0.0,equis
S010-753,,,,,LeSueur,0.0,equis
S006-184,,,,,LeSueur,0.0,equis
S006-185,,,,,LeSueur,0.0,equis
S010-752,,,,,LeSueur,0.0,equis
S010-487,,,,,LeSueur,0.0,equis
S010-751,,,,,LeSueur,0.0,equis
S007-577,,,,,LeSueur,0.0,equis
S010-754,,,,,LeSueur,0.0,equis
S006-595,,,,,LeSueur,0.0,equis
S014-235,,,,,LeSueur,0.0,equis
S017-952,,,,,LeSueur,0.0,equis
S010-774,,,,,LeSueur,0.0,equis
S010-773,,,,,LeSueur,0.0,equis
S010-745,,,,,LeSueur,0.0,equis
S000-658,,,,,LeSueur,0.0,equis
S006-586,,,,,LeSueur,0.0,equis
S006-585,,,,,LeSueur,0.0,equis
S006-324,,,,,LeSueur,0.0,equis
S010-767,,,,,LeSueur,0.0,equis
S011-540,,,,,LeSueur,0.0,equis
S014-654,,,,,LeSueur,0.0,equis
S006-587,,,,,LeSueur,0.0,equis
S003-900,,,,,LeSueur,0.0,equis
S010-744,,,,,LeSueur,0.0,equis
S011-541,,,,,LeSueur,0.0,equis
S000-659,,,,,LeSueur,0.0,equis
S000-295,,,,,LeSueur,0.0,equis
S000-971,,,,,LeSueur,0.0,equis
S000-661,,,,,LeSueur,0.0,equis
S010-764,,,,,LeSueur,0.0,equis
S010-735,,,,,LeSueur,0.0,equis
S000-660,,,,,LeSueur,0.0,equis
S010-796,,,,,LeSueur,0.0,equis
S016-225,,,,,LeSueur,0.0,equis
S009-818,,,,,LeSueur,0.0,equis
S000-662,,,,,LeSueur,0.0,equis
S010-765,,,,,LeSueur,0.0,equis
S006-583,,,,,LeSueur,0.0,equis
S010-766,,,,,LeSueur,0.0,equis
S006-584,,,,,LeSueur,0.0,equis
S006-326,,,,,LeSueur,0.0,equis
S006-325,,,,,LeSueur,0.0,equis
S010-742,,,,,LeSueur,0.0,equis
S010-768,,,,,LeSueur,0.0,equis
S009-699,,,,,LeSueur,0.0,equis
S010-743,,,,,LeSueur,0.0,equis
S006-333,,,,,LeSueur,0.0,equis
S010-772,,,,,LeSueur,0.0,equis
S006-331,,,,,LeSueur,0.0,equis
S006-363,,,,,LeSueur,0.0,equis
S006-364,,,,,LeSueur,0.0,equis
S010-731,,,,,LeSueur,0.0,equis
S010-488,,,,,LeSueur,0.0,equis
S010-790,,,,,LeSueur,0.0,equis
S004-836,,,,,LeSueur,0.0,equis
S010-781,,,,,LeSueur,0.0,equis
S010-483,,,,,LeSueur,0.0,equis
S006-327,,,,,LeSueur,0.0,equis
S006-330,,,,,LeSueur,0.0,equis
S006-589,,,,,LeSueur,0.0,equis
S006-588,,,,,LeSueur,0.0,equis
S006-329,,,,,LeSueur,0.0,equis
S014-503,,,,,LeSueur,0.0,equis
S009-695,,,,,LeSueur,0.0,equis
S010-792,,,,,LeSueur,0.0,equis
S014-502,,,,,LeSueur,0.0,equis
S010-733,,,,,LeSueur,0.0,equis
S014-501,,,,,LeSueur,0.0,equis
S010-793,,,,,LeSueur,0.0,equis
S010-732,,,,,LeSueur,0.0,equis
S002-472,,,,,LeSueur,0.0,equis
S010-730,,,,,LeSueur,0.0,equis
S010-775,,,,,LeSueur,0.0,equis
S013-664,,,,,LeSueur,0.0,equis
S010-784,,,,,LeSueur,0.0,equis
S005-309,,,,,LeSueur,0.0,equis
S000-296,,,,,LeSueur,0.0,equis
S010-755,,,,,LeSueur,0.0,equis
S006-180,,,,,LeSueur,0.0,equis
S006-181,,,,,LeSueur,0.0,equis
S010-783,,,,,LeSueur,0.0,equis
S006-183,,,,,LeSueur,0.0,equis
S004-300,,,,,LeSueur,0.0,equis
S009-691,,,,,LeSueur,0.0,equis
S010-777,,,,,LeSueur,0.0,equis
S009-698,,,,,LeSueur,0.0,equis
S011-542,,,,,LeSueur,0.0,equis
S001-210,,,,,LeSueur,0.0,equis
S006-186,,,,,LeSueur,0.0,equis
S006-594,,,,,LeSueur,0.0,equis
S006-593,,,,,LeSueur,0.0,equis
S006-592,,,,,LeSueur,0.0,equis
S010-782,,,,,LeSueur,0.0,equis
S010-776,,,,,LeSueur,0.0,equis
S010-748,,,,,LeSueur,0.0,equis
S010-747,,,,,LeSueur,0.0,equis
S006-590,,,,,LeSueur,0.0,equis
S003-574,,,,,LeSueur,0.0,equis
S003-574,,,,,LeSueur,0.0,equis
S006-591,,,,,LeSueur,0.0,equis
S000-653,,,,,LeSueur,0.0,equis
S003-446,,,,,LeSueur,0.0,equis
S016-256,,,,,LeSueur,0.0,equis
S003-448,,,,,LeSueur,0.0,equis
S008-964,,,,,LeSueur,0.0,equis
S010-779,,,,,LeSueur,0.0,equis
S010-780,,,,,LeSueur,0.0,equis
S014-504,,,,,LeSueur,0.0,equis
S017-826,,,,,LeSueur,0.0,equis
S010-778,,,,,LeSueur,0.0,equis
S005-312,,,,,LeSueur,0.0,equis
S002-431,,,,,LeSueur,0.0,equis
S006-175,,,,,LeSueur,0.0,equis
S005-466,,,,,LeSueur,0.0,equis
S006-597,,,,,LeSueur,0.0,equis
S006-332,,,,,LeSueur,0.0,equis
S006-176,,,,,LeSueur,0.0,equis
S009-815,,,,,LeSueur,0.0,equis
S010-788,,,,,LeSueur,0.0,equis
S010-797,,,,,LeSueur,0.0,equis
S006-178,,,,,LeSueur,0.0,equis
S006-596,,,,,LeSueur,0.0,equis
S006-598,,,,,LeSueur,0.0,equis
S010-724,,,,,LeSueur,0.0,equis
S006-177,,,,,LeSueur,0.0,equis
S010-785,,,,,LeSueur,0.0,equis
S005-311,,,,,LeSueur,0.0,equis
S010-739,,,,,LeSueur,0.0,equis
S005-305,,,,,LeSueur,0.0,equis
S010-802,,,,,LeSueur,0.0,equis
S010-728,,,,,LeSueur,0.0,equis
S002-473,,,,,LeSueur,0.0,equis
S004-304,,,,,LeSueur,0.0,equis
S010-734,,,,,LeSueur,0.0,equis
S004-101,,,,,LeSueur,0.0,equis
S010-757,,,,,LeSueur,0.0,equis
S002-435,,,,,LeSueur,0.0,equis
S010-723,,,,,LeSueur,0.0,equis
S010-786,,,,,LeSueur,0.0,equis
S010-787,,,,,LeSueur,0.0,equis
S001-050,,,,,LeSueur,0.0,equis
S001-048,,,,,LeSueur,0.0,equis
S001-047,,,,,LeSueur,0.0,equis
S001-046,,,,,LeSueur,0.0,equis
S001-045,,,,,LeSueur,0.0,equis
S002-432,,,,,LeSueur,0.0,equis
S006-601,,,,,LeSueur,0.0,equis
S006-599,,,,,LeSueur,0.0,equis
S010-725,,,,,LeSueur,0.0,equis
S006-365,,,,,LeSueur,0.0,equis
S009-681,,,,,LeSueur,0.0,equis
S016-850,,,,,LeSueur,0.0,equis
S010-726,,,,,LeSueur,0.0,equis
S006-600,,,,,LeSueur,0.0,equis
S003-377,,,,,LeSueur,0.0,equis
S010-789,,,,,LeSueur,0.0,equis
S010-727,,,,,LeSueur,0.0,equis
S010-485,,,,,LeSueur,0.0,equis
S010-759,,,,,LeSueur,0.0,equis
S010-758,,,,,LeSueur,0.0,equis
S009-672,,,,,LeSueur,0.0,equis
S010-737,,,,,LeSueur,0.0,equis
S006-182,,,,,LeSueur,0.0,equis
S010-791,,,,,LeSueur,0.0,equis
S013-663,,,,,LeSueur,0.0,equis
S010-729,,,,,LeSueur,0.0,equis
S014-499,,,,,LeSueur,0.0,equis
S011-254,,,,,LeechLake,0.0,equis
S013-983,,,,,LeechLake,0.0,equis
S008-427,,,,,LeechLake,0.0,equis
S008-428,,,,,LeechLake,0.0,equis
S017-191,,,,,LeechLake,0.0,equis
S017-192,,,,,LeechLake,0.0,equis
S006-256,,,,,LeechLake,0.0,equis
S007-950,,,,,LeechLake,0.0,equis
S014-916,,,,,LeechLake,0.0,equis
S007-966,,,,,LeechLake,0.0,equis
S017-190,,,,,LeechLake,0.0,equis
S006-259,,,,,LeechLake,0.0,equis
S009-262,,,,,LeechLake,0.0,equis
S009-263,,,,,LeechLake,0.0,equis
S011-253,,,,,LeechLake,0.0,equis
S016-584,,,,,LeechLake,0.0,equis
S016-585,,,,,LeechLake,0.0,equis
S017-189,,,,,LeechLake,0.0,equis
S012-239,,,,,LeechLake,0.0,equis
S007-103,,,,,LeechLake,0.0,equis
S007-102,,,,,LeechLake,0.0,equis
S007-345,,,,,LeechLake,0.0,equis
S003-804,,,,,LeechLake,0.0,equis
S003-805,,,,,LeechLake,0.0,equis
S007-673,,,,,LeechLake,0.0,equis
S007-409,,,,,LeechLake,0.0,equis
S017-439,,,,,LeechLake,0.0,equis
S007-672,,,,,LeechLake,0.0,equis
S007-344,,,,,LeechLake,0.0,equis
S007-676,,,,,LeechLake,0.0,equis
S007-674,,,,,LeechLake,0.0,equis
S001-925,,,,,LeechLake,0.0,equis
S012-248,,,,,LeechLake,0.0,equis
S007-675,,,,,LeechLake,0.0,equis
S012-246,,,,,LeechLake,0.0,equis
S000-180,,,,,LeechLake,0.0,equis
S012-247,,,,,LeechLake,0.0,equis
S017-172,,,,,LeechLake,0.0,equis
S007-293,,,,,LeechLake,0.0,equis
S012-245,,,,,LeechLake,0.0,equis
S007-292,,,,,LeechLake,0.0,equis
S006-262,,,,,LeechLake,0.0,equis
S012-244,,,,,LeechLake,0.0,equis
S007-949,,,,,LeechLake,0.0,equis
S000-857,,,,,LeechLake,0.0,equis
S000-856,,,,,LeechLake,0.0,equis
S007-343,,,,,LeechLake,0.0,equis
S007-347,,,,,LeechLake,0.0,equis
S007-342,,,,,LeechLake,0.0,equis
S006-261,,,,,LeechLake,0.0,equis
S016-844,,,,,LeechLake,0.0,equis
S007-346,,,,,LeechLake,0.0,equis
S012-264,,,,,LeechLake,0.0,equis
S010-249,,,,,LittleFork,0.0,equis
S010-852,,,,,LittleFork,0.0,equis
S010-283,,,,,LittleFork,0.0,equis
S010-223,,,,,LittleFork,0.0,equis
S010-853,,,,,LittleFork,0.0,equis
S010-854,,,,,LittleFork,0.0,equis
S010-208,,,,,LittleFork,0.0,equis
S010-864,,,,,LittleFork,0.0,equis
S010-830,,,,,LittleFork,0.0,equis
S010-286,,,,,LittleFork,0.0,equis
S010-226,,,,,LittleFork,0.0,equis
S004-871,290.0,290,,,LittleFork,0.0,equis
S010-862,,,,,LittleFork,0.0,equis
S008-315,,,,,LittleFork,0.0,equis
S010-863,,,,,LittleFork,0.0,equis
S010-850,,,,,LittleFork,0.0,equis
S010-284,,,,,LittleFork,0.0,equis
S002-553,,,,,LittleFork,0.0,equis
S010-834,,,,,LittleFork,0.0,equis
S010-860,,,,,LittleFork,0.0,equis
S010-855,,,,,LittleFork,0.0,equis
S010-221,,,,,LittleFork,0.0,equis
S010-851,,,,,LittleFork,0.0,equis
S010-245,,,,,LittleFork,0.0,equis
S004-001,210.0,210,,,LittleFork,0.0,equis
S001-496,230.0,"230,-223,-221",,,LittleFork,0.0,equis
S001-495,230.0,230,middle of reach,,LittleFork,0.0,equis
S010-868,,,,,LittleFork,0.0,equis
S010-199,,,,,LittleFork,0.0,equis
S004-870,210.0,"170,181",,,LittleFork,0.0,equis
S004-814,,,,,LittleFork,0.0,equis
S010-838,,,,,LittleFork,0.0,equis
S010-213,,,,,LittleFork,0.0,equis
S015-106,,,,,LittleFork,0.0,equis
S015-105,,,,,LittleFork,0.0,equis
S010-837,,,,,LittleFork,0.0,equis
S010-247,,,,,LittleFork,0.0,equis
S004-873,,,,,LittleFork,0.0,equis
S001-474,,,,,LittleFork,0.0,equis
S010-872,,,,,LittleFork,0.0,equis
S001-677,310.0,310,middle of reach,,LittleFork,0.0,equis
S010-844,,,,,LittleFork,0.0,equis
S007-721,307.0,"299,291,293,295",Poor model segmentation. Need to break up 307,,LittleFork,0.0,equis
S004-872,307.0,307,,,LittleFork,0.0,equis
S001-149,,,,,LittleFork,0.0,equis
S010-841,,,,,LittleFork,0.0,equis
S010-252,,,,,LittleFork,0.0,equis
S010-842,,,,,LittleFork,0.0,equis
S010-843,,,,,LittleFork,0.0,equis
S001-473,,,,,LittleFork,0.0,equis
S004-920,,,,,LittleFork,0.0,equis
S014-647,,,,,LittleFork,0.0,equis
S010-274,,,,,LittleFork,0.0,equis
S010-874,,,,,LittleFork,0.0,equis
S010-867,,,,,LittleFork,0.0,equis
S010-861,,,,,LittleFork,0.0,equis
S010-857,,,,,LittleFork,0.0,equis
S015-104,,,,,LittleFork,0.0,equis
S010-190,,,,,LittleFork,0.0,equis
S014-529,,,,,LittleFork,0.0,equis
S010-218,,,,,LittleFork,0.0,equis
S004-812,,,,,LittleFork,0.0,equis
S002-551,,,,,LittleFork,0.0,equis
S004-815,,,,,LittleFork,0.0,equis
S013-053,,,,,LittleFork,0.0,equis
S014-498,,,,,LittleFork,0.0,equis
S010-847,,,,,LittleFork,0.0,equis
S003-998,,,,,LittleFork,0.0,equis
S010-207,,,,,LittleFork,0.0,equis
S008-282,,,,,LittleFork,0.0,equis
S010-212,,,,,LittleFork,0.0,equis
S002-552,,,,,LittleFork,0.0,equis
S014-569,,,,,LittleFork,0.0,equis
S014-497,,,,,LittleFork,0.0,equis
S014-496,,,,,LittleFork,0.0,equis
S010-264,,,,,LittleFork,0.0,equis
S010-858,,,,,LittleFork,0.0,equis
S010-270,,,,,LittleFork,0.0,equis
S010-846,,,,,LittleFork,0.0,equis
S010-204,,,,,LittleFork,0.0,equis
S003-999,,,,,LittleFork,0.0,equis
S010-244,,,,,LittleFork,0.0,equis
S002-556,,,,,LittleFork,0.0,equis
S017-347,,,,,LittleFork,0.0,equis
S011-357,,,,,LittleFork,0.0,equis
S000-179,,,,,LittleFork,0.0,equis
S010-873,,,,,LittleFork,0.0,equis
S010-871,,,,,LittleFork,0.0,equis
S003-997,,,,,LittleFork,0.0,equis
S013-987,,,,,LittleFork,0.0,equis
S016-763,,,,,LittleFork,0.0,equis
S016-764,,,,,LittleFork,0.0,equis
S010-836,,,,,LittleFork,0.0,equis
S006-805,,,,,LittleFork,0.0,equis
S006-805,,,,,LittleFork,0.0,equis
S000-869,,,,,LittleFork,0.0,equis
S010-835,,,,,LittleFork,0.0,equis
S000-868,,,,,LittleFork,0.0,equis
S000-870,,,,,LittleFork,0.0,equis
S000-871,,,,,LittleFork,0.0,equis
S000-872,,,,,LittleFork,0.0,equis
S000-873,,,,,LittleFork,0.0,equis
S010-246,,,,,LittleFork,0.0,equis
S002-554,,,,,LittleFork,0.0,equis
S000-874,,,,,LittleFork,0.0,equis
S015-282,,,,,LittleFork,0.0,equis
S016-523,,,,,LittleFork,0.0,equis
S016-524,,,,,LittleFork,0.0,equis
S002-555,,,,,LittleFork,0.0,equis
S010-272,,,,,LittleFork,0.0,equis
S010-280,,,,,LittleFork,0.0,equis
S010-870,,,,,LittleFork,0.0,equis
S016-522,,,,,LittleFork,0.0,equis
S000-877,,,,,LittleFork,0.0,equis
S016-412,,,,,LittleFork,0.0,equis
S000-867,,,,,LittleFork,0.0,equis
S010-197,,,,,LittleFork,0.0,equis
S010-833,,,,,LittleFork,0.0,equis
S007-176,,,,,LittleFork,0.0,equis
S007-231,,,,,LittleFork,0.0,equis
S004-813,,,,,LittleFork,0.0,equis
S010-193,,,,,LittleFork,0.0,equis
S010-856,,,,,LittleFork,0.0,equis
S016-765,,,,,LittleFork,0.0,equis
S011-376,,,,,LittleFork,0.0,equis
S010-839,,,,,LittleFork,0.0,equis
S014-993,,,,,LittleFork,0.0,equis
S010-845,,,,,LittleFork,0.0,equis
S010-849,,,,,LittleFork,0.0,equis
S007-230,,,,,LittleFork,0.0,equis
S014-492,,,,,LittleFork,0.0,equis
S010-282,,,,,LittleFork,0.0,equis
S004-874,221.0,221,,,LittleFork,0.0,equis
S010-865,221.0,"217,215",,,LittleFork,0.0,equis
S010-287,,,,,LittleFork,0.0,equis
S014-273,,,,,LittleFork,0.0,equis
S010-285,,,,,LittleFork,0.0,equis
S010-831,,,,,LittleFork,0.0,equis
S016-817,,,,,LittleFork,0.0,equis
S016-818,,,,,LittleFork,0.0,equis
S010-237,,,,,LittleFork,0.0,equis
S014-653,,,,,LittleFork,0.0,equis
S010-832,,,,,LittleFork,0.0,equis
S010-227,,,,,LittleFork,0.0,equis
S010-859,,,,,LittleFork,0.0,equis
S010-042,,,,,LittleSioux,0.0,equis
S011-908,,,,,LittleSioux,0.0,equis
S006-793,,,,,LittleSioux,0.0,equis
S006-793,,,,,LittleSioux,0.0,equis
S011-909,,,,,LittleSioux,0.0,equis
S011-915,,,,,LittleSioux,0.0,equis
S010-048,,,,,LittleSioux,0.0,equis
S011-916,,,,,LittleSioux,0.0,equis
S011-966,,,,,LittleSioux,0.0,equis
S011-875,,,,,LittleSioux,0.0,equis
S016-630,,,,,LittleSioux,0.0,equis
S007-395,,,,,LittleSioux,0.0,equis
S011-913,,,,,LittleSioux,0.0,equis
S011-914,,,,,LittleSioux,0.0,equis
S004-923,,,,,LittleSioux,0.0,equis
S010-044,,,,,LittleSioux,0.0,equis
S011-907,,,,,LittleSioux,0.0,equis
S011-965,,,,,LittleSioux,0.0,equis
S011-874,,,,,LittleSioux,0.0,equis
S004-921,,,,,LittleSioux,0.0,equis
S016-778,,,,,LittleSioux,0.0,equis
S004-922,,,,,LittleSioux,0.0,equis
S011-910,,,,,LittleSioux,0.0,equis
S004-924,,,,,LittleSioux,0.0,equis
S011-904,,,,,LittleSioux,0.0,equis
S002-861,,,,,LittleSioux,0.0,equis
S002-862,,,,,LittleSioux,0.0,equis
S006-550,,,,,LittleSioux,0.0,equis
S011-906,,,,,LittleSioux,0.0,equis
S011-911,,,,,LittleSioux,0.0,equis
S002-863,,,,,LittleSioux,0.0,equis
S002-870,,,,,LittleSioux,0.0,equis
S002-869,,,,,LittleSioux,0.0,equis
S011-912,,,,,LittleSioux,0.0,equis
S002-868,,,,,LittleSioux,0.0,equis
S000-249,,,,,LittleSioux,0.0,equis
S002-867,,,,,LittleSioux,0.0,equis
S011-905,,,,,LittleSioux,0.0,equis
S002-866,,,,,LittleSioux,0.0,equis
S002-864,,,,,LittleSioux,0.0,equis
S004-219,,,,,LittleSioux,0.0,equis
S006-549,,,,,LittleSioux,0.0,equis
S000-100,,,,,LittleSioux,0.0,equis
S002-865,,,,,LittleSioux,0.0,equis
S001-794,,,,,LongPrairie,0.0,equis
S006-569,,,,,LongPrairie,0.0,equis
S003-506,,,,,LongPrairie,0.0,equis
S006-570,,,,,LongPrairie,0.0,equis
S012-014,,,,,LongPrairie,0.0,equis
S014-095,,,,,LongPrairie,0.0,equis
S000-283,,,,,LongPrairie,0.0,equis
S003-924,,,,,LongPrairie,0.0,equis
S002-903,,,,,LongPrairie,0.0,equis
S016-681,,,,,LongPrairie,0.0,equis
S000-725,,,,,LongPrairie,0.0,equis
S000-724,,,,,LongPrairie,0.0,equis
S000-723,,,,,LongPrairie,0.0,equis
S002-902,,,,,LongPrairie,0.0,equis
S012-011,,,,,LongPrairie,0.0,equis
S016-638,,,,,LongPrairie,0.0,equis
S007-438,,,,,LongPrairie,0.0,equis
S004-071,,,,,LongPrairie,0.0,equis
S002-904,,,,,LongPrairie,0.0,equis
S003-923,,,,,LongPrairie,0.0,equis
S002-906,,,,,LongPrairie,0.0,equis
S003-922,,,,,LongPrairie,0.0,equis
S002-910,,,,,LongPrairie,0.0,equis
S012-611,,,,,LongPrairie,0.0,equis
S007-436,,,,,LongPrairie,0.0,equis
S008-830,,,,,LongPrairie,0.0,equis
S015-235,,,,,LongPrairie,0.0,equis
S005-810,,,,,LongPrairie,0.0,equis
S007-434,,,,,LongPrairie,0.0,equis
S002-899,,,,,LongPrairie,0.0,equis
S007-435,,,,,LongPrairie,0.0,equis
S012-016,,,,,LongPrairie,0.0,equis
S007-437,,,,,LongPrairie,0.0,equis
S012-015,,,,,LongPrairie,0.0,equis
S014-113,,,,,LongPrairie,0.0,equis
S002-908,,,,,LongPrairie,0.0,equis
S016-685,,,,,LongPrairie,0.0,equis
S006-678,,,,,LongPrairie,0.0,equis
S017-443,,,,,LongPrairie,0.0,equis
S007-203,,,,,LongPrairie,0.0,equis
S012-017,,,,,LongPrairie,0.0,equis
S001-394,,,,,LongPrairie,0.0,equis
S012-018,,,,,LongPrairie,0.0,equis
S007-439,,,,,LongPrairie,0.0,equis
S017-442,,,,,LongPrairie,0.0,equis
S002-907,,,,,LongPrairie,0.0,equis
S001-410,,,,,LongPrairie,0.0,equis
S011-258,,,,,LongPrairie,0.0,equis
S012-019,,,,,LongPrairie,0.0,equis
S002-905,,,,,LongPrairie,0.0,equis
S009-647,,,,,LongPrairie,0.0,equis
S004-803,,,,,LongPrairie,0.0,equis
S004-286,,,,,LongPrairie,0.0,equis
S006-693,,,,,LongPrairie,0.0,equis
S007-204,,,,,LongPrairie,0.0,equis
S002-909,,,,,LongPrairie,0.0,equis
S012-021,,,,,LongPrairie,0.0,equis
S012-620,,,,,LongPrairie,0.0,equis
S008-941,,,,,LongPrairie,0.0,equis
S001-790,,,,,LongPrairie,0.0,equis
S016-635,,,,,LongPrairie,0.0,equis
S016-860,,,,,LongPrairie,0.0,equis
S016-861,,,,,LongPrairie,0.0,equis
S016-862,,,,,LongPrairie,0.0,equis
S017-444,,,,,LongPrairie,0.0,equis
S001-777,,,,,LongPrairie,0.0,equis
S001-768,,,,,LongPrairie,0.0,equis
S001-791,,,,,LongPrairie,0.0,equis
S006-407,,,,,LongPrairie,0.0,equis
S006-410,,,,,LongPrairie,0.0,equis
S001-452,,,,,LongPrairie,0.0,equis
S012-022,,,,,LongPrairie,0.0,equis
S016-354,,,,,LongPrairie,0.0,equis
S017-876,,,,,LongPrairie,0.0,equis
S008-434,,,,,LongPrairie,0.0,equis
S007-432,,,,,LongPrairie,0.0,equis
S012-615,,,,,LongPrairie,0.0,equis
S001-779,,,,,LongPrairie,0.0,equis
S001-780,,,,,LongPrairie,0.0,equis
S012-023,,,,,LongPrairie,0.0,equis
S002-900,,,,,LongPrairie,0.0,equis
S000-282,,,,,LongPrairie,0.0,equis
S016-686,,,,,LongPrairie,0.0,equis
S016-688,,,,,LongPrairie,0.0,equis
S002-911,,,,,LongPrairie,0.0,equis
S008-381,,,,,LongPrairie,0.0,equis
S009-638,,,,,LongPrairie,0.0,equis
S012-005,,,,,LongPrairie,0.0,equis
S012-006,,,,,LongPrairie,0.0,equis
S012-007,,,,,LongPrairie,0.0,equis
S009-636,,,,,LongPrairie,0.0,equis
S004-072,,,,,LongPrairie,0.0,equis
S016-687,,,,,LongPrairie,0.0,equis
S012-008,,,,,LongPrairie,0.0,equis
S002-901,,,,,LongPrairie,0.0,equis
S008-038,,,,,LongPrairie,0.0,equis
S009-637,,,,,LongPrairie,0.0,equis
S012-009,,,,,LongPrairie,0.0,equis
S016-730,,,,,LongPrairie,0.0,equis
S016-731,,,,,LongPrairie,0.0,equis
S007-106,,,,,LongPrairie,0.0,equis
S007-107,,,,,LongPrairie,0.0,equis
S007-108,,,,,LongPrairie,0.0,equis
S012-004,,,,,LongPrairie,0.0,equis
S001-055,,,,,LowerMN,0.0,equis
S001-054,,,,,LowerMN,0.0,equis
S001-056,,,,,LowerMN,0.0,equis
S000-490,,,,,LowerMN,0.0,equis
S000-493,,,,,LowerMN,0.0,equis
S000-491,,,,,LowerMN,0.0,equis
S000-492,,,,,LowerMN,0.0,equis
S012-742,,,,,LowerMN,0.0,equis
S012-746,,,,,LowerMN,0.0,equis
S012-784,,,,,LowerMN,0.0,equis
S012-785,,,,,LowerMN,0.0,equis
S009-194,,,,,LowerMN,0.0,equis
S010-486,,,,,LowerMN,0.0,equis
S003-781,,,,,LowerMN,0.0,equis
S012-774,,,,,LowerMN,0.0,equis
S012-775,,,,,LowerMN,0.0,equis
S012-787,,,,,LowerMN,0.0,equis
S000-442,,,,,LowerMN,0.0,equis
S000-443,,,,,LowerMN,0.0,equis
S000-441,,,,,LowerMN,0.0,equis
S000-440,,,,,LowerMN,0.0,equis
S000-439,,,,,LowerMN,0.0,equis
S012-792,,,,,LowerMN,0.0,equis
S012-780,,,,,LowerMN,0.0,equis
S008-990,,,,,LowerMN,0.0,equis
S009-821,,,,,LowerMN,0.0,equis
S014-917,,,,,LowerMN,0.0,equis
S008-988,,,,,LowerMN,0.0,equis
S001-387,,,,,LowerMN,0.0,equis
S009-822,,,,,LowerMN,0.0,equis
S012-726,,,,,LowerMN,0.0,equis
S005-722,,,,,LowerMN,0.0,equis
S008-989,,,,,LowerMN,0.0,equis
S009-823,,,,,LowerMN,0.0,equis
S001-376,,,,,LowerMN,0.0,equis
S012-721,,,,,LowerMN,0.0,equis
S000-735,,,,,LowerMN,0.0,equis
S007-860,,,,,LowerMN,0.0,equis
S007-859,,,,,LowerMN,0.0,equis
S012-698,,,,,LowerMN,0.0,equis
S008-987,,,,,LowerMN,0.0,equis
S012-764,,,,,LowerMN,0.0,equis
S012-765,,,,,LowerMN,0.0,equis
S009-824,,,,,LowerMN,0.0,equis
S007-784,,,,,LowerMN,0.0,equis
S009-357,,,,,LowerMN,0.0,equis
S012-747,,,,,LowerMN,0.0,equis
S002-933,,,,,LowerMN,0.0,equis
S006-398,,,,,LowerMN,0.0,equis
S009-774,,,,,LowerMN,0.0,equis
S017-882,,,,,LowerMN,0.0,equis
S010-501,,,,,LowerMN,0.0,equis
S009-358,,,,,LowerMN,0.0,equis
S012-743,,,,,LowerMN,0.0,equis
S012-762,,,,,LowerMN,0.0,equis
S006-393,,,,,LowerMN,0.0,equis
S008-993,,,,,LowerMN,0.0,equis
S009-716,,,,,LowerMN,0.0,equis
S012-773,,,,,LowerMN,0.0,equis
S009-264,,,,,LowerMN,0.0,equis
S012-745,,,,,LowerMN,0.0,equis
S009-266,,,,,LowerMN,0.0,equis
S012-759,,,,,LowerMN,0.0,equis
S012-771,,,,,LowerMN,0.0,equis
S006-709,,,,,LowerMN,0.0,equis
S008-991,,,,,LowerMN,0.0,equis
S012-772,,,,,LowerMN,0.0,equis
S012-760,,,,,LowerMN,0.0,equis
S009-354,,,,,LowerMN,0.0,equis
S012-761,,,,,LowerMN,0.0,equis
S000-489,,,,,LowerMN,0.0,equis
S002-939,,,,,LowerMN,0.0,equis
S012-769,,,,,LowerMN,0.0,equis
S008-985,,,,,LowerMN,0.0,equis
S012-756,,,,,LowerMN,0.0,equis
S005-801,,,,,LowerMN,0.0,equis
S005-802,,,,,LowerMN,0.0,equis
S008-986,,,,,LowerMN,0.0,equis
S009-253,,,,,LowerMN,0.0,equis
S012-757,,,,,LowerMN,0.0,equis
S012-758,,,,,LowerMN,0.0,equis
S012-770,,,,,LowerMN,0.0,equis
S002-277,,,,,LowerMN,0.0,equis
S001-627,,,,,LowerMN,0.0,equis
S012-754,,,,,LowerMN,0.0,equis
S001-629,,,,,LowerMN,0.0,equis
S009-252,,,,,LowerMN,0.0,equis
S010-502,,,,,LowerMN,0.0,equis
S012-755,,,,,LowerMN,0.0,equis
S001-630,,,,,LowerMN,0.0,equis
S001-631,,,,,LowerMN,0.0,equis
S012-753,,,,,LowerMN,0.0,equis
S009-363,,,,,LowerMN,0.0,equis
S001-626,,,,,LowerMN,0.0,equis
S003-815,,,,,LowerMN,0.0,equis
S007-867,,,,,LowerMN,0.0,equis
S002-307,,,,,LowerMN,0.0,equis
S005-803,,,,,LowerMN,0.0,equis
S003-171,,,,,LowerMN,0.0,equis
S004-961,,,,,LowerMN,0.0,equis
S003-902,,,,,LowerMN,0.0,equis
S012-744,,,,,LowerMN,0.0,equis
S009-256,,,,,LowerMN,0.0,equis
S012-752,,,,,LowerMN,0.0,equis
S001-628,,,,,LowerMN,0.0,equis
S002-305,,,,,LowerMN,0.0,equis
S004-962,,,,,LowerMN,0.0,equis
S012-748,,,,,LowerMN,0.0,equis
S009-770,,,,,LowerMN,0.0,equis
S009-352,,,,,LowerMN,0.0,equis
S006-395,,,,,LowerMN,0.0,equis
S009-353,,,,,LowerMN,0.0,equis
S006-812,,,,,LowerMN,0.0,equis
S006-811,,,,,LowerMN,0.0,equis
S006-810,,,,,LowerMN,0.0,equis
S012-767,,,,,LowerMN,0.0,equis
S012-783,,,,,LowerMN,0.0,equis
S004-960,,,,,LowerMN,0.0,equis
S000-488,,,,,LowerMN,0.0,equis
S006-394,,,,,LowerMN,0.0,equis
S000-487,,,,,LowerMN,0.0,equis
S009-267,,,,,LowerMN,0.0,equis
S009-690,,,,,LowerMN,0.0,equis
S006-392,,,,,LowerMN,0.0,equis
S009-769,,,,,LowerMN,0.0,equis
S012-782,,,,,LowerMN,0.0,equis
S012-817,,,,,LowerMN,0.0,equis
S013-666,,,,,LowerMN,0.0,equis
S001-221,,,,,LowerMN,0.0,equis
S006-391,,,,,LowerMN,0.0,equis
S002-941,,,,,LowerMN,0.0,equis
S000-486,,,,,LowerMN,0.0,equis
S010-500,,,,,LowerMN,0.0,equis
S002-303,,,,,LowerMN,0.0,equis
S002-308,,,,,LowerMN,0.0,equis
S002-309,,,,,LowerMN,0.0,equis
S002-304,,,,,LowerMN,0.0,equis
S012-734,,,,,LowerMN,0.0,equis
S002-517,,,,,LowerMN,0.0,equis
S012-793,,,,,LowerMN,0.0,equis
S009-360,,,,,LowerMN,0.0,equis
S012-738,,,,,LowerMN,0.0,equis
S012-740,,,,,LowerMN,0.0,equis
S005-804,,,,,LowerMN,0.0,equis
S012-751,,,,,LowerMN,0.0,equis
S012-791,,,,,LowerMN,0.0,equis
S001-891,,,,,LowerMN,0.0,equis
S013-920,,,,,LowerMN,0.0,equis
S005-805,,,,,LowerMN,0.0,equis
S009-255,,,,,LowerMN,0.0,equis
S012-741,,,,,LowerMN,0.0,equis
S000-436,,,,,LowerMN,0.0,equis
S001-808,,,,,LowerMN,0.0,equis
S001-074,,,,,LowerMN,0.0,equis
S001-873,,,,,LowerMN,0.0,equis
S000-437,,,,,LowerMN,0.0,equis
S001-072,,,,,LowerMN,0.0,equis
S001-073,,,,,LowerMN,0.0,equis
S012-739,,,,,LowerMN,0.0,equis
S012-788,,,,,LowerMN,0.0,equis
S012-727,,,,,LowerMN,0.0,equis
S001-809,,,,,LowerMN,0.0,equis
S012-735,,,,,LowerMN,0.0,equis
S000-438,,,,,LowerMN,0.0,equis
S001-093,,,,,LowerMN,0.0,equis
S000-676,,,,,LowerMN,0.0,equis
S005-806,,,,,LowerMN,0.0,equis
S000-435,,,,,LowerMN,0.0,equis
S009-718,,,,,LowerMN,0.0,equis
S013-207,,,,,LowerMN,0.0,equis
S013-208,,,,,LowerMN,0.0,equis
S012-733,,,,,LowerMN,0.0,equis
S012-794,,,,,LowerMN,0.0,equis
S009-193,,,,,LowerMN,0.0,equis
S012-737,,,,,LowerMN,0.0,equis
S002-513,,,,,LowerMN,0.0,equis
S002-515,,,,,LowerMN,0.0,equis
S012-777,,,,,LowerMN,0.0,equis
S002-516,,,,,LowerMN,0.0,equis
S002-510,,,,,LowerMN,0.0,equis
S002-511,,,,,LowerMN,0.0,equis
S002-518,,,,,LowerMN,0.0,equis
S012-732,,,,,LowerMN,0.0,equis
S002-514,,,,,LowerMN,0.0,equis
S012-776,,,,,LowerMN,0.0,equis
S002-539,,,,,LowerMN,0.0,equis
S012-728,,,,,LowerMN,0.0,equis
S001-807,,,,,LowerMN,0.0,equis
S014-632,,,,,LowerMN,0.0,equis
S009-268,,,,,LowerMN,0.0,equis
S012-750,,,,,LowerMN,0.0,equis
S002-935,,,,,LowerMN,0.0,equis
S006-389,,,,,LowerMN,0.0,equis
S008-992,,,,,LowerMN,0.0,equis
S012-749,,,,,LowerMN,0.0,equis
S012-766,,,,,LowerMN,0.0,equis
S002-306,,,,,LowerMN,0.0,equis
S012-790,,,,,LowerMN,0.0,equis
S002-930,,,,,LowerMN,0.0,equis
S006-399,,,,,LowerMN,0.0,equis
S009-775,,,,,LowerMN,0.0,equis
S003-671,,,,,LowerMN,0.0,equis
S002-944,,,,,LowerMN,0.0,equis
S012-786,,,,,LowerMN,0.0,equis
S002-945,,,,,LowerMN,0.0,equis
S009-772,,,,,LowerMN,0.0,equis
S002-931,,,,,LowerMN,0.0,equis
S006-396,,,,,LowerMN,0.0,equis
S006-397,,,,,LowerMN,0.0,equis
S009-254,,,,,LowerMN,0.0,equis
S012-818,,,,,LowerMN,0.0,equis
S002-932,,,,,LowerMN,0.0,equis
S000-822,,,,,LowerMN,0.0,equis
S006-400,,,,,LowerMN,0.0,equis
S009-776,,,,,LowerMN,0.0,equis
S003-371,,,,,LowerMN,0.0,equis
S007-866,,,,,LowerMN,0.0,equis
S006-614,,,,,LowerMN,0.0,equis
S006-615,,,,,LowerMN,0.0,equis
S006-616,,,,,LowerMN,0.0,equis
S007-855,,,,,LowerMN,0.0,equis
S012-697,,,,,LowerMN,0.0,equis
S000-040,,,,,LowerMN,0.0,equis
S012-797,,,,,LowerMN,0.0,equis
S000-734,,,,,LowerMN,0.0,equis
S006-611,,,,,LowerMN,0.0,equis
S006-612,,,,,LowerMN,0.0,equis
S006-613,,,,,LowerMN,0.0,equis
S012-696,,,,,LowerMN,0.0,equis
S006-610,,,,,LowerMN,0.0,equis
S006-609,,,,,LowerMN,0.0,equis
S009-565,,,,,LowerMN,0.0,equis
S013-667,,,,,LowerMN,0.0,equis
S010-081,,,,,LowerMN,0.0,equis
S000-778,,,,,LowerMN,0.0,equis
S000-778,,,,,LowerMN,0.0,equis
S006-608,,,,,LowerMN,0.0,equis
S009-559,,,,,LowerMN,0.0,equis
S009-192,,,,,LowerMN,0.0,equis
S006-607,,,,,LowerMN,0.0,equis
S000-843,,,,,LowerMN,0.0,equis
S012-814,,,,,LowerMN,0.0,equis
S013-629,,,,,LowerMN,0.0,equis
S017-196,,,,,LowerMN,0.0,equis
S002-520,,,,,LowerMN,0.0,equis
S002-519,,,,,LowerMN,0.0,equis
S012-736,,,,,LowerMN,0.0,equis
S012-795,,,,,LowerMN,0.0,equis
S012-796,,,,,LowerMN,0.0,equis
S016-588,,,,,LowerMN,0.0,equis
S016-835,,,,,LowerMN,0.0,equis
S016-836,,,,,LowerMN,0.0,equis
S017-932,,,,,LowerMN,0.0,equis
S016-771,,,,,LowerMN,0.0,equis
S002-509,,,,,LowerMN,0.0,equis
S003-910,,,,,LowerMN,0.0,equis
S000-825,289.0,287,,,LowerMN,0.0,equis
S002-507,289.0,289,,,LowerMN,0.0,equis
S002-506,289.0,289,,,LowerMN,0.0,equis
S002-508,,,,,LowerMN,0.0,equis
S008-316,,,,,LowerMN,0.0,equis
S002-505,,,,,LowerMN,0.0,equis
S000-821,,,,,LowerMN,0.0,equis
S002-549,,,,,LowerMN,0.0,equis
S005-360,,,,,LowerMN,0.0,equis
S009-564,,,,,LowerMN,0.0,equis
S013-630,,,,,LowerMN,0.0,equis
S000-039,310.0,310,,,LowerMN,0.0,equis
S013-746,310.0,310,,,LowerMN,0.0,equis
S012-779,,,,,LowerMN,0.0,equis
S009-269,,,,,LowerMN,0.0,equis
S012-722,,,,,LowerMN,0.0,equis
S009-361,,,,,LowerMN,0.0,equis
S012-720,,,,,LowerMN,0.0,equis
S014-648,,,,,LowerMN,0.0,equis
S009-270,,,,,LowerMN,0.0,equis
S003-837,,,,,LowerMN,0.0,equis
S009-271,,,,,LowerMN,0.0,equis
S012-723,,,,,LowerMN,0.0,equis
S012-724,,,,,LowerMN,0.0,equis
S012-725,,,,,LowerMN,0.0,equis
S007-876,,,,,LowerMN,0.0,equis
S007-900,,,,,LowerMN,0.0,equis
S005-723,,,,,LowerMN,0.0,equis
S008-195,,,,,LowerRed,0.0,equis
S008-192,,,,,LowerRed,0.0,equis
S008-196,,,,,LowerRed,0.0,equis
S008-193,,,,,LowerRed,0.0,equis
S010-815,,,,,LowerRed,0.0,equis
S010-816,,,,,LowerRed,0.0,equis
S017-305,,,,,LowerRed,0.0,equis
S004-876,,,,,LowerRed,0.0,equis
S002-367,,,,,LowerRed,0.0,equis
S006-993,,,,,LowerRed,0.0,equis
S002-366,,,,,LowerRed,0.0,equis
S007-587,,,,,LowerRed,0.0,equis
S008-189,,,,,LowerRed,0.0,equis
S004-875,,,,,LowerRed,0.0,equis
S008-203,,,,,LowerRed,0.0,equis
S008-198,,,,,LowerRed,0.0,equis
S008-202,,,,,LowerRed,0.0,equis
S008-201,,,,,LowerRed,0.0,equis
S008-188,,,,,LowerRed,0.0,equis
S006-703,,,,,LowerRed,0.0,equis
S010-812,,,,,LowerRed,0.0,equis
S010-810,,,,,LowerRed,0.0,equis
S002-439,,,,,LowerRed,0.0,equis
S008-205,,,,,LowerRed,0.0,equis
S002-438,,,,,LowerRed,0.0,equis
S002-359,,,,,LowerRed,0.0,equis
S008-207,,,,,LowerRed,0.0,equis
S010-803,,,,,LowerRed,0.0,equis
S010-188,,,,,LowerRed,0.0,equis
S002-992,,,,,LowerRed,0.0,equis
S010-116,,,,,LowerRed,0.0,equis
S005-569,,,,,LowerRed,0.0,equis
S006-728,,,,,LowerRed,0.0,equis
S002-100,,,,,LowerRed,0.0,equis
S005-788,,,,,LowerRed,0.0,equis
S002-990,,,,,LowerRed,0.0,equis
S004-216,,,,,LowerRed,0.0,equis
S002-995,,,,,LowerRed,0.0,equis
S006-995,,,,,LowerRed,0.0,equis
S003-109,,,,,LowerRed,0.0,equis
S005-568,,,,,LowerRed,0.0,equis
S010-805,,,,,LowerRed,0.0,equis
S010-806,,,,,LowerRed,0.0,equis
S010-811,,,,,LowerRed,0.0,equis
S016-769,,,,,LowerRed,0.0,equis
S002-993,,,,,LowerRed,0.0,equis
S002-991,,,,,LowerRed,0.0,equis
S008-190,,,,,LowerRed,0.0,equis
S010-814,,,,,LowerRed,0.0,equis
S008-191,,,,,LowerRed,0.0,equis
S008-200,,,,,LowerRed,0.0,equis
S008-197,,,,,LowerRed,0.0,equis
S008-199,,,,,LowerRed,0.0,equis
S008-194,,,,,LowerRed,0.0,equis
S010-809,,,,,LowerRed,0.0,equis
S008-204,,,,,LowerRed,0.0,equis
S006-994,,,,,LowerRed,0.0,equis
S002-497,,,,,MetroMN,0.0,equis
S003-547,,,,,MetroMN,0.0,equis
S003-548,,,,,MetroMN,0.0,equis
S009-808,,,,,MetroMN,0.0,equis
S002-494,,,,,MetroMN,0.0,equis
S002-493,,,,,MetroMN,0.0,equis
S003-908,,,,,MetroMN,0.0,equis
S002-496,,,,,MetroMN,0.0,equis
S002-495,,,,,MetroMN,0.0,equis
S002-486,,,,,MetroMN,0.0,equis
S012-729,,,,,MetroMN,0.0,equis
S008-049,,,,,MetroMN,0.0,equis
S003-907,,,,,MetroMN,0.0,equis
S016-839,,,,,MetroMN,0.0,equis
S016-892,,,,,MetroMN,0.0,equis
S016-893,,,,,MetroMN,0.0,equis
S002-492,,,,,MetroMN,0.0,equis
S012-731,,,,,MetroMN,0.0,equis
S002-490,,,,,MetroMN,0.0,equis
S004-229,,,,,MetroMN,0.0,equis
S012-730,,,,,MetroMN,0.0,equis
S002-489,,,,,MetroMN,0.0,equis
S001-687,,,,,MetroMN,0.0,equis
S003-551,,,,,MetroMN,0.0,equis
S009-778,,,,,MetroMN,0.0,equis
S000-306,,,,,MetroMN,0.0,equis
S002-548,,,,,MetroMN,0.0,equis
S009-562,,,,,MetroMN,0.0,equis
S002-488,,,,,MetroMN,0.0,equis
S000-305,,,,,MetroMN,0.0,equis
S002-512,,,,,MetroMN,0.0,equis
S004-226,,,,,MetroMN,0.0,equis
S012-802,,,,,MetroMN,0.0,equis
S002-541,,,,,MetroMN,0.0,equis
S002-540,,,,,MetroMN,0.0,equis
S009-676,,,,,MetroMN,0.0,equis
S001-761,,,,,MetroMN,0.0,equis
S012-801,,,,,MetroMN,0.0,equis
S012-813,,,,,MetroMN,0.0,equis
S000-315,,,,,MetroMN,0.0,equis
S002-895,,,,,MetroMN,0.0,equis
S002-499,,,,,MetroMN,0.0,equis
S002-503,,,,,MetroMN,0.0,equis
S006-383,,,,,MetroMN,0.0,equis
S002-502,,,,,MetroMN,0.0,equis
S002-504,,,,,MetroMN,0.0,equis
S002-500,,,,,MetroMN,0.0,equis
S002-491,,,,,MetroMN,0.0,equis
S003-549,,,,,MetroMN,0.0,equis
S009-313,,,,,MetroMN,0.0,equis
S009-314,,,,,MetroMN,0.0,equis
S009-312,,,,,MetroMN,0.0,equis
S009-560,,,,,MetroMN,0.0,equis
S009-308,,,,,MetroMN,0.0,equis
S009-561,,,,,MetroMN,0.0,equis
S009-309,,,,,MetroMN,0.0,equis
S004-963,,,,,MetroMN,0.0,equis
S009-310,,,,,MetroMN,0.0,equis
S009-311,,,,,MetroMN,0.0,equis
S006-373,,,,,MetroMN,0.0,equis
S008-072,,,,,MetroMN,0.0,equis
S009-340,,,,,MetroMN,0.0,equis
S004-228,,,,,MetroMN,0.0,equis
S016-507,,,,,MetroMN,0.0,equis
S007-454,,,,,MetroMN,0.0,equis
S009-335,,,,,MetroMN,0.0,equis
S009-334,,,,,MetroMN,0.0,equis
S009-317,,,,,MetroMN,0.0,equis
S009-324,,,,,MetroMN,0.0,equis
S009-326,,,,,MetroMN,0.0,equis
S009-325,,,,,MetroMN,0.0,equis
S007-303,,,,,MetroMN,0.0,equis
S009-323,,,,,MetroMN,0.0,equis
S009-322,,,,,MetroMN,0.0,equis
S009-321,,,,,MetroMN,0.0,equis
S009-320,,,,,MetroMN,0.0,equis
S009-319,,,,,MetroMN,0.0,equis
S015-008,,,,,MetroMN,0.0,equis
S009-327,,,,,MetroMN,0.0,equis
S009-329,,,,,MetroMN,0.0,equis
S009-318,,,,,MetroMN,0.0,equis
S009-330,,,,,MetroMN,0.0,equis
S009-328,,,,,MetroMN,0.0,equis
S005-479,,,,,MetroMN,0.0,equis
S003-858,,,,,MetroMN,0.0,equis
S009-316,,,,,MetroMN,0.0,equis
S007-907,,,,,MetroMN,0.0,equis
S000-319,,,,,MetroMN,0.0,equis
S009-315,,,,,MetroMN,0.0,equis
S012-815,,,,,MetroMN,0.0,equis
S009-806,,,,,MetroMN,0.0,equis
S007-302,,,,,MetroMN,0.0,equis
S009-563,,,,,MetroMN,0.0,equis
S009-842,,,,,MetroMN,0.0,equis
S006-835,,,,,MetroMN,0.0,equis
S006-835,,,,,MetroMN,0.0,equis
S006-833,,,,,MetroMN,0.0,equis
S006-833,,,,,MetroMN,0.0,equis
S006-831,,,,,MetroMN,0.0,equis
S006-832,,,,,MetroMN,0.0,equis
S006-832,,,,,MetroMN,0.0,equis
S006-834,,,,,MetroMN,0.0,equis
S006-834,,,,,MetroMN,0.0,equis
S009-807,,,,,MetroMN,0.0,equis
S009-846,,,,,MetroMN,0.0,equis
S008-048,,,,,MetroMN,0.0,equis
S007-901,,,,,MetroMN,0.0,equis
S005-377,,,,,MetroMN,0.0,equis
S009-847,,,,,MetroMN,0.0,equis
S009-848,,,,,MetroMN,0.0,equis
S013-747,,,,,MetroMN,0.0,equis
S003-505,,,,,MetroMN,0.0,equis
S002-452,,,,,MetroMN,0.0,equis
S003-455,,,,,MetroMN,0.0,equis
S009-827,,,,,MetroMN,0.0,equis
S005-280,,,,,MetroMN,0.0,equis
S005-003,,,,,MetroMN,0.0,equis
S014-042,,,,,MetroMN,0.0,equis
S016-770,,,,,MetroMN,0.0,equis
S003-785,,,,,MetroMN,0.0,equis
S000-088,,,,,MetroMN,0.0,equis
S005-068,,,,,MetroMN,0.0,equis
S000-309,,,,,MetroMN,0.0,equis
S017-509,,,,,MetroMN,0.0,equis
S000-310,,,,,MetroMN,0.0,equis
S012-692,,,,,MetroMN,0.0,equis
S000-086,,,,,MetroMN,0.0,equis
S005-069,,,,,MetroMN,0.0,equis
S007-871,,,,,MetroMN,0.0,equis
S014-041,,,,,MetroMN,0.0,equis
S014-044,,,,,MetroMN,0.0,equis
S014-045,,,,,MetroMN,0.0,equis
S000-304,,,,,MetroMN,0.0,equis
S000-311,,,,,MetroMN,0.0,equis
S005-070,,,,,MetroMN,0.0,equis
S000-170,,,,,MetroMN,0.0,equis
S000-170,,,,,MetroMN,0.0,equis
S000-170,,,,,MetroMN,0.0,equis
S000-318,,,,,MetroMN,0.0,equis
S005-408,,,,,MetroMN,0.0,equis
S001-448,,,,,MetroMN,0.0,equis
S004-935,,,,,MetroMN,0.0,equis
S005-410,,,,,MetroMN,0.0,equis
S005-413,,,,,MetroMN,0.0,equis
S009-265,,,,,MetroMN,0.0,equis
S004-587,,,,,MetroMN,0.0,equis
S005-407,,,,,MetroMN,0.0,equis
S005-414,,,,,MetroMN,0.0,equis
S005-412,,,,,MetroMN,0.0,equis
S005-415,,,,,MetroMN,0.0,equis
S013-633,,,,,MetroMN,0.0,equis
S004-934,,,,,MetroMN,0.0,equis
S005-417,,,,,MetroMN,0.0,equis
S000-312,,,,,MetroMN,0.0,equis
S006-102,,,,,MetroMN,0.0,equis
S000-005,,,,,MetroMN,0.0,equis
S000-307,,,,,MetroMN,0.0,equis
S004-109,,,,,MetroMN,0.0,equis
S005-281,,,,,MetroMN,0.0,equis
S004-591,,,,,MetroMN,0.0,equis
S004-933,,,,,MetroMN,0.0,equis
S005-409,,,,,MetroMN,0.0,equis
S005-411,,,,,MetroMN,0.0,equis
S005-416,,,,,MetroMN,0.0,equis
S008-142,,,,,MetroMN,0.0,equis
S001-392,,,,,MetroMN,0.0,equis
S002-898,,,,,MetroMN,0.0,equis
S004-897,,,,,MetroMN,0.0,equis
S004-901,,,,,MetroMN,0.0,equis
S002-897,,,,,MetroMN,0.0,equis
S014-043,,,,,MetroMN,0.0,equis
S004-907,,,,,MetroMN,0.0,equis
S004-905,,,,,MetroMN,0.0,equis
S004-519,,,,,MetroMN,0.0,equis
S004-900,,,,,MetroMN,0.0,equis
S004-314,,,,,MetroMN,0.0,equis
S004-589,,,,,MetroMN,0.0,equis
S003-268,,,,,MetroMN,0.0,equis
S003-269,,,,,MetroMN,0.0,equis
S002-896,,,,,MetroMN,0.0,equis
S012-781,,,,,MetroMN,0.0,equis
S009-359,,,,,MetroMN,0.0,equis
S012-763,,,,,MetroMN,0.0,equis
S010-482,,,,,MetroMN,0.0,equis
S004-899,,,,,MetroMN,0.0,equis
S000-609,,,,,MetroMN,0.0,equis
S000-608,,,,,MetroMN,0.0,equis
S001-366,,,,,MetroMN,0.0,equis
S004-914,,,,,MetroMN,0.0,equis
S004-520,,,,,MetroMN,0.0,equis
S000-752,,,,,MetroMN,0.0,equis
S001-765,,,,,MetroMN,0.0,equis
S001-764,,,,,MetroMN,0.0,equis
S002-487,,,,,MetroMN,0.0,equis
S007-856,,,,,MetroMN,0.0,equis
S009-837,,,,,MetroMN,0.0,equis
S012-695,,,,,MetroMN,0.0,equis
S013-631,,,,,MetroMN,0.0,equis
S004-523,,,,,MetroMN,0.0,equis
S000-320,,,,,MetroMN,0.0,equis
S004-915,,,,,MetroMN,0.0,equis
S004-904,,,,,MetroMN,0.0,equis
S004-522,,,,,MetroMN,0.0,equis
S009-714,,,,,MetroMN,0.0,equis
S012-812,,,,,MetroMN,0.0,equis
S009-702,,,,,MetroMN,0.0,equis
S001-763,,,,,MetroMN,0.0,equis
S001-365,,,,,MetroMN,0.0,equis
S010-481,,,,,MetroMN,0.0,equis
S013-632,,,,,MetroMN,0.0,equis
S017-879,,,,,MetroMN,0.0,equis
S004-910,,,,,MetroMN,0.0,equis
S009-558,,,,,MetroMN,0.0,equis
S003-450,,,,,MetroMN,0.0,equis
S004-898,,,,,MetroMN,0.0,equis
S000-823,,,,,MetroMN,0.0,equis
S010-465,,,,,MetroMN,0.0,equis
S011-334,,,,,MetroMN,0.0,equis
S006-714,,,,,MetroMN,0.0,equis
S005-442,,,,,MetroMN,0.0,equis
S004-916,,,,,MetroMN,0.0,equis
S008-380,,,,,MetroMN,0.0,equis
S012-778,,,,,MetroMN,0.0,equis
S017-464,,,,,MetroMN,0.0,equis
S004-517,,,,,MetroMN,0.0,equis
S004-908,,,,,MetroMN,0.0,equis
S004-906,,,,,MetroMN,0.0,equis
S011-374,,,,,MetroMN,0.0,equis
S012-805,,,,,MetroMN,0.0,equis
S012-719,,,,,MetroMN,0.0,equis
S000-754,,,,,MetroMN,0.0,equis
S009-777,,,,,MetroMN,0.0,equis
S001-004,,,,,MetroMN,0.0,equis
S000-691,,,,,MetroMN,0.0,equis
S004-518,,,,,MetroMN,0.0,equis
S012-799,,,,,MetroMN,0.0,equis
S004-911,,,,,MetroMN,0.0,equis
S004-516,,,,,MetroMN,0.0,equis
S004-909,,,,,MetroMN,0.0,equis
S012-804,,,,,MetroMN,0.0,equis
S004-521,,,,,MetroMN,0.0,equis
S012-803,,,,,MetroMN,0.0,equis
S004-913,,,,,MetroMN,0.0,equis
S004-903,,,,,MetroMN,0.0,equis
S009-825,,,,,MetroMN,0.0,equis
S012-798,,,,,MetroMN,0.0,equis
S004-902,,,,,MetroMN,0.0,equis
S006-677,,,,,MetroMN,0.0,equis
S012-810,,,,,MetroMN,0.0,equis
S007-858,,,,,MetroMN,0.0,equis
S000-087,,,,,MetroMN,0.0,equis
S007-857,,,,,MetroMN,0.0,equis
S009-362,,,,,MetroMN,0.0,equis
S010-082,,,,,MetroMN,0.0,equis
S014-046,,,,,MetroMN,0.0,equis
S000-314,,,,,MetroMN,0.0,equis
S004-122,,,,,MetroMN,0.0,equis
S009-333,,,,,MetroMN,0.0,equis
S009-331,,,,,MetroMN,0.0,equis
S009-332,,,,,MetroMN,0.0,equis
S000-308,,,,,MetroMN,0.0,equis
S005-380,,,,,MetroMN,0.0,equis
S012-800,,,,,MetroMN,0.0,equis
S016-898,,,,,MetroMN,0.0,equis
S016-900,,,,,MetroMN,0.0,equis
S000-313,,,,,MetroMN,0.0,equis
S005-129,,,,,MetroMN,0.0,equis
S000-303,,,,,MetroMN,0.0,equis
S007-906,,,,,MetroMN,0.0,equis
S015-261,,,,,MetroMN,0.0,equis
S008-183,,,,,MetroMN,0.0,equis
S005-328,,,,,MetroMN,0.0,equis
S005-329,,,,,MetroMN,0.0,equis
S003-841,,,,,MetroMN,0.0,equis
S012-789,,,,,MetroMN,0.0,equis
S014-047,,,,,MetroMN,0.0,equis
S017-402,,,,,MetroMN,0.0,equis
S000-841,,,,,MetroMN,0.0,equis
S001-732,,,,,MetroMN,0.0,equis
S012-807,,,,,MetroMN,0.0,equis
S005-441,,,,,MetroMN,0.0,equis
S004-617,,,,,MetroMN,0.0,equis
S012-808,,,,,MetroMN,0.0,equis
S000-993,,,,,MetroMN,0.0,equis
S000-606,,,,,MetroMN,0.0,equis
S000-753,,,,,MetroMN,0.0,equis
S012-806,,,,,MetroMN,0.0,equis
S004-618,,,,,MetroMN,0.0,equis
S012-809,,,,,MetroMN,0.0,equis
S009-337,,,,,MetroMN,0.0,equis
S009-338,,,,,MetroMN,0.0,equis
S009-339,,,,,MetroMN,0.0,equis
S009-336,,,,,MetroMN,0.0,equis
S004-912,,,,,MetroMN,0.0,equis
S004-524,,,,,MetroMN,0.0,equis
S010-466,,,,,MetroMN,0.0,equis
S012-378,,,,,MiddleMN,0.0,equis
S000-342,,,,,MiddleMN,0.0,equis
S009-706,,,,,MiddleMN,0.0,equis
S012-706,,,,,MiddleMN,0.0,equis
S006-223,,,,,MiddleMN,0.0,equis
S005-623,,,,,MiddleMN,0.0,equis
S011-123,,,,,MiddleMN,0.0,equis
S005-624,,,,,MiddleMN,0.0,equis
S006-222,,,,,MiddleMN,0.0,equis
S005-689,,,,,MiddleMN,0.0,equis
S005-625,,,,,MiddleMN,0.0,equis
S008-547,,,,,MiddleMN,0.0,equis
S009-152,,,,,MiddleMN,0.0,equis
S009-153,,,,,MiddleMN,0.0,equis
S008-555,,,,,MiddleMN,0.0,equis
S008-655,,,,,MiddleMN,0.0,equis
S005-628,,,,,MiddleMN,0.0,equis
S010-494,,,,,MiddleMN,0.0,equis
S012-350,,,,,MiddleMN,0.0,equis
S016-413,,,,,MiddleMN,0.0,equis
S008-501,,,,,MiddleMN,0.0,equis
S005-662,,,,,MiddleMN,0.0,equis
S012-816,,,,,MiddleMN,0.0,equis
S013-609,,,,,MiddleMN,0.0,equis
S008-554,,,,,MiddleMN,0.0,equis
S009-292,,,,,MiddleMN,0.0,equis
S009-291,,,,,MiddleMN,0.0,equis
S009-290,,,,,MiddleMN,0.0,equis
S009-289,,,,,MiddleMN,0.0,equis
S008-553,,,,,MiddleMN,0.0,equis
S005-627,,,,,MiddleMN,0.0,equis
S012-356,,,,,MiddleMN,0.0,equis
S001-301,,,,,MiddleMN,0.0,equis
S012-709,,,,,MiddleMN,0.0,equis
S012-351,,,,,MiddleMN,0.0,equis
S000-145,,,,,MiddleMN,0.0,equis
S009-840,,,,,MiddleMN,0.0,equis
S008-654,,,,,MiddleMN,0.0,equis
S012-352,,,,,MiddleMN,0.0,equis
S008-653,,,,,MiddleMN,0.0,equis
S012-353,,,,,MiddleMN,0.0,equis
S012-354,,,,,MiddleMN,0.0,equis
S012-355,,,,,MiddleMN,0.0,equis
S008-505,,,,,MiddleMN,0.0,equis
S012-363,,,,,MiddleMN,0.0,equis
S008-656,,,,,MiddleMN,0.0,equis
S012-365,,,,,MiddleMN,0.0,equis
S013-647,,,,,MiddleMN,0.0,equis
S008-550,,,,,MiddleMN,0.0,equis
S005-668,,,,,MiddleMN,0.0,equis
S006-729,,,,,MiddleMN,0.0,equis
S005-626,,,,,MiddleMN,0.0,equis
S012-360,,,,,MiddleMN,0.0,equis
S003-763,,,,,MiddleMN,0.0,equis
S012-358,,,,,MiddleMN,0.0,equis
S012-418,,,,,MiddleMN,0.0,equis
S008-504,,,,,MiddleMN,0.0,equis
S012-364,,,,,MiddleMN,0.0,equis
S012-366,,,,,MiddleMN,0.0,equis
S005-669,,,,,MiddleMN,0.0,equis
S012-362,,,,,MiddleMN,0.0,equis
S008-500,,,,,MiddleMN,0.0,equis
S005-672,,,,,MiddleMN,0.0,equis
S012-708,,,,,MiddleMN,0.0,equis
S006-665,,,,,MiddleMN,0.0,equis
S008-657,,,,,MiddleMN,0.0,equis
S009-288,,,,,MiddleMN,0.0,equis
S008-508,,,,,MiddleMN,0.0,equis
S012-372,,,,,MiddleMN,0.0,equis
S009-287,,,,,MiddleMN,0.0,equis
S008-507,,,,,MiddleMN,0.0,equis
S009-286,,,,,MiddleMN,0.0,equis
S012-374,,,,,MiddleMN,0.0,equis
S008-658,,,,,MiddleMN,0.0,equis
S012-376,,,,,MiddleMN,0.0,equis
S008-510,,,,,MiddleMN,0.0,equis
S006-699,,,,,MiddleMN,0.0,equis
S012-377,,,,,MiddleMN,0.0,equis
S004-509,,,,,MiddleMN,0.0,equis
S009-202,,,,,MiddleMN,0.0,equis
S009-203,,,,,MiddleMN,0.0,equis
S009-204,,,,,MiddleMN,0.0,equis
S005-664,,,,,MiddleMN,0.0,equis
S004-348,,,,,MiddleMN,0.0,equis
S012-415,,,,,MiddleMN,0.0,equis
S005-430,,,,,MiddleMN,0.0,equis
S006-085,,,,,MiddleMN,0.0,equis
S005-667,,,,,MiddleMN,0.0,equis
S005-295,,,,,MiddleMN,0.0,equis
S005-294,,,,,MiddleMN,0.0,equis
S010-078,,,,,MiddleMN,0.0,equis
S012-705,,,,,MiddleMN,0.0,equis
S016-230,,,,,MiddleMN,0.0,equis
S016-442,,,,,MiddleMN,0.0,equis
S016-643,,,,,MiddleMN,0.0,equis
S003-906,,,,,MiddleMN,0.0,equis
S000-054,,,,,MiddleMN,0.0,equis
S009-720,,,,,MiddleMN,0.0,equis
S008-513,,,,,MiddleMN,0.0,equis
S005-666,,,,,MiddleMN,0.0,equis
S012-379,,,,,MiddleMN,0.0,equis
S017-412,,,,,MiddleMN,0.0,equis
S007-862,,,,,MiddleMN,0.0,equis
S012-704,,,,,MiddleMN,0.0,equis
S013-650,,,,,MiddleMN,0.0,equis
S008-543,,,,,MiddleMN,0.0,equis
S013-610,,,,,MiddleMN,0.0,equis
S013-921,,,,,MiddleMN,0.0,equis
S004-609,377.0,377,,,MiddleMN,0.0,equis
S000-777,377.0,377,,,MiddleMN,0.0,equis
S008-544,,,,,MiddleMN,0.0,equis
S012-388,,,,,MiddleMN,0.0,equis
S008-537,,,,,MiddleMN,0.0,equis
S012-389,,,,,MiddleMN,0.0,equis
S008-545,,,,,MiddleMN,0.0,equis
S012-385,,,,,MiddleMN,0.0,equis
S008-536,,,,,MiddleMN,0.0,equis
S011-343,,,,,MiddleMN,0.0,equis
S012-387,,,,,MiddleMN,0.0,equis
S009-195,,,,,MiddleMN,0.0,equis
S002-400,,,,,MiddleMN,0.0,equis
S008-538,,,,,MiddleMN,0.0,equis
S012-417,,,,,MiddleMN,0.0,equis
S000-678,,,,,MiddleMN,0.0,equis
S000-677,,,,,MiddleMN,0.0,equis
S002-399,,,,,MiddleMN,0.0,equis
S008-541,,,,,MiddleMN,0.0,equis
S002-401,,,,,MiddleMN,0.0,equis
S013-649,,,,,MiddleMN,0.0,equis
S008-540,,,,,MiddleMN,0.0,equis
S012-382,,,,,MiddleMN,0.0,equis
S016-901,,,,,MiddleMN,0.0,equis
S012-381,,,,,MiddleMN,0.0,equis
S000-665,,,,,MiddleMN,0.0,equis
S000-664,,,,,MiddleMN,0.0,equis
S000-663,,,,,MiddleMN,0.0,equis
S006-220,,,,,MiddleMN,0.0,equis
S008-535,,,,,MiddleMN,0.0,equis
S012-392,,,,,MiddleMN,0.0,equis
S009-155,,,,,MiddleMN,0.0,equis
S009-154,,,,,MiddleMN,0.0,equis
S007-339,,,,,MiddleMN,0.0,equis
S004-281,,,,,MiddleMN,0.0,equis
S006-221,,,,,MiddleMN,0.0,equis
S000-766,,,,,MiddleMN,0.0,equis
S000-767,,,,,MiddleMN,0.0,equis
S009-687,,,,,MiddleMN,0.0,equis
S008-533,,,,,MiddleMN,0.0,equis
S012-396,,,,,MiddleMN,0.0,equis
S008-528,,,,,MiddleMN,0.0,equis
S012-397,,,,,MiddleMN,0.0,equis
S005-671,417.0,417,,,MiddleMN,0.0,equis
S007-571,417.0,417,,,MiddleMN,0.0,equis
S008-051,417.0,417,,,MiddleMN,0.0,equis
S012-414,417.0,417,,,MiddleMN,0.0,equis
S013-614,,,,,MiddleMN,0.0,equis
S012-703,,,,,MiddleMN,0.0,equis
S009-156,,,,,MiddleMN,0.0,equis
S008-559,,,,,MiddleMN,0.0,equis
S011-129,,,,,MiddleMN,0.0,equis
S001-377,377.0,377,,,MiddleMN,0.0,equis
S009-196,,,,,MiddleMN,0.0,equis
S009-283,,,,,MiddleMN,0.0,equis
S009-284,,,,,MiddleMN,0.0,equis
S009-285,,,,,MiddleMN,0.0,equis
S007-570,613.0,631,Bluffs,,MiddleMN,0.0,equis
S008-515,,,,,MiddleMN,0.0,equis
S008-516,,,,,MiddleMN,0.0,equis
S012-393,,,,,MiddleMN,0.0,equis
S012-395,,,,,MiddleMN,0.0,equis
S008-514,,,,,MiddleMN,0.0,equis
S009-839,430.0,430,,,MiddleMN,0.0,equis
S000-736,430.0,430,,,MiddleMN,0.0,equis
S001-759,430.0,430,,,MiddleMN,0.0,equis
S000-765,,,,,MiddleMN,0.0,equis
S009-201,,,,,MiddleMN,0.0,equis
S000-764,,,,,MiddleMN,0.0,equis
S012-401,,,,,MiddleMN,0.0,equis
S008-518,,,,,MiddleMN,0.0,equis
S010-079,,,,,MiddleMN,0.0,equis
S007-743,,,,,MiddleMN,0.0,equis
S008-530,,,,,MiddleMN,0.0,equis
S001-985,,,,,MiddleMN,0.0,equis
S007-730,,,,,MiddleMN,0.0,equis
S000-762,,,,,MiddleMN,0.0,equis
S000-763,,,,,MiddleMN,0.0,equis
S016-526,,,,,MiddleMN,0.0,equis
S016-527,,,,,MiddleMN,0.0,equis
S003-515,,,,,MiddleMN,0.0,equis
S002-936,,,,,MiddleMN,0.0,equis
S012-405,,,,,MiddleMN,0.0,equis
S013-651,,,,,MiddleMN,0.0,equis
S003-706,,,,,MiddleMN,0.0,equis
S011-127,583.0,583,Bluff,,MiddleMN,0.0,equis
S002-937,583.0,583,Bluff,,MiddleMN,0.0,equis
S002-937,583.0,583,Bluff,,MiddleMN,0.0,equis
S013-205,583.0,583,Bluff,,MiddleMN,0.0,equis
S007-861,610.0,610,mainstem,,MiddleMN,0.0,equis
S008-305,,,,,MiddleMN,0.0,equis
S013-626,,,,,MiddleMN,0.0,equis
S012-700,610.0,"590,603",,,MiddleMN,0.0,equis
S012-419,613.0,631,Bluffs,,MiddleMN,0.0,equis
S013-653,613.0,631,Bluffs,,MiddleMN,0.0,equis
S002-934,,,,,MiddleMN,0.0,equis
S012-404,,,,,MiddleMN,0.0,equis
S000-041,610.0,"590,603",,,MiddleMN,0.0,equis
S007-863,610.0,"590,603",,,MiddleMN,0.0,equis
S004-130,,,,,MiddleMN,0.0,equis
S010-080,,,,,MiddleMN,0.0,equis
S007-297,610.0,610,mainstem,,MiddleMN,0.0,equis
S012-699,610.0,610,mainstem,,MiddleMN,0.0,equis
S003-637,,,,,MiddleMN,0.0,equis
S003-635,,,,,MiddleMN,0.0,equis
S005-055,,,,,MiddleMN,0.0,equis
S000-167,,,,,MiddleMN,0.0,equis
S009-838,,,,,MiddleMN,0.0,equis
S007-050,,,,,MiddleMN,0.0,equis
S003-636,,,,,MiddleMN,0.0,equis
S003-633,,,,,MiddleMN,0.0,equis
S003-632,,,,,MiddleMN,0.0,equis
S003-634,,,,,MiddleMN,0.0,equis
S006-752,,,,,MiddleMN,0.0,equis
S004-160,,,,,MiddleMN,0.0,equis
S012-702,,,,,MiddleMN,0.0,equis
S014-876,,,,,MiddleMN,0.0,equis
S007-869,,,,,MiddleMN,0.0,equis
S004-074,,,,,MiddleMN,0.0,equis
S001-416,,,,,MiddleMN,0.0,equis
S004-073,,,,,MiddleMN,0.0,equis
S004-075,,,,,MiddleMN,0.0,equis
S013-625,,,,,MiddleMN,0.0,equis
S007-868,,,,,MiddleMN,0.0,equis
S012-406,,,,,MiddleMN,0.0,equis
S002-464,,,,,MiddleMN,0.0,equis
S012-407,,,,,MiddleMN,0.0,equis
S012-408,,,,,MiddleMN,0.0,equis
S008-558,,,,,MiddleMN,0.0,equis
S016-257,,,,,MiddleMN,0.0,equis
S017-965,,,,,MiddleMN,0.0,equis
S004-232,,,,,MiddleMN,0.0,equis
S006-976,,,,,MiddleMN,0.0,equis
S004-233,,,,,MiddleMN,0.0,equis
S006-974,,,,,MiddleMN,0.0,equis
S017-966,,,,,MiddleMN,0.0,equis
S017-967,,,,,MiddleMN,0.0,equis
S017-970,,,,,MiddleMN,0.0,equis
S006-975,,,,,MiddleMN,0.0,equis
S013-652,,,,,MiddleMN,0.0,equis
S017-968,,,,,MiddleMN,0.0,equis
S017-969,,,,,MiddleMN,0.0,equis
S008-557,,,,,MiddleMN,0.0,equis
S009-684,,,,,MiddleMN,0.0,equis
S001-411,,,,,MiddleMN,0.0,equis
S001-412,,,,,MiddleMN,0.0,equis
S006-850,,,,,MiddleMN,0.0,equis
S009-143,,,,,MiddleMN,0.0,equis
S009-200,,,,,MiddleMN,0.0,equis
S008-526,,,,,MiddleMN,0.0,equis
S005-670,,,,,MiddleMN,0.0,equis
S008-527,,,,,MiddleMN,0.0,equis
S009-198,,,,,MiddleMN,0.0,equis
S009-197,,,,,MiddleMN,0.0,equis
S009-199,,,,,MiddleMN,0.0,equis
S008-523,,,,,MiddleMN,0.0,equis
S012-411,,,,,MiddleMN,0.0,equis
S012-412,,,,,MiddleMN,0.0,equis
S008-525,,,,,MiddleMN,0.0,equis
S005-663,617.0,617,Bluff,,MiddleMN,0.0,equis
S012-413,617.0,617,Bluff,,MiddleMN,0.0,equis
S012-416,,,,,MiddleMN,0.0,equis
S000-948,,,,,MiddleMN,0.0,equis
S008-531,,,,,MiddleMN,0.0,equis
S012-399,,,,,MiddleMN,0.0,equis
S008-532,,,,,MiddleMN,0.0,equis
S001-983,,,,,MiddleMN,0.0,equis
S005-687,,,,,MiddleMN,0.0,equis
S012-384,,,,,MiddleMN,0.0,equis
S009-677,,,,,MiddleMN,0.0,equis
S000-779,,,,,MiddleMN,0.0,equis
S000-779,,,,,MiddleMN,0.0,equis
S010-077,,,,,MiddleMN,0.0,equis
S008-506,,,,,MiddleMN,0.0,equis
S012-367,,,,,MiddleMN,0.0,equis
S010-087,,,,,MiddleMN,0.0,equis
S005-665,,,,,MiddleMN,0.0,equis
S010-086,,,,,MiddleMN,0.0,equis
S001-408,,,,,MiddleMN,0.0,equis
S012-369,,,,,MiddleMN,0.0,equis
S012-707,,,,,MiddleMN,0.0,equis
S009-149,,,,,MiddleMN,0.0,equis
S009-767,,,,,MiddleMN,0.0,equis
S009-150,,,,,MiddleMN,0.0,equis
S009-768,,,,,MiddleMN,0.0,equis
S009-151,,,,,MiddleMN,0.0,equis
S009-205,,,,,MiddleMN,0.0,equis
S007-569,,,,,MiddleMN,0.0,equis
S005-432,,,,,MiddleMN,0.0,equis
S012-368,,,,,MiddleMN,0.0,equis
S013-502,,,,,MissBrainerd,0.0,equis
S014-260,,,,,MissBrainerd,0.0,equis
S006-242,,,,,MissBrainerd,0.0,equis
S006-460,,,,,MissBrainerd,0.0,equis
S001-122,,,,,MissBrainerd,0.0,equis
S001-123,,,,,MissBrainerd,0.0,equis
S001-124,,,,,MissBrainerd,0.0,equis
S001-095,,,,,MissBrainerd,0.0,equis
S005-489,,,,,MissBrainerd,0.0,equis
S014-092,,,,,MissBrainerd,0.0,equis
S012-527,,,,,MissBrainerd,0.0,equis
S014-220,,,,,MissBrainerd,0.0,equis
S014-473,,,,,MissBrainerd,0.0,equis
S014-109,,,,,MissBrainerd,0.0,equis
S013-503,,,,,MissBrainerd,0.0,equis
S014-675,,,,,MissBrainerd,0.0,equis
S008-834,,,,,MissBrainerd,0.0,equis
S008-835,,,,,MissBrainerd,0.0,equis
S013-480,,,,,MissBrainerd,0.0,equis
S012-526,,,,,MissBrainerd,0.0,equis
S002-010,,,,,MissBrainerd,0.0,equis
S009-645,,,,,MissBrainerd,0.0,equis
S011-362,,,,,MissBrainerd,0.0,equis
S008-825,,,,,MissBrainerd,0.0,equis
S002-951,,,,,MissBrainerd,0.0,equis
S005-402,,,,,MissBrainerd,0.0,equis
S013-494,,,,,MissBrainerd,0.0,equis
S008-826,,,,,MissBrainerd,0.0,equis
S013-552,,,,,MissBrainerd,0.0,equis
S013-488,,,,,MissBrainerd,0.0,equis
S008-827,,,,,MissBrainerd,0.0,equis
S016-235,,,,,MissBrainerd,0.0,equis
S017-390,,,,,MissBrainerd,0.0,equis
S005-458,,,,,MissBrainerd,0.0,equis
S017-825,,,,,MissBrainerd,0.0,equis
S017-824,,,,,MissBrainerd,0.0,equis
S013-489,,,,,MissBrainerd,0.0,equis
S014-278,,,,,MissBrainerd,0.0,equis
S013-991,,,,,MissBrainerd,0.0,equis
S005-385,,,,,MissBrainerd,0.0,equis
S005-043,,,,,MissBrainerd,0.0,equis
S017-314,,,,,MissBrainerd,0.0,equis
S000-417,,,,,MissBrainerd,0.0,equis
S013-474,,,,,MissBrainerd,0.0,equis
S013-501,,,,,MissBrainerd,0.0,equis
S013-472,,,,,MissBrainerd,0.0,equis
S000-418,,,,,MissBrainerd,0.0,equis
S013-478,,,,,MissBrainerd,0.0,equis
S013-473,,,,,MissBrainerd,0.0,equis
S003-869,,,,,MissBrainerd,0.0,equis
S001-992,,,,,MissBrainerd,0.0,equis
S000-480,,,,,MissBrainerd,0.0,equis
S001-058,,,,,MissBrainerd,0.0,equis
S001-993,,,,,MissBrainerd,0.0,equis
S000-479,,,,,MissBrainerd,0.0,equis
S001-995,,,,,MissBrainerd,0.0,equis
S013-468,,,,,MissBrainerd,0.0,equis
S013-495,,,,,MissBrainerd,0.0,equis
S001-031,,,,,MissBrainerd,0.0,equis
S001-057,,,,,MissBrainerd,0.0,equis
S001-997,,,,,MissBrainerd,0.0,equis
S001-991,,,,,MissBrainerd,0.0,equis
S001-994,,,,,MissBrainerd,0.0,equis
S001-996,,,,,MissBrainerd,0.0,equis
S002-646,,,,,MissBrainerd,0.0,equis
S006-573,,,,,MissBrainerd,0.0,equis
S008-828,,,,,MissBrainerd,0.0,equis
S013-485,,,,,MissBrainerd,0.0,equis
S002-645,,,,,MissBrainerd,0.0,equis
S006-574,,,,,MissBrainerd,0.0,equis
S006-671,,,,,MissBrainerd,0.0,equis
S000-416,,,,,MissBrainerd,0.0,equis
S000-415,,,,,MissBrainerd,0.0,equis
S001-019,,,,,MissBrainerd,0.0,equis
S000-414,,,,,MissBrainerd,0.0,equis
S000-413,,,,,MissBrainerd,0.0,equis
S000-412,,,,,MissBrainerd,0.0,equis
S001-018,,,,,MissBrainerd,0.0,equis
S002-644,,,,,MissBrainerd,0.0,equis
S002-950,,,,,MissBrainerd,0.0,equis
S004-301,,,,,MissBrainerd,0.0,equis
S014-082,,,,,MissBrainerd,0.0,equis
S013-499,,,,,MissBrainerd,0.0,equis
S004-330,,,,,MissBrainerd,0.0,equis
S016-269,,,,,MissBrainerd,0.0,equis
S016-270,,,,,MissBrainerd,0.0,equis
S013-476,,,,,MissBrainerd,0.0,equis
S004-349,,,,,MissBrainerd,0.0,equis
S004-326,,,,,MissBrainerd,0.0,equis
S013-470,,,,,MissBrainerd,0.0,equis
S013-498,,,,,MissBrainerd,0.0,equis
S000-151,,,,,MissBrainerd,0.0,equis
S002-641,,,,,MissBrainerd,0.0,equis
S007-331,,,,,MissBrainerd,0.0,equis
S017-375,,,,,MissBrainerd,0.0,equis
S002-643,,,,,MissBrainerd,0.0,equis
S002-642,,,,,MissBrainerd,0.0,equis
S000-570,,,,,MissBrainerd,0.0,equis
S007-742,,,,,MissBrainerd,0.0,equis
S002-957,,,,,MissBrainerd,0.0,equis
S002-640,,,,,MissBrainerd,0.0,equis
S007-337,,,,,MissBrainerd,0.0,equis
S000-169,,,,,MissBrainerd,0.0,equis
S004-624,,,,,MissBrainerd,0.0,equis
S000-572,,,,,MissBrainerd,0.0,equis
S012-524,,,,,MissBrainerd,0.0,equis
S004-623,,,,,MissBrainerd,0.0,equis
S007-205,,,,,MissBrainerd,0.0,equis
S007-232,,,,,MissBrainerd,0.0,equis
S012-525,,,,,MissBrainerd,0.0,equis
S000-152,,,,,MissBrainerd,0.0,equis
S014-132,,,,,MissBrainerd,0.0,equis
S016-499,,,,,MissBrainerd,0.0,equis
S006-784,,,,,MissBrainerd,0.0,equis
S006-790,,,,,MissBrainerd,0.0,equis
S006-786,,,,,MissBrainerd,0.0,equis
S015-249,,,,,MissBrainerd,0.0,equis
S005-457,,,,,MissBrainerd,0.0,equis
S017-361,,,,,MissBrainerd,0.0,equis
S015-120,,,,,MissBrainerd,0.0,equis
S015-121,,,,,MissBrainerd,0.0,equis
S015-122,,,,,MissBrainerd,0.0,equis
S015-123,,,,,MissBrainerd,0.0,equis
S015-124,,,,,MissBrainerd,0.0,equis
S014-279,,,,,MissBrainerd,0.0,equis
S013-491,,,,,MissBrainerd,0.0,equis
S011-745,,,,,MissBrainerd,0.0,equis
S007-116,,,,,MissBrainerd,0.0,equis
S007-117,,,,,MissBrainerd,0.0,equis
S006-602,,,,,MissBrainerd,0.0,equis
S009-582,,,,,MissBrainerd,0.0,equis
S007-115,,,,,MissBrainerd,0.0,equis
S013-463,,,,,MissBrainerd,0.0,equis
S003-787,,,,,MissBrainerd,0.0,equis
S004-332,,,,,MissBrainerd,0.0,equis
S002-956,,,,,MissBrainerd,0.0,equis
S004-333,,,,,MissBrainerd,0.0,equis
S017-925,,,,,MissBrainerd,0.0,equis
S004-325,,,,,MissBrainerd,0.0,equis
S013-482,,,,,MissBrainerd,0.0,equis
S004-331,,,,,MissBrainerd,0.0,equis
S004-329,,,,,MissBrainerd,0.0,equis
S004-650,,,,,MissBrainerd,0.0,equis
S004-328,,,,,MissBrainerd,0.0,equis
S017-200,,,,,MissBrainerd,0.0,equis
S017-201,,,,,MissBrainerd,0.0,equis
S001-617,,,,,MissBrainerd,0.0,equis
S004-651,,,,,MissBrainerd,0.0,equis
S013-481,,,,,MissBrainerd,0.0,equis
S014-630,,,,,MissBrainerd,0.0,equis
S006-250,,,,,MissBrainerd,0.0,equis
S004-327,,,,,MissBrainerd,0.0,equis
S003-360,,,,,MissBrainerd,0.0,equis
S013-466,,,,,MissBrainerd,0.0,equis
S009-583,,,,,MissBrainerd,0.0,equis
S004-706,,,,,MissBrainerd,0.0,equis
S013-471,,,,,MissBrainerd,0.0,equis
S007-546,,,,,MissBrainerd,0.0,equis
S007-547,,,,,MissBrainerd,0.0,equis
S009-593,,,,,MissBrainerd,0.0,equis
S013-496,,,,,MissBrainerd,0.0,equis
S002-379,,,,,MissBrainerd,0.0,equis
S001-059,,,,,MissBrainerd,0.0,equis
S002-378,,,,,MissBrainerd,0.0,equis
S005-039,,,,,MissBrainerd,0.0,equis
S005-036,,,,,MissBrainerd,0.0,equis
S005-037,,,,,MissBrainerd,0.0,equis
S005-034,,,,,MissBrainerd,0.0,equis
S005-033,,,,,MissBrainerd,0.0,equis
S005-040,,,,,MissBrainerd,0.0,equis
S005-041,,,,,MissBrainerd,0.0,equis
S005-035,,,,,MissBrainerd,0.0,equis
S002-377,,,,,MissBrainerd,0.0,equis
S006-722,,,,,MissBrainerd,0.0,equis
S013-500,,,,,MissBrainerd,0.0,equis
S001-733,,,,,MissBrainerd,0.0,equis
S001-734,,,,,MissBrainerd,0.0,equis
S013-469,,,,,MissBrainerd,0.0,equis
S013-467,,,,,MissBrainerd,0.0,equis
S004-302,,,,,MissBrainerd,0.0,equis
S013-464,,,,,MissBrainerd,0.0,equis
S013-493,,,,,MissBrainerd,0.0,equis
S008-294,,,,,MissBrainerd,0.0,equis
S006-243,,,,,MissBrainerd,0.0,equis
S011-257,,,,,MissGrandRapids,0.0,equis
S014-995,,,,,MissGrandRapids,0.0,equis
S014-996,,,,,MissGrandRapids,0.0,equis
S005-777,,,,,MissGrandRapids,0.0,equis
S016-386,,,,,MissGrandRapids,0.0,equis
S002-445,,,,,MissGrandRapids,0.0,equis
S005-776,,,,,MissGrandRapids,0.0,equis
S017-495,,,,,MissGrandRapids,0.0,equis
S008-341,,,,,MissGrandRapids,0.0,equis
S001-577,,,,,MissGrandRapids,0.0,equis
S013-290,,,,,MissGrandRapids,0.0,equis
S001-076,,,,,MissGrandRapids,0.0,equis
S001-033,,,,,MissGrandRapids,0.0,equis
S001-085,,,,,MissGrandRapids,0.0,equis
S001-086,,,,,MissGrandRapids,0.0,equis
S001-087,,,,,MissGrandRapids,0.0,equis
S009-571,,,,,MissGrandRapids,0.0,equis
S013-330,,,,,MissGrandRapids,0.0,equis
S009-573,,,,,MissGrandRapids,0.0,equis
S016-842,,,,,MissGrandRapids,0.0,equis
S008-479,,,,,MissGrandRapids,0.0,equis
S013-331,,,,,MissGrandRapids,0.0,equis
S013-325,,,,,MissGrandRapids,0.0,equis
S009-572,,,,,MissGrandRapids,0.0,equis
S013-320,,,,,MissGrandRapids,0.0,equis
S009-570,,,,,MissGrandRapids,0.0,equis
S008-351,,,,,MissGrandRapids,0.0,equis
S008-478,,,,,MissGrandRapids,0.0,equis
S008-717,,,,,MissGrandRapids,0.0,equis
S007-944,,,,,MissGrandRapids,0.0,equis
S013-323,,,,,MissGrandRapids,0.0,equis
S013-329,,,,,MissGrandRapids,0.0,equis
S013-549,,,,,MissGrandRapids,0.0,equis
S013-328,,,,,MissGrandRapids,0.0,equis
S013-550,,,,,MissGrandRapids,0.0,equis
S013-324,,,,,MissGrandRapids,0.0,equis
S014-994,,,,,MissGrandRapids,0.0,equis
S013-332,,,,,MissGrandRapids,0.0,equis
S013-333,,,,,MissGrandRapids,0.0,equis
S001-077,,,,,MissGrandRapids,0.0,equis
S013-334,,,,,MissGrandRapids,0.0,equis
S001-043,,,,,MissGrandRapids,0.0,equis
S014-910,,,,,MissGrandRapids,0.0,equis
S007-463,,,,,MissGrandRapids,0.0,equis
S016-197,,,,,MissGrandRapids,0.0,equis
S013-343,,,,,MissGrandRapids,0.0,equis
S013-344,,,,,MissGrandRapids,0.0,equis
S013-342,,,,,MissGrandRapids,0.0,equis
S005-780,,,,,MissGrandRapids,0.0,equis
S013-345,,,,,MissGrandRapids,0.0,equis
S013-346,,,,,MissGrandRapids,0.0,equis
S014-126,,,,,MissGrandRapids,0.0,equis
S014-049,,,,,MissGrandRapids,0.0,equis
S013-349,,,,,MissGrandRapids,0.0,equis
S012-531,,,,,MissGrandRapids,0.0,equis
S007-332,,,,,MissGrandRapids,0.0,equis
S013-546,,,,,MissGrandRapids,0.0,equis
S014-115,,,,,MissGrandRapids,0.0,equis
S008-480,,,,,MissGrandRapids,0.0,equis
S013-339,,,,,MissGrandRapids,0.0,equis
S013-356,,,,,MissGrandRapids,0.0,equis
S013-340,,,,,MissGrandRapids,0.0,equis
S000-935,,,,,MissGrandRapids,0.0,equis
S005-781,,,,,MissGrandRapids,0.0,equis
S013-338,,,,,MissGrandRapids,0.0,equis
S007-467,,,,,MissGrandRapids,0.0,equis
S001-044,,,,,MissGrandRapids,0.0,equis
S000-936,,,,,MissGrandRapids,0.0,equis
S003-666,,,,,MissGrandRapids,0.0,equis
S005-779,,,,,MissGrandRapids,0.0,equis
S011-405,,,,,MissGrandRapids,0.0,equis
S005-778,,,,,MissGrandRapids,0.0,equis
S013-314,,,,,MissGrandRapids,0.0,equis
S000-220,,,,,MissGrandRapids,0.0,equis
S002-636,,,,,MissGrandRapids,0.0,equis
S004-715,,,,,MissGrandRapids,0.0,equis
S011-256,,,,,MissGrandRapids,0.0,equis
S005-420,,,,,MissGrandRapids,0.0,equis
S013-551,,,,,MissGrandRapids,0.0,equis
S014-643,,,,,MissGrandRapids,0.0,equis
S013-311,,,,,MissGrandRapids,0.0,equis
S013-309,,,,,MissGrandRapids,0.0,equis
S013-318,,,,,MissGrandRapids,0.0,equis
S001-922,,,,,MissGrandRapids,0.0,equis
S007-762,,,,,MissGrandRapids,0.0,equis
S007-763,,,,,MissGrandRapids,0.0,equis
S014-105,,,,,MissGrandRapids,0.0,equis
S003-524,,,,,MissGrandRapids,0.0,equis
S002-791,,,,,MissGrandRapids,0.0,equis
S013-286,,,,,MissGrandRapids,0.0,equis
S013-504,,,,,MissGrandRapids,0.0,equis
S017-490,,,,,MissGrandRapids,0.0,equis
S002-630,,,,,MissGrandRapids,0.0,equis
S001-578,,,,,MissGrandRapids,0.0,equis
S003-485,,,,,MissGrandRapids,0.0,equis
S003-486,,,,,MissGrandRapids,0.0,equis
S002-443,,,,,MissGrandRapids,0.0,equis
S002-631,,,,,MissGrandRapids,0.0,equis
S013-291,,,,,MissGrandRapids,0.0,equis
S008-441,,,,,MissGrandRapids,0.0,equis
S013-292,,,,,MissGrandRapids,0.0,equis
S004-613,,,,,MissGrandRapids,0.0,equis
S002-446,,,,,MissGrandRapids,0.0,equis
S002-444,,,,,MissGrandRapids,0.0,equis
S009-588,,,,,MissGrandRapids,0.0,equis
S013-294,,,,,MissGrandRapids,0.0,equis
S013-351,,,,,MissGrandRapids,0.0,equis
S011-306,,,,,MissGrandRapids,0.0,equis
S000-286,,,,,MissGrandRapids,0.0,equis
S001-438,,,,,MissGrandRapids,0.0,equis
S000-153,,,,,MissGrandRapids,0.0,equis
S013-352,,,,,MissGrandRapids,0.0,equis
S013-545,,,,,MissGrandRapids,0.0,equis
S012-529,,,,,MissGrandRapids,0.0,equis
S013-348,,,,,MissGrandRapids,0.0,equis
S014-997,,,,,MissGrandRapids,0.0,equis
S013-298,,,,,MissGrandRapids,0.0,equis
S004-514,,,,,MissGrandRapids,0.0,equis
S013-295,,,,,MissGrandRapids,0.0,equis
S012-528,,,,,MissGrandRapids,0.0,equis
S014-886,,,,,MissGrandRapids,0.0,equis
S016-775,,,,,MissGrandRapids,0.0,equis
S003-305,,,,,MissGrandRapids,0.0,equis
S002-629,,,,,MissGrandRapids,0.0,equis
S003-306,,,,,MissGrandRapids,0.0,equis
S002-639,,,,,MissGrandRapids,0.0,equis
S013-296,,,,,MissGrandRapids,0.0,equis
S002-638,,,,,MissGrandRapids,0.0,equis
S002-637,,,,,MissGrandRapids,0.0,equis
S003-663,,,,,MissGrandRapids,0.0,equis
S004-515,,,,,MissGrandRapids,0.0,equis
S013-302,,,,,MissGrandRapids,0.0,equis
S013-544,,,,,MissGrandRapids,0.0,equis
S008-440,,,,,MissGrandRapids,0.0,equis
S009-177,,,,,MissGrandRapids,0.0,equis
S008-443,,,,,MissGrandRapids,0.0,equis
S006-257,,,,,MissGrandRapids,0.0,equis
S004-408,,,,,MissGrandRapids,0.0,equis
S013-357,,,,,MissGrandRapids,0.0,equis
S016-503,,,,,MissGrandRapids,0.0,equis
S016-502,,,,,MissGrandRapids,0.0,equis
S017-465,,,,,MissGrandRapids,0.0,equis
S013-304,,,,,MissGrandRapids,0.0,equis
S013-301,,,,,MissGrandRapids,0.0,equis
S006-682,,,,,MissGrandRapids,0.0,equis
S013-305,,,,,MissGrandRapids,0.0,equis
S014-123,,,,,MissGrandRapids,0.0,equis
S008-442,,,,,MissGrandRapids,0.0,equis
S006-917,,,,,MissGrandRapids,0.0,equis
S004-407,,,,,MissGrandRapids,0.0,equis
S014-635,,,,,MissGrandRapids,0.0,equis
S013-350,,,,,MissGrandRapids,0.0,equis
S011-259,,,,,MissGrandRapids,0.0,equis
S009-581,,,,,MissGrandRapids,0.0,equis
S016-501,,,,,MissGrandRapids,0.0,equis
S013-306,,,,,MissGrandRapids,0.0,equis
S013-308,,,,,MissGrandRapids,0.0,equis
S013-307,,,,,MissGrandRapids,0.0,equis
S006-260,,,,,MissGrandRapids,0.0,equis
S011-353,,,,,MissGrandRapids,0.0,equis
S013-321,,,,,MissGrandRapids,0.0,equis
S013-353,,,,,MissGrandRapids,0.0,equis
S013-336,,,,,MissGrandRapids,0.0,equis
S000-072,,,,,MissGrandRapids,0.0,equis
S013-335,,,,,MissGrandRapids,0.0,equis
S005-499,,,,,MissGrandRapids,0.0,equis
S003-667,,,,,MissGrandRapids,0.0,equis
S007-209,,,,,MissGrandRapids,0.0,equis
S001-924,,,,,MissGrandRapids,0.0,equis
S000-940,,,,,MissGrandRapids,0.0,equis
S000-954,,,,,MissGrandRapids,0.0,equis
S000-953,,,,,MissGrandRapids,0.0,equis
S002-633,,,,,MissGrandRapids,0.0,equis
S000-939,,,,,MissGrandRapids,0.0,equis
S000-938,,,,,MissGrandRapids,0.0,equis
S000-937,,,,,MissGrandRapids,0.0,equis
S007-333,,,,,MissGrandRapids,0.0,equis
S003-656,,,,,MissGrandRapids,0.0,equis
S002-635,,,,,MissGrandRapids,0.0,equis
S009-648,,,,,MissGrandRapids,0.0,equis
S002-634,,,,,MissGrandRapids,0.0,equis
S013-317,,,,,MissGrandRapids,0.0,equis
S008-477,,,,,MissGrandRapids,0.0,equis
S009-506,,,,,MissGrandRapids,0.0,equis
S013-547,,,,,MissGrandRapids,0.0,equis
S013-316,,,,,MissGrandRapids,0.0,equis
S013-313,,,,,MissGrandRapids,0.0,equis
S013-303,,,,,MissGrandRapids,0.0,equis
S007-760,,,,,MissGrandRapids,0.0,equis
S002-632,,,,,MissGrandRapids,0.0,equis
S003-453,,,,,MissGrandRapids,0.0,equis
S007-761,,,,,MissGrandRapids,0.0,equis
S013-288,,,,,MissGrandRapids,0.0,equis
S013-289,,,,,MissGrandRapids,0.0,equis
S007-759,,,,,MissGrandRapids,0.0,equis
S007-758,,,,,MissGrandRapids,0.0,equis
S003-491,,,,,MissGrandRapids,0.0,equis
S003-319,,,,,MissGrandRapids,0.0,equis
S009-505,,,,,MissGrandRapids,0.0,equis
S010-595,,,,,MissGrandRapids,0.0,equis
S002-442,,,,,MissGrandRapids,0.0,equis
S002-628,,,,,MissGrandRapids,0.0,equis
S013-326,,,,,MissGrandRapids,0.0,equis
S012-595,,,,,MissHeadwaters,0.0,equis
S012-966,,,,,MissHeadwaters,0.0,equis
S006-957,,,,,MissHeadwaters,0.0,equis
S006-958,,,,,MissHeadwaters,0.0,equis
S006-959,,,,,MissHeadwaters,0.0,equis
S006-952,,,,,MissHeadwaters,0.0,equis
S006-960,,,,,MissHeadwaters,0.0,equis
S006-956,,,,,MissHeadwaters,0.0,equis
S006-953,,,,,MissHeadwaters,0.0,equis
S006-961,,,,,MissHeadwaters,0.0,equis
S006-954,,,,,MissHeadwaters,0.0,equis
S006-962,,,,,MissHeadwaters,0.0,equis
S006-951,,,,,MissHeadwaters,0.0,equis
S006-963,,,,,MissHeadwaters,0.0,equis
S006-955,,,,,MissHeadwaters,0.0,equis
S006-964,,,,,MissHeadwaters,0.0,equis
S006-965,,,,,MissHeadwaters,0.0,equis
S006-950,,,,,MissHeadwaters,0.0,equis
S006-966,,,,,MissHeadwaters,0.0,equis
S006-969,,,,,MissHeadwaters,0.0,equis
S006-970,,,,,MissHeadwaters,0.0,equis
S006-972,,,,,MissHeadwaters,0.0,equis
S012-596,,,,,MissHeadwaters,0.0,equis
S013-362,,,,,MissHeadwaters,0.0,equis
S013-363,,,,,MissHeadwaters,0.0,equis
S006-968,,,,,MissHeadwaters,0.0,equis
S006-949,,,,,MissHeadwaters,0.0,equis
S007-334,,,,,MissHeadwaters,0.0,equis
S006-923,,,,,MissHeadwaters,0.0,equis
S000-400,,,,,MissHeadwaters,0.0,equis
S017-488,,,,,MissHeadwaters,0.0,equis
S017-489,,,,,MissHeadwaters,0.0,equis
S000-154,,,,,MissHeadwaters,0.0,equis
S007-163,,,,,MissHeadwaters,0.0,equis
S011-319,,,,,MissHeadwaters,0.0,equis
S012-534,,,,,MissHeadwaters,0.0,equis
S003-654,,,,,MissHeadwaters,0.0,equis
S003-655,,,,,MissHeadwaters,0.0,equis
S012-535,,,,,MissHeadwaters,0.0,equis
S014-133,,,,,MissHeadwaters,0.0,equis
S006-948,,,,,MissHeadwaters,0.0,equis
S006-936,,,,,MissHeadwaters,0.0,equis
S006-937,,,,,MissHeadwaters,0.0,equis
S006-938,,,,,MissHeadwaters,0.0,equis
S006-939,,,,,MissHeadwaters,0.0,equis
S006-940,,,,,MissHeadwaters,0.0,equis
S006-941,,,,,MissHeadwaters,0.0,equis
S006-942,,,,,MissHeadwaters,0.0,equis
S006-945,,,,,MissHeadwaters,0.0,equis
S006-946,,,,,MissHeadwaters,0.0,equis
S006-933,,,,,MissHeadwaters,0.0,equis
S006-944,,,,,MissHeadwaters,0.0,equis
S006-943,,,,,MissHeadwaters,0.0,equis
S012-588,,,,,MissHeadwaters,0.0,equis
S014-110,,,,,MissHeadwaters,0.0,equis
S006-934,,,,,MissHeadwaters,0.0,equis
S006-935,,,,,MissHeadwaters,0.0,equis
S012-583,,,,,MissHeadwaters,0.0,equis
S007-620,,,,,MissHeadwaters,0.0,equis
S012-598,,,,,MissHeadwaters,0.0,equis
S012-585,,,,,MissHeadwaters,0.0,equis
S002-288,,,,,MissHeadwaters,0.0,equis
S002-280,,,,,MissHeadwaters,0.0,equis
S012-536,,,,,MissHeadwaters,0.0,equis
S002-289,,,,,MissHeadwaters,0.0,equis
S002-290,,,,,MissHeadwaters,0.0,equis
S009-575,,,,,MissHeadwaters,0.0,equis
S002-285,,,,,MissHeadwaters,0.0,equis
S012-592,,,,,MissHeadwaters,0.0,equis
S002-281,,,,,MissHeadwaters,0.0,equis
S012-590,,,,,MissHeadwaters,0.0,equis
S014-080,,,,,MissHeadwaters,0.0,equis
S014-672,,,,,MissHeadwaters,0.0,equis
S012-607,,,,,MissHeadwaters,0.0,equis
S012-597,,,,,MissHeadwaters,0.0,equis
S002-279,,,,,MissHeadwaters,0.0,equis
S012-582,,,,,MissHeadwaters,0.0,equis
S002-282,,,,,MissHeadwaters,0.0,equis
S002-287,,,,,MissHeadwaters,0.0,equis
S002-037,,,,,MissHeadwaters,0.0,equis
S002-603,,,,,MissHeadwaters,0.0,equis
S002-283,,,,,MissHeadwaters,0.0,equis
S012-599,,,,,MissHeadwaters,0.0,equis
S009-568,,,,,MissHeadwaters,0.0,equis
S012-600,,,,,MissHeadwaters,0.0,equis
S002-622,,,,,MissHeadwaters,0.0,equis
S002-621,,,,,MissHeadwaters,0.0,equis
S002-623,,,,,MissHeadwaters,0.0,equis
S012-602,,,,,MissHeadwaters,0.0,equis
S008-054,,,,,MissHeadwaters,0.0,equis
S001-895,,,,,MissHeadwaters,0.0,equis
S001-900,,,,,MissHeadwaters,0.0,equis
S012-581,,,,,MissHeadwaters,0.0,equis
S008-492,,,,,MissHeadwaters,0.0,equis
S008-491,,,,,MissHeadwaters,0.0,equis
S001-892,,,,,MissHeadwaters,0.0,equis
S000-105,,,,,MissHeadwaters,0.0,equis
S002-619,,,,,MissHeadwaters,0.0,equis
S001-893,,,,,MissHeadwaters,0.0,equis
S001-902,,,,,MissHeadwaters,0.0,equis
S001-894,,,,,MissHeadwaters,0.0,equis
S002-624,,,,,MissHeadwaters,0.0,equis
S017-253,,,,,MissHeadwaters,0.0,equis
S017-254,,,,,MissHeadwaters,0.0,equis
S017-255,,,,,MissHeadwaters,0.0,equis
S017-313,,,,,MissHeadwaters,0.0,equis
S008-055,,,,,MissHeadwaters,0.0,equis
S007-549,,,,,MissHeadwaters,0.0,equis
S005-576,,,,,MissHeadwaters,0.0,equis
S001-903,,,,,MissHeadwaters,0.0,equis
S001-897,,,,,MissHeadwaters,0.0,equis
S001-896,,,,,MissHeadwaters,0.0,equis
S016-722,,,,,MissHeadwaters,0.0,equis
S012-537,,,,,MissHeadwaters,0.0,equis
S001-901,,,,,MissHeadwaters,0.0,equis
S002-625,,,,,MissHeadwaters,0.0,equis
S002-627,,,,,MissHeadwaters,0.0,equis
S002-615,,,,,MissHeadwaters,0.0,equis
S002-610,,,,,MissHeadwaters,0.0,equis
S002-612,,,,,MissHeadwaters,0.0,equis
S002-605,,,,,MissHeadwaters,0.0,equis
S002-611,,,,,MissHeadwaters,0.0,equis
S017-424,,,,,MissHeadwaters,0.0,equis
S008-304,,,,,MissHeadwaters,0.0,equis
S014-102,,,,,MissHeadwaters,0.0,equis
S007-550,,,,,MissHeadwaters,0.0,equis
S004-311,,,,,MissHeadwaters,0.0,equis
S012-580,,,,,MissHeadwaters,0.0,equis
S001-380,,,,,MissHeadwaters,0.0,equis
S016-350,,,,,MissHeadwaters,0.0,equis
S009-578,,,,,MissHeadwaters,0.0,equis
S012-594,,,,,MissHeadwaters,0.0,equis
S002-626,,,,,MissHeadwaters,0.0,equis
S002-035,,,,,MissHeadwaters,0.0,equis
S002-278,,,,,MissHeadwaters,0.0,equis
S002-036,,,,,MissHeadwaters,0.0,equis
S002-291,,,,,MissHeadwaters,0.0,equis
S003-921,,,,,MissHeadwaters,0.0,equis
S012-591,,,,,MissHeadwaters,0.0,equis
S012-587,,,,,MissHeadwaters,0.0,equis
S012-603,,,,,MissHeadwaters,0.0,equis
S007-621,,,,,MissHeadwaters,0.0,equis
S014-097,,,,,MissHeadwaters,0.0,equis
S012-604,,,,,MissHeadwaters,0.0,equis
S018-014,,,,,MissHeadwaters,0.0,equis
S008-352,,,,,MissHeadwaters,0.0,equis
S012-606,,,,,MissHeadwaters,0.0,equis
S012-601,,,,,MissHeadwaters,0.0,equis
S002-620,,,,,MissHeadwaters,0.0,equis
S014-085,,,,,MissHeadwaters,0.0,equis
S011-384,,,,,MissHeadwaters,0.0,equis
S002-618,,,,,MissHeadwaters,0.0,equis
S002-617,,,,,MissHeadwaters,0.0,equis
S002-616,,,,,MissHeadwaters,0.0,equis
S002-034,,,,,MissHeadwaters,0.0,equis
S000-155,,,,,MissHeadwaters,0.0,equis
S002-286,,,,,MissHeadwaters,0.0,equis
S006-258,,,,,MissHeadwaters,0.0,equis
S012-608,,,,,MissHeadwaters,0.0,equis
S007-671,,,,,MissHeadwaters,0.0,equis
S012-586,,,,,MissHeadwaters,0.0,equis
S012-605,,,,,MissHeadwaters,0.0,equis
S001-379,,,,,MissHeadwaters,0.0,equis
S002-604,,,,,MissHeadwaters,0.0,equis
S002-284,,,,,MissHeadwaters,0.0,equis
S013-511,,,,,MissSartell,0.0,equis
S013-512,,,,,MissSartell,0.0,equis
S008-821,,,,,MissSartell,0.0,equis
S016-715,,,,,MissSartell,0.0,equis
S013-508,,,,,MissSartell,0.0,equis
S005-718,,,,,MissSartell,0.0,equis
S000-426,,,,,MissSartell,0.0,equis
S004-270,,,,,MissSartell,0.0,equis
S001-105,,,,,MissSartell,0.0,equis
S001-104,,,,,MissSartell,0.0,equis
S001-103,,,,,MissSartell,0.0,equis
S001-102,,,,,MissSartell,0.0,equis
S000-425,,,,,MissSartell,0.0,equis
S013-541,,,,,MissSartell,0.0,equis
S017-365,,,,,MissSartell,0.0,equis
S001-101,,,,,MissSartell,0.0,equis
S000-424,,,,,MissSartell,0.0,equis
S000-423,,,,,MissSartell,0.0,equis
S013-513,,,,,MissSartell,0.0,equis
S002-948,,,,,MissSartell,0.0,equis
S013-542,,,,,MissSartell,0.0,equis
S008-354,,,,,MissSartell,0.0,equis
S008-088,,,,,MissSartell,0.0,equis
S005-719,,,,,MissSartell,0.0,equis
S013-509,,,,,MissSartell,0.0,equis
S004-320,,,,,MissSartell,0.0,equis
S006-059,,,,,MissSartell,0.0,equis
S012-519,,,,,MissSartell,0.0,equis
S005-782,,,,,MissSartell,0.0,equis
S006-163,,,,,MissSartell,0.0,equis
S002-947,,,,,MissSartell,0.0,equis
S006-147,,,,,MissSartell,0.0,equis
S015-116,,,,,MissSartell,0.0,equis
S017-372,,,,,MissSartell,0.0,equis
S005-712,,,,,MissSartell,0.0,equis
S003-457,,,,,MissSartell,0.0,equis
S014-872,,,,,MissSartell,0.0,equis
S009-604,,,,,MissSartell,0.0,equis
S005-713,,,,,MissSartell,0.0,equis
S009-599,,,,,MissSartell,0.0,equis
S009-600,,,,,MissSartell,0.0,equis
S013-507,,,,,MissSartell,0.0,equis
S003-363,,,,,MissSartell,0.0,equis
S014-873,,,,,MissSartell,0.0,equis
S002-450,,,,,MissSartell,0.0,equis
S016-302,,,,,MissSartell,0.0,equis
S016-303,,,,,MissSartell,0.0,equis
S016-358,,,,,MissSartell,0.0,equis
S017-312,,,,,MissSartell,0.0,equis
S004-271,,,,,MissSartell,0.0,equis
S004-265,,,,,MissSartell,0.0,equis
S004-273,,,,,MissSartell,0.0,equis
S002-054,,,,,MissSartell,0.0,equis
S013-532,,,,,MissSartell,0.0,equis
S014-118,,,,,MissSartell,0.0,equis
S014-875,,,,,MissSartell,0.0,equis
S016-001,,,,,MissSartell,0.0,equis
S016-002,,,,,MissSartell,0.0,equis
S005-717,,,,,MissSartell,0.0,equis
S003-563,,,,,MissSartell,0.0,equis
S003-564,,,,,MissSartell,0.0,equis
S003-565,,,,,MissSartell,0.0,equis
S003-566,,,,,MissSartell,0.0,equis
S003-568,,,,,MissSartell,0.0,equis
S003-567,,,,,MissSartell,0.0,equis
S004-272,,,,,MissSartell,0.0,equis
S008-310,,,,,MissSartell,0.0,equis
S005-716,,,,,MissSartell,0.0,equis
S014-262,,,,,MissSartell,0.0,equis
S005-714,,,,,MissSartell,0.0,equis
S013-506,,,,,MissSartell,0.0,equis
S002-042,,,,,MissSartell,0.0,equis
S009-598,,,,,MissSartell,0.0,equis
S010-611,,,,,MissSartell,0.0,equis
S005-715,,,,,MissSartell,0.0,equis
S013-505,,,,,MissSartell,0.0,equis
S014-874,,,,,MissSartell,0.0,equis
S013-528,,,,,MissSartell,0.0,equis
S014-134,,,,,MissSartell,0.0,equis
S013-529,,,,,MissSartell,0.0,equis
S004-064,,,,,MissSartell,0.0,equis
S001-370,,,,,MissSartell,0.0,equis
S002-447,,,,,MissSartell,0.0,equis
S013-510,,,,,MissSartell,0.0,equis
S014-117,,,,,MissSartell,0.0,equis
S004-063,,,,,MissSartell,0.0,equis
S013-360,,,,,MissSartell,0.0,equis
S005-030,,,,,MissSartell,0.0,equis
S004-062,,,,,MissSartell,0.0,equis
S005-384,,,,,MissSartell,0.0,equis
S010-585,,,,,MissSartell,0.0,equis
S005-032,,,,,MissSartell,0.0,equis
S010-584,,,,,MissSartell,0.0,equis
S004-341,,,,,MissSartell,0.0,equis
S005-029,,,,,MissSartell,0.0,equis
S005-026,,,,,MissSartell,0.0,equis
S005-031,,,,,MissSartell,0.0,equis
S009-853,,,,,MissSartell,0.0,equis
S010-583,,,,,MissSartell,0.0,equis
S005-399,,,,,MissSartell,0.0,equis
S005-028,,,,,MissSartell,0.0,equis
S005-588,,,,,MissSartell,0.0,equis
S013-567,,,,,MissSartell,0.0,equis
S014-127,,,,,MissSartell,0.0,equis
S001-930,,,,,MissSartell,0.0,equis
S003-809,,,,,MissSartell,0.0,equis
S008-037,,,,,MissSartell,0.0,equis
S014-912,,,,,MissSartell,0.0,equis
S004-061,,,,,MissSartell,0.0,equis
S010-586,,,,,MissSartell,0.0,equis
S005-397,,,,,MissSartell,0.0,equis
S013-561,,,,,MissSartell,0.0,equis
S013-721,,,,,MissSartell,0.0,equis
S000-150,,,,,MissSartell,0.0,equis
S006-713,,,,,MissSartell,0.0,equis
S013-515,,,,,MissSartell,0.0,equis
S006-162,,,,,MissSartell,0.0,equis
S013-514,,,,,MissSartell,0.0,equis
S006-646,,,,,MissSartell,0.0,equis
S013-534,,,,,MissSartell,0.0,equis
S013-524,,,,,MissSartell,0.0,equis
S013-525,,,,,MissSartell,0.0,equis
S013-527,,,,,MissSartell,0.0,equis
S016-000,,,,,MissSartell,0.0,equis
S015-151,,,,,MissSartell,0.0,equis
S013-530,,,,,MissSartell,0.0,equis
S013-522,,,,,MissSartell,0.0,equis
S006-575,,,,,MissSartell,0.0,equis
S008-819,,,,,MissSartell,0.0,equis
S009-594,,,,,MissSartell,0.0,equis
S009-851,,,,,MissSartell,0.0,equis
S013-540,,,,,MissSartell,0.0,equis
S017-343,,,,,MissSartell,0.0,equis
S002-954,,,,,MissSartell,0.0,equis
S000-420,,,,,MissSartell,0.0,equis
S000-421,,,,,MissSartell,0.0,equis
S000-422,,,,,MissSartell,0.0,equis
S013-519,,,,,MissSartell,0.0,equis
S013-517,,,,,MissSartell,0.0,equis
S013-516,,,,,MissSartell,0.0,equis
S006-572,,,,,MissSartell,0.0,equis
S008-820,,,,,MissSartell,0.0,equis
S013-518,,,,,MissSartell,0.0,equis
S013-523,,,,,MissSartell,0.0,equis
S014-099,,,,,MissSartell,0.0,equis
S003-335,,,,,MissSartell,0.0,equis
S003-330,,,,,MissSartell,0.0,equis
S003-328,,,,,MissSartell,0.0,equis
S003-329,,,,,MissSartell,0.0,equis
S003-327,,,,,MissSartell,0.0,equis
S003-333,,,,,MissSartell,0.0,equis
S003-334,,,,,MissSartell,0.0,equis
S003-331,,,,,MissSartell,0.0,equis
S003-332,,,,,MissSartell,0.0,equis
S013-521,,,,,MissSartell,0.0,equis
S017-942,,,,,MissSartell,0.0,equis
S013-520,,,,,MissSartell,0.0,equis
S013-543,,,,,MissSartell,0.0,equis
S015-155,,,,,MissSartell,0.0,equis
S013-526,,,,,MissSartell,0.0,equis
S006-571,,,,,MissSartell,0.0,equis
S006-712,,,,,MissSartell,0.0,equis
S001-331,,,,,MissSartell,0.0,equis
S002-949,,,,,MissSartell,0.0,equis
S013-531,,,,,MissSartell,0.0,equis
S013-538,,,,,MissSartell,0.0,equis
S001-678,,,,,MissSartell,0.0,equis
S014-911,,,,,MissSartell,0.0,equis
S014-121,,,,,MissSartell,0.0,equis
S005-004,,,,,MissSartell,0.0,equis
S009-603,,,,,MissSartell,0.0,equis
S004-238,,,,,MissSartell,0.0,equis
S006-516,,,,,MissSartell,0.0,equis
S006-515,,,,,MissSartell,0.0,equis
S004-266,,,,,MissSartell,0.0,equis
S006-520,,,,,MissSartell,0.0,equis
S006-514,,,,,MissSartell,0.0,equis
S004-269,,,,,MissSartell,0.0,equis
S006-513,,,,,MissSartell,0.0,equis
S006-517,,,,,MissSartell,0.0,equis
S004-267,,,,,MissSartell,0.0,equis
S002-043,,,,,MissSartell,0.0,equis
S002-041,,,,,MissSartell,0.0,equis
S000-052,,,,,MissStCloud,0.0,equis
S004-755,,,,,MissStCloud,0.0,equis
S007-329,,,,,MissStCloud,0.0,equis
S001-984,,,,,MissStCloud,0.0,equis
S011-237,,,,,MissStCloud,0.0,equis
S001-955,,,,,MissStCloud,0.0,equis
S001-954,,,,,MissStCloud,0.0,equis
S002-662,,,,,MissStCloud,0.0,equis
S002-715,,,,,MissStCloud,0.0,equis
S002-673,,,,,MissStCloud,0.0,equis
S002-660,,,,,MissStCloud,0.0,equis
S004-504,,,,,MissStCloud,0.0,equis
S004-507,,,,,MissStCloud,0.0,equis
S004-505,,,,,MissStCloud,0.0,equis
S001-929,,,,,MissStCloud,0.0,equis
S004-506,,,,,MissStCloud,0.0,equis
S004-508,,,,,MissStCloud,0.0,equis
S012-272,,,,,MissStCloud,0.0,equis
S017-933,,,,,MissStCloud,0.0,equis
S002-661,,,,,MissStCloud,0.0,equis
S003-582,,,,,MissStCloud,0.0,equis
S010-599,,,,,MissStCloud,0.0,equis
S002-667,,,,,MissStCloud,0.0,equis
S003-416,,,,,MissStCloud,0.0,equis
S003-415,,,,,MissStCloud,0.0,equis
S003-414,,,,,MissStCloud,0.0,equis
S003-424,,,,,MissStCloud,0.0,equis
S003-423,,,,,MissStCloud,0.0,equis
S003-911,,,,,MissStCloud,0.0,equis
S003-913,,,,,MissStCloud,0.0,equis
S003-914,,,,,MissStCloud,0.0,equis
S003-915,,,,,MissStCloud,0.0,equis
S003-916,,,,,MissStCloud,0.0,equis
S003-918,,,,,MissStCloud,0.0,equis
S003-421,,,,,MissStCloud,0.0,equis
S003-422,,,,,MissStCloud,0.0,equis
S002-712,,,,,MissStCloud,0.0,equis
S003-419,,,,,MissStCloud,0.0,equis
S003-420,,,,,MissStCloud,0.0,equis
S003-418,,,,,MissStCloud,0.0,equis
S002-713,,,,,MissStCloud,0.0,equis
S003-417,,,,,MissStCloud,0.0,equis
S002-666,,,,,MissStCloud,0.0,equis
S003-413,,,,,MissStCloud,0.0,equis
S003-412,,,,,MissStCloud,0.0,equis
S007-312,,,,,MissStCloud,0.0,equis
S003-436,,,,,MissStCloud,0.0,equis
S003-438,,,,,MissStCloud,0.0,equis
S003-435,,,,,MissStCloud,0.0,equis
S002-670,,,,,MissStCloud,0.0,equis
S003-437,,,,,MissStCloud,0.0,equis
S003-433,,,,,MissStCloud,0.0,equis
S003-434,,,,,MissStCloud,0.0,equis
S008-338,,,,,MissStCloud,0.0,equis
S011-225,,,,,MissStCloud,0.0,equis
S014-084,,,,,MissStCloud,0.0,equis
S003-405,,,,,MissStCloud,0.0,equis
S002-669,,,,,MissStCloud,0.0,equis
S002-659,,,,,MissStCloud,0.0,equis
S003-404,,,,,MissStCloud,0.0,equis
S003-406,,,,,MissStCloud,0.0,equis
S002-668,,,,,MissStCloud,0.0,equis
S002-658,,,,,MissStCloud,0.0,equis
S002-657,,,,,MissStCloud,0.0,equis
S003-429,,,,,MissStCloud,0.0,equis
S003-430,,,,,MissStCloud,0.0,equis
S003-581,,,,,MissStCloud,0.0,equis
S003-919,,,,,MissStCloud,0.0,equis
S003-920,,,,,MissStCloud,0.0,equis
S009-257,,,,,MissStCloud,0.0,equis
S005-721,,,,,MissStCloud,0.0,equis
S011-222,,,,,MissStCloud,0.0,equis
S003-369,,,,,MissStCloud,0.0,equis
S014-206,,,,,MissStCloud,0.0,equis
S014-207,,,,,MissStCloud,0.0,equis
S015-118,,,,,MissStCloud,0.0,equis
S015-119,,,,,MissStCloud,0.0,equis
S016-304,,,,,MissStCloud,0.0,equis
S016-305,,,,,MissStCloud,0.0,equis
S016-711,,,,,MissStCloud,0.0,equis
S011-223,,,,,MissStCloud,0.0,equis
S017-896,,,,,MissStCloud,0.0,equis
S003-367,,,,,MissStCloud,0.0,equis
S005-711,,,,,MissStCloud,0.0,equis
S011-234,,,,,MissStCloud,0.0,equis
S003-366,,,,,MissStCloud,0.0,equis
S003-766,,,,,MissStCloud,0.0,equis
S006-855,,,,,MissStCloud,0.0,equis
S006-854,,,,,MissStCloud,0.0,equis
S003-370,,,,,MissStCloud,0.0,equis
S003-765,,,,,MissStCloud,0.0,equis
S012-270,,,,,MissStCloud,0.0,equis
S015-152,,,,,MissStCloud,0.0,equis
S015-153,,,,,MissStCloud,0.0,equis
S017-186,,,,,MissStCloud,0.0,equis
S007-336,,,,,MissStCloud,0.0,equis
S011-233,,,,,MissStCloud,0.0,equis
S003-868,,,,,MissStCloud,0.0,equis
S001-522,,,,,MissStCloud,0.0,equis
S001-521,,,,,MissStCloud,0.0,equis
S011-211,,,,,MissStCloud,0.0,equis
S004-704,,,,,MissStCloud,0.0,equis
S006-710,,,,,MissStCloud,0.0,equis
S007-015,,,,,MissStCloud,0.0,equis
S007-016,,,,,MissStCloud,0.0,equis
S006-710,,,,,MissStCloud,0.0,equis
S007-017,,,,,MissStCloud,0.0,equis
S007-282,,,,,MissStCloud,0.0,equis
S011-219,,,,,MissStCloud,0.0,equis
S000-221,,,,,MissStCloud,0.0,equis
S004-712,,,,,MissStCloud,0.0,equis
S007-335,,,,,MissStCloud,0.0,equis
S009-650,,,,,MissStCloud,0.0,equis
S004-308,,,,,MissStCloud,0.0,equis
S000-148,,,,,MissStCloud,0.0,equis
S012-516,,,,,MissStCloud,0.0,equis
S014-108,,,,,MissStCloud,0.0,equis
S007-330,,,,,MissStCloud,0.0,equis
S011-326,,,,,MissStCloud,0.0,equis
S006-129,,,,,MissStCloud,0.0,equis
S002-483,,,,,MissStCloud,0.0,equis
S011-218,,,,,MissStCloud,0.0,equis
S002-484,,,,,MissStCloud,0.0,equis
S011-220,,,,,MissStCloud,0.0,equis
S011-232,,,,,MissStCloud,0.0,equis
S002-485,,,,,MissStCloud,0.0,equis
S005-582,,,,,MissStCloud,0.0,equis
S001-519,,,,,MissStCloud,0.0,equis
S001-518,,,,,MissStCloud,0.0,equis
S009-606,,,,,MissStCloud,0.0,equis
S011-209,,,,,MissStCloud,0.0,equis
S005-470,,,,,MissStCloud,0.0,equis
S011-240,,,,,MissStCloud,0.0,equis
S011-241,,,,,MissStCloud,0.0,equis
S007-006,,,,,MissStCloud,0.0,equis
S001-523,,,,,MissStCloud,0.0,equis
S007-005,,,,,MissStCloud,0.0,equis
S002-411,,,,,MissStCloud,0.0,equis
S007-007,,,,,MissStCloud,0.0,equis
S011-210,,,,,MissStCloud,0.0,equis
S001-367,,,,,MissStCloud,0.0,equis
S003-008,,,,,MissStCloud,0.0,equis
S011-208,,,,,MissStCloud,0.0,equis
S000-585,,,,,MissStCloud,0.0,equis
S000-586,,,,,MissStCloud,0.0,equis
S011-215,,,,,MissStCloud,0.0,equis
S017-818,,,,,MissStCloud,0.0,equis
S011-216,,,,,MissStCloud,0.0,equis
S000-278,,,,,MissStCloud,0.0,equis
S006-453,,,,,MissStCloud,0.0,equis
S005-538,,,,,MissStCloud,0.0,equis
S010-603,,,,,MissStCloud,0.0,equis
S017-821,,,,,MissStCloud,0.0,equis
S003-003,,,,,MissStCloud,0.0,equis
S005-697,,,,,MissStCloud,0.0,equis
S003-686,,,,,MissStCloud,0.0,equis
S005-701,,,,,MissStCloud,0.0,equis
S011-213,,,,,MissStCloud,0.0,equis
S014-112,,,,,MissStCloud,0.0,equis
S017-360,,,,,MissStCloud,0.0,equis
S017-378,,,,,MissStCloud,0.0,equis
S002-952,,,,,MissStCloud,0.0,equis
S004-261,,,,,MissStCloud,0.0,equis
S004-260,,,,,MissStCloud,0.0,equis
S014-679,,,,,MissStCloud,0.0,equis
S005-700,,,,,MissStCloud,0.0,equis
S003-006,,,,,MissStCloud,0.0,equis
S010-602,,,,,MissStCloud,0.0,equis
S011-221,,,,,MissStCloud,0.0,equis
S005-699,,,,,MissStCloud,0.0,equis
S011-212,,,,,MissStCloud,0.0,equis
S002-046,,,,,MissStCloud,0.0,equis
S001-527,,,,,MissStCloud,0.0,equis
S005-698,,,,,MissStCloud,0.0,equis
S001-526,,,,,MissStCloud,0.0,equis
S005-693,,,,,MissStCloud,0.0,equis
S002-404,,,,,MissStCloud,0.0,equis
S002-407,,,,,MissStCloud,0.0,equis
S004-069,,,,,MissStCloud,0.0,equis
S003-817,,,,,MissStCloud,0.0,equis
S011-231,,,,,MissStCloud,0.0,equis
S007-010,,,,,MissStCloud,0.0,equis
S002-468,,,,,MissStCloud,0.0,equis
S004-503,,,,,MissStCloud,0.0,equis
S005-539,,,,,MissStCloud,0.0,equis
S006-809,,,,,MissStCloud,0.0,equis
S005-696,,,,,MissStCloud,0.0,equis
S005-694,,,,,MissStCloud,0.0,equis
S005-692,,,,,MissStCloud,0.0,equis
S011-206,,,,,MissStCloud,0.0,equis
S006-999,,,,,MissStCloud,0.0,equis
S006-998,,,,,MissStCloud,0.0,equis
S007-020,,,,,MissStCloud,0.0,equis
S006-997,,,,,MissStCloud,0.0,equis
S006-631,,,,,MissStCloud,0.0,equis
S007-019,,,,,MissStCloud,0.0,equis
S003-777,,,,,MissStCloud,0.0,equis
S007-021,,,,,MissStCloud,0.0,equis
S011-205,,,,,MissStCloud,0.0,equis
S014-645,,,,,MissStCloud,0.0,equis
S011-228,,,,,MissStCloud,0.0,equis
S007-012,,,,,MissStCloud,0.0,equis
S007-013,,,,,MissStCloud,0.0,equis
S007-011,,,,,MissStCloud,0.0,equis
S010-592,,,,,MissStCloud,0.0,equis
S007-018,,,,,MissStCloud,0.0,equis
S003-580,,,,,MissStCloud,0.0,equis
S003-579,,,,,MissStCloud,0.0,equis
S003-593,,,,,MissStCloud,0.0,equis
S003-584,,,,,MissStCloud,0.0,equis
S003-592,,,,,MissStCloud,0.0,equis
S003-583,,,,,MissStCloud,0.0,equis
S003-594,,,,,MissStCloud,0.0,equis
S003-595,,,,,MissStCloud,0.0,equis
S002-717,,,,,MissStCloud,0.0,equis
S003-597,,,,,MissStCloud,0.0,equis
S003-598,,,,,MissStCloud,0.0,equis
S003-599,,,,,MissStCloud,0.0,equis
S003-600,,,,,MissStCloud,0.0,equis
S002-410,,,,,MissStCloud,0.0,equis
S001-525,,,,,MissStCloud,0.0,equis
S005-695,,,,,MissStCloud,0.0,equis
S001-524,,,,,MissStCloud,0.0,equis
S004-259,,,,,MissStCloud,0.0,equis
S000-177,,,,,MissStCloud,0.0,equis
S006-856,,,,,MissStCloud,0.0,equis
S006-148,,,,,MissStCloud,0.0,equis
S007-014,,,,,MissStCloud,0.0,equis
S011-242,,,,,MissStCloud,0.0,equis
S006-067,,,,,MissStCloud,0.0,equis
S000-149,,,,,MissStCloud,0.0,equis
S000-026,,,,,MissStCloud,0.0,equis
S017-331,,,,,MissStCloud,0.0,equis
S007-001,,,,,MissStCloud,0.0,equis
S002-946,,,,,MissStCloud,0.0,equis
S004-279,,,,,MissStCloud,0.0,equis
S007-002,,,,,MissStCloud,0.0,equis
S009-605,,,,,MissStCloud,0.0,equis
S007-003,,,,,MissStCloud,0.0,equis
S007-000,,,,,MissStCloud,0.0,equis
S007-004,,,,,MissStCloud,0.0,equis
S003-365,,,,,MissStCloud,0.0,equis
S015-088,,,,,MissStCloud,0.0,equis
S015-089,,,,,MissStCloud,0.0,equis
S003-368,,,,,MissStCloud,0.0,equis
S003-812,,,,,MissStCloud,0.0,equis
S015-090,,,,,MissStCloud,0.0,equis
S015-091,,,,,MissStCloud,0.0,equis
S015-092,,,,,MissStCloud,0.0,equis
S006-498,,,,,MissStCloud,0.0,equis
S006-504,,,,,MissStCloud,0.0,equis
S002-663,,,,,MissStCloud,0.0,equis
S002-664,,,,,MissStCloud,0.0,equis
S011-226,,,,,MissStCloud,0.0,equis
S002-665,,,,,MissStCloud,0.0,equis
S003-814,,,,,MissStCloud,0.0,equis
S004-249,,,,,MissStCloud,0.0,equis
S015-064,,,,,MissStCloud,0.0,equis
S016-355,,,,,MissStCloud,0.0,equis
S016-356,,,,,MissStCloud,0.0,equis
S011-224,,,,,MissStCloud,0.0,equis
S003-407,,,,,MissStCloud,0.0,equis
S002-714,,,,,MissStCloud,0.0,equis
S003-912,,,,,MissStCloud,0.0,equis
S015-065,,,,,MissStCloud,0.0,equis
S003-427,,,,,MissStCloud,0.0,equis
S003-428,,,,,MissStCloud,0.0,equis
S003-411,,,,,MissStCloud,0.0,equis
S003-410,,,,,MissStCloud,0.0,equis
S003-431,,,,,MissStCloud,0.0,equis
S003-409,,,,,MissStCloud,0.0,equis
S015-085,,,,,MissStCloud,0.0,equis
S015-086,,,,,MissStCloud,0.0,equis
S015-087,,,,,MissStCloud,0.0,equis
S002-674,,,,,MissStCloud,0.0,equis
S003-808,,,,,MissStCloud,0.0,equis
S011-227,,,,,MissStCloud,0.0,equis
S012-271,,,,,MissStCloud,0.0,equis
S002-671,,,,,MissStCloud,0.0,equis
S003-408,,,,,MissStCloud,0.0,equis
S003-425,,,,,MissStCloud,0.0,equis
S002-716,,,,,MissStCloud,0.0,equis
S002-672,,,,,MissStCloud,0.0,equis
S003-601,,,,,MissStCloud,0.0,equis
S003-603,,,,,MissStCloud,0.0,equis
S006-499,,,,,MissStCloud,0.0,equis
S006-501,,,,,MissStCloud,0.0,equis
S006-566,,,,,MissStCloud,0.0,equis
S006-500,,,,,MissStCloud,0.0,equis
S006-567,,,,,MissStCloud,0.0,equis
S006-502,,,,,MissStCloud,0.0,equis
S006-503,,,,,MissStCloud,0.0,equis
S007-728,,,,,MissStCloud,0.0,equis
S001-979,,,,,MissStCloud,0.0,equis
S002-250,,,,,MissStCloud,0.0,equis
S003-546,,,,,MissStCloud,0.0,equis
S005-540,,,,,MissStCloud,0.0,equis
S007-008,,,,,MissStCloud,0.0,equis
S007-009,,,,,MissStCloud,0.0,equis
S010-601,,,,,MissStCloud,0.0,equis
S011-251,,,,,MissStCloud,0.0,equis
S004-531,,,,,MissStCloud,0.0,equis
S004-532,,,,,MissStCloud,0.0,equis
S004-533,,,,,MissStCloud,0.0,equis
S004-534,,,,,MissStCloud,0.0,equis
S011-236,,,,,MissStCloud,0.0,equis
S004-535,,,,,MissStCloud,0.0,equis
S016-450,,,,,MissStCloud,0.0,equis
S001-520,,,,,MissStCloud,0.0,equis
S003-113,,,,,MustinkaBDS,0.0,equis
S000-675,302.0,302,,,MustinkaBDS,0.0,equis
S005-143,302.0,302,,,MustinkaBDS,0.0,equis
S000-553,,,,,MustinkaBDS,0.0,equis
S011-612,,,,,MustinkaBDS,0.0,equis
S013-046,,,,,MustinkaBDS,0.0,equis
S015-266,,,,,MustinkaBDS,0.0,equis
S002-002,204.0,204,,,MustinkaBDS,0.0,equis
S006-159,,,,,MustinkaBDS,0.0,equis
S003-274,,,,,MustinkaBDS,0.0,equis
S016-347,,,,,MustinkaBDS,0.0,equis
S004-189,,,,,MustinkaBDS,0.0,equis
S005-145,,,,,MustinkaBDS,0.0,equis
S005-144,,,,,MustinkaBDS,0.0,equis
S003-114,,,,,MustinkaBDS,0.0,equis
S004-194,331.0,331,,,MustinkaBDS,0.0,equis
S006-152,331.0,331,,,MustinkaBDS,0.0,equis
S011-564,,,,,MustinkaBDS,0.0,equis
S003-283,,,,,MustinkaBDS,0.0,equis
S011-566,,,,,MustinkaBDS,0.0,equis
S003-104,,,,,MustinkaBDS,0.0,equis
S003-105,,,,,MustinkaBDS,0.0,equis
S010-177,,,,,MustinkaBDS,0.0,equis
S016-473,,,,,MustinkaBDS,0.0,equis
S003-112,,,,,MustinkaBDS,0.0,equis
S004-190,,,,,MustinkaBDS,0.0,equis
S011-565,,,,,MustinkaBDS,0.0,equis
S003-123,,,,,MustinkaBDS,0.0,equis
S004-195,,,,,MustinkaBDS,0.0,equis
S006-151,,,,,MustinkaBDS,0.0,equis
S006-895,,,,,MustinkaBDS,0.0,equis
S011-567,,,,,MustinkaBDS,0.0,equis
S011-568,,,,,MustinkaBDS,0.0,equis
S004-196,,,,,MustinkaBDS,0.0,equis
S004-177,,,,,MustinkaBDS,0.0,equis
S003-120,203.0,203,,,MustinkaBDS,0.0,equis
S008-721,203.0,203,,,MustinkaBDS,0.0,equis
S011-549,115.0,115,,,MustinkaBDS,0.0,equis
S011-550,,,,,MustinkaBDS,0.0,equis
S016-470,115.0,115,,,MustinkaBDS,0.0,equis
S003-273,,,,,MustinkaBDS,0.0,equis
S008-709,,,,,MustinkaBDS,0.0,equis
S008-708,,,,,MustinkaBDS,0.0,equis
S008-707,,,,,MustinkaBDS,0.0,equis
S008-706,,,,,MustinkaBDS,0.0,equis
S003-124,322.0,322,,,MustinkaBDS,0.0,equis
S010-094,322.0,322,,,MustinkaBDS,0.0,equis
S011-562,322.0,322,,,MustinkaBDS,0.0,equis
S016-467,,,,,MustinkaBDS,0.0,equis
S003-275,,,,,MustinkaBDS,0.0,equis
S008-700,,,,,MustinkaBDS,0.0,equis
S003-677,,,,,MustinkaBDS,0.0,equis
S004-107,,,,,MustinkaBDS,0.0,equis
S016-346,308.0,308,,,MustinkaBDS,0.0,equis
S000-679,306.0,306,,,MustinkaBDS,0.0,equis
S000-680,306.0,306,,,MustinkaBDS,0.0,equis
S000-681,306.0,306,middle of reach,,MustinkaBDS,0.0,equis
S000-062,306.0,"307,308",,,MustinkaBDS,0.0,equis
S010-183,306.0,306,,,MustinkaBDS,0.0,equis
S006-653,,,,,MustinkaBDS,0.0,equis
S016-474,,,,,MustinkaBDS,0.0,equis
S000-093,114.0,114,,,MustinkaBDS,0.0,equis
S011-551,,,,,MustinkaBDS,0.0,equis
S016-472,,,,,MustinkaBDS,0.0,equis
S011-561,,,,,MustinkaBDS,0.0,equis
S000-344,301.0,301,,,MustinkaBDS,0.0,equis
S011-552,301.0,301,,,MustinkaBDS,0.0,equis
S003-122,,,,,MustinkaBDS,0.0,equis
S011-554,,,,,MustinkaBDS,0.0,equis
S004-144,,,,,MustinkaBDS,0.0,equis
S002-001,,,,,MustinkaBDS,0.0,equis
S016-641,,,,,MustinkaBDS,0.0,equis
S011-557,,,,,MustinkaBDS,0.0,equis
S005-146,,,,,MustinkaBDS,0.0,equis
S008-713,,,,,MustinkaBDS,0.0,equis
S008-714,,,,,MustinkaBDS,0.0,equis
S008-712,,,,,MustinkaBDS,0.0,equis
S003-272,,,,,MustinkaBDS,0.0,equis
S011-548,,,,,MustinkaBDS,0.0,equis
S008-711,,,,,MustinkaBDS,0.0,equis
S008-710,,,,,MustinkaBDS,0.0,equis
S001-029,,,,,MustinkaBDS,0.0,equis
S001-051,201.0,201,,,MustinkaBDS,0.0,equis
S010-098,201.0,201,,,MustinkaBDS,0.0,equis
S001-053,,,,,MustinkaBDS,0.0,equis
S001-052,208.0,208,,,MustinkaBDS,0.0,equis
S013-731,208.0,208,,,MustinkaBDS,0.0,equis
S004-176,,,,,MustinkaBDS,0.0,equis
S006-853,,,,,MustinkaBDS,0.0,equis
S011-547,,,,,MustinkaBDS,0.0,equis
S016-468,,,,,MustinkaBDS,0.0,equis
S003-107,,,,,MustinkaBDS,0.0,equis
S003-108,,,,,MustinkaBDS,0.0,equis
S016-465,,,,,MustinkaBDS,0.0,equis
S003-116,,,,,MustinkaBDS,0.0,equis
S004-354,,,,,MustinkaBDS,0.0,equis
S004-355,,,,,MustinkaBDS,0.0,equis
S011-559,,,,,MustinkaBDS,0.0,equis
S016-475,306.0,306,,,MustinkaBDS,0.0,equis
S003-117,,,,,MustinkaBDS,0.0,equis
S016-476,,,,,MustinkaBDS,0.0,equis
S003-110,,,,,MustinkaBDS,0.0,equis
S003-119,,,,,MustinkaBDS,0.0,equis
S003-115,,,,,MustinkaBDS,0.0,equis
S004-740,,,,,MustinkaBDS,0.0,equis
S004-742,,,,,MustinkaBDS,0.0,equis
S003-118,,,,,MustinkaBDS,0.0,equis
S006-150,323.0,323,,,MustinkaBDS,0.0,equis
S017-198,,,,,MustinkaBDS,0.0,equis
S003-106,,,,,MustinkaBDS,0.0,equis
S011-560,,,,,MustinkaBDS,0.0,equis
S004-197,,,,,MustinkaBDS,0.0,equis
S011-563,,,,,MustinkaBDS,0.0,equis
S011-544,,,,,MustinkaBDS,0.0,equis
S014-642,,,,,MustinkaBDS,0.0,equis
S010-566,,,,,NFCrow,0.0,equis
S006-296,,,,,NFCrow,0.0,equis
S002-727,,,,,NFCrow,0.0,equis
S010-597,,,,,NFCrow,0.0,equis
S006-480,,,,,NFCrow,0.0,equis
S005-553,,,,,NFCrow,0.0,equis
S006-479,,,,,NFCrow,0.0,equis
S006-478,,,,,NFCrow,0.0,equis
S005-563,,,,,NFCrow,0.0,equis
S002-384,,,,,NFCrow,0.0,equis
S010-569,,,,,NFCrow,0.0,equis
S005-554,,,,,NFCrow,0.0,equis
S006-477,,,,,NFCrow,0.0,equis
S005-555,,,,,NFCrow,0.0,equis
S011-243,,,,,NFCrow,0.0,equis
S008-972,,,,,NFCrow,0.0,equis
S002-393,,,,,NFCrow,0.0,equis
S008-365,,,,,NFCrow,0.0,equis
S008-973,,,,,NFCrow,0.0,equis
S008-974,,,,,NFCrow,0.0,equis
S013-017,,,,,NFCrow,0.0,equis
S002-385,,,,,NFCrow,0.0,equis
S017-910,,,,,NFCrow,0.0,equis
S006-467,,,,,NFCrow,0.0,equis
S017-743,,,,,NFCrow,0.0,equis
S002-019,,,,,NFCrow,0.0,equis
S001-274,,,,,NFCrow,0.0,equis
S001-830,,,,,NFCrow,0.0,equis
S010-582,,,,,NFCrow,0.0,equis
S010-610,,,,,NFCrow,0.0,equis
S000-358,,,,,NFCrow,0.0,equis
S005-565,,,,,NFCrow,0.0,equis
S000-359,,,,,NFCrow,0.0,equis
S005-561,,,,,NFCrow,0.0,equis
S002-021,443.0,444,,,NFCrow,0.0,equis
S005-852,,,,,NFCrow,0.0,equis
S006-481,,,,,NFCrow,0.0,equis
S006-485,,,,,NFCrow,0.0,equis
S005-562,,,,,NFCrow,0.0,equis
S006-484,,,,,NFCrow,0.0,equis
S006-483,,,,,NFCrow,0.0,equis
S006-482,,,,,NFCrow,0.0,equis
S010-581,,,,,NFCrow,0.0,equis
S005-556,,,,,NFCrow,0.0,equis
S004-451,,,,,NFCrow,0.0,equis
S004-420,,,,,NFCrow,0.0,equis
S004-558,,,,,NFCrow,0.0,equis
S006-474,,,,,NFCrow,0.0,equis
S006-628,,,,,NFCrow,0.0,equis
S002-522,,,,,NFCrow,0.0,equis
S001-254,,,,,NFCrow,0.0,equis
S001-252,990.0,990,,,NFCrow,0.0,equis
S000-004,990.0,990,,,NFCrow,0.0,equis
S004-796,,,,,NFCrow,0.0,equis
S004-433,990.0,990,,,NFCrow,0.0,equis
S005-835,990.0,"985,970",,,NFCrow,0.0,equis
S009-631,,,,,NFCrow,0.0,equis
S009-640,990.0,990,,,NFCrow,0.0,equis
S002-721,,,,,NFCrow,0.0,equis
S002-294,,,,,NFCrow,0.0,equis
S002-299,,,,,NFCrow,0.0,equis
S009-608,,,,,NFCrow,0.0,equis
S002-298,,,,,NFCrow,0.0,equis
S002-731,,,,,NFCrow,0.0,equis
S002-737,,,,,NFCrow,0.0,equis
S010-574,,,,,NFCrow,0.0,equis
S001-942,,,,,NFCrow,0.0,equis
S002-718,,,,,NFCrow,0.0,equis
S004-643,,,,,NFCrow,0.0,equis
S010-555,,,,,NFCrow,0.0,equis
S008-337,,,,,NFCrow,0.0,equis
S010-556,,,,,NFCrow,0.0,equis
S005-097,,,,,NFCrow,0.0,equis
S005-098,,,,,NFCrow,0.0,equis
S003-492,,,,,NFCrow,0.0,equis
S003-493,,,,,NFCrow,0.0,equis
S003-494,,,,,NFCrow,0.0,equis
S003-495,,,,,NFCrow,0.0,equis
S002-293,,,,,NFCrow,0.0,equis
S010-550,,,,,NFCrow,0.0,equis
S002-297,,,,,NFCrow,0.0,equis
S006-492,,,,,NFCrow,0.0,equis
S006-466,90.0,90,,,NFCrow,0.0,equis
S002-301,,,,,NFCrow,0.0,equis
S005-367,,,,,NFCrow,0.0,equis
S014-468,,,,,NFCrow,0.0,equis
S004-646,,,,,NFCrow,0.0,equis
S010-553,,,,,NFCrow,0.0,equis
S009-448,,,,,NFCrow,0.0,equis
S002-302,,,,,NFCrow,0.0,equis
S002-296,,,,,NFCrow,0.0,equis
S002-292,,,,,NFCrow,0.0,equis
S004-610,,,,,NFCrow,0.0,equis
S005-080,,,,,NFCrow,0.0,equis
S001-943,,,,,NFCrow,0.0,equis
S002-354,110.0,"90,101",,,NFCrow,0.0,equis
S001-509,110.0,"90,101",,,NFCrow,0.0,equis
S002-441,110.0,"90,101",,,NFCrow,0.0,equis
S002-356,110.0,110,,,NFCrow,0.0,equis
S002-403,110.0,110,potential backwater,,NFCrow,0.0,equis
S002-300,,,,,NFCrow,0.0,equis
S005-368,,,,,NFCrow,0.0,equis
S010-558,,,,,NFCrow,0.0,equis
S001-117,,,,,NFCrow,0.0,equis
S003-236,,,,,NFCrow,0.0,equis
S004-487,,,,,NFCrow,0.0,equis
S010-557,,,,,NFCrow,0.0,equis
S001-534,,,,,NFCrow,0.0,equis
S002-743,,,,,NFCrow,0.0,equis
S005-330,,,,,NFCrow,0.0,equis
S006-465,,,,,NFCrow,0.0,equis
S010-919,,,,,NFCrow,0.0,equis
S002-525,,,,,NFCrow,0.0,equis
S001-208,,,,,NFCrow,0.0,equis
S001-502,,,,,NFCrow,0.0,equis
S000-919,,,,,NFCrow,0.0,equis
S000-923,,,,,NFCrow,0.0,equis
S001-166,,,,,NFCrow,0.0,equis
S000-922,,,,,NFCrow,0.0,equis
S001-165,,,,,NFCrow,0.0,equis
S000-920,,,,,NFCrow,0.0,equis
S000-921,,,,,NFCrow,0.0,equis
S000-920,,,,,NFCrow,0.0,equis
S000-921,,,,,NFCrow,0.0,equis
S009-655,,,,,NFCrow,0.0,equis
S009-722,,,,,NFCrow,0.0,equis
S009-723,,,,,NFCrow,0.0,equis
S010-565,,,,,NFCrow,0.0,equis
S014-125,,,,,NFCrow,0.0,equis
S005-065,,,,,NFCrow,0.0,equis
S005-067,,,,,NFCrow,0.0,equis
S006-443,,,,,NFCrow,0.0,equis
S006-473,,,,,NFCrow,0.0,equis
S005-066,,,,,NFCrow,0.0,equis
S010-921,,,,,NFCrow,0.0,equis
S002-028,310.0,310,,,NFCrow,0.0,equis
S004-421,310.0,310,,,NFCrow,0.0,equis
S000-849,,,,,NFCrow,0.0,equis
S000-848,,,,,NFCrow,0.0,equis
S000-897,325.0,325,,,NFCrow,0.0,equis
S000-847,325.0,325,,,NFCrow,0.0,equis
S005-559,,,,,NFCrow,0.0,equis
S005-560,,,,,NFCrow,0.0,equis
S006-464,,,,,NFCrow,0.0,equis
S000-852,,,,,NFCrow,0.0,equis
S000-853,,,,,NFCrow,0.0,equis
S005-557,,,,,NFCrow,0.0,equis
S000-854,,,,,NFCrow,0.0,equis
S000-851,,,,,NFCrow,0.0,equis
S000-850,,,,,NFCrow,0.0,equis
S011-245,,,,,NFCrow,0.0,equis
S011-246,,,,,NFCrow,0.0,equis
S011-247,,,,,NFCrow,0.0,equis
S011-250,,,,,NFCrow,0.0,equis
S011-244,,,,,NFCrow,0.0,equis
S010-587,,,,,NFCrow,0.0,equis
S002-387,,,,,NFCrow,0.0,equis
S001-944,,,,,NFCrow,0.0,equis
S002-029,,,,,NFCrow,0.0,equis
S001-508,,,,,NFCrow,0.0,equis
S005-564,,,,,NFCrow,0.0,equis
S011-249,,,,,NFCrow,0.0,equis
S010-561,,,,,NFCrow,0.0,equis
S005-558,,,,,NFCrow,0.0,equis
S005-854,,,,,NFCrow,0.0,equis
S005-855,,,,,NFCrow,0.0,equis
S006-486,,,,,NFCrow,0.0,equis
S006-487,,,,,NFCrow,0.0,equis
S009-619,,,,,NFCrow,0.0,equis
S003-927,,,,,NFCrow,0.0,equis
S003-929,,,,,NFCrow,0.0,equis
S003-930,,,,,NFCrow,0.0,equis
S003-932,,,,,NFCrow,0.0,equis
S003-928,,,,,NFCrow,0.0,equis
S002-031,,,,,NFCrow,0.0,equis
S003-935,,,,,NFCrow,0.0,equis
S005-856,,,,,NFCrow,0.0,equis
S004-559,,,,,NFCrow,0.0,equis
S005-851,,,,,NFCrow,0.0,equis
S005-857,,,,,NFCrow,0.0,equis
S001-503,,,,,NFCrow,0.0,equis
S002-025,,,,,NFCrow,0.0,equis
S002-024,,,,,NFCrow,0.0,equis
S003-630,,,,,NFCrow,0.0,equis
S014-961,,,,,NFCrow,0.0,equis
S002-026,,,,,NFCrow,0.0,equis
S006-475,,,,,NFCrow,0.0,equis
S001-510,,,,,NFCrow,0.0,equis
S002-733,,,,,NFCrow,0.0,equis
S002-736,,,,,NFCrow,0.0,equis
S002-732,,,,,NFCrow,0.0,equis
S002-735,,,,,NFCrow,0.0,equis
S002-738,,,,,NFCrow,0.0,equis
S002-734,,,,,NFCrow,0.0,equis
S010-573,,,,,NFCrow,0.0,equis
S006-493,,,,,NFCrow,0.0,equis
S002-027,,,,,NFCrow,0.0,equis
S008-374,,,,,NFCrow,0.0,equis
S006-494,,,,,NFCrow,0.0,equis
S014-122,,,,,NFCrow,0.0,equis
S014-467,,,,,NFCrow,0.0,equis
S014-983,,,,,NFCrow,0.0,equis
S002-388,,,,,NFCrow,0.0,equis
S010-570,,,,,NFCrow,0.0,equis
S002-386,,,,,NFCrow,0.0,equis
S006-404,,,,,NFCrow,0.0,equis
S015-110,,,,,NFCrow,0.0,equis
S015-109,,,,,NFCrow,0.0,equis
S010-548,,,,,NFCrow,0.0,equis
S006-495,,,,,NFCrow,0.0,equis
S006-496,,,,,NFCrow,0.0,equis
S002-383,,,,,NFCrow,0.0,equis
S002-382,,,,,NFCrow,0.0,equis
S010-567,,,,,NFCrow,0.0,equis
S002-381,,,,,NFCrow,0.0,equis
S015-001,,,,,NFCrow,0.0,equis
S015-002,,,,,NFCrow,0.0,equis
S002-018,,,,,NFCrow,0.0,equis
S006-468,,,,,NFCrow,0.0,equis
S008-353,,,,,NFCrow,0.0,equis
S005-837,,,,,NFCrow,0.0,equis
S002-415,,,,,NFCrow,0.0,equis
S001-620,,,,,NFCrow,0.0,equis
S003-460,,,,,NFCrow,0.0,equis
S010-609,,,,,NFCrow,0.0,equis
S016-680,,,,,NFCrow,0.0,equis
S005-278,,,,,NFCrow,0.0,equis
S005-277,,,,,NFCrow,0.0,equis
S005-276,,,,,NFCrow,0.0,equis
S001-618,,,,,NFCrow,0.0,equis
S005-275,,,,,NFCrow,0.0,equis
S001-621,,,,,NFCrow,0.0,equis
S001-623,,,,,NFCrow,0.0,equis
S005-274,,,,,NFCrow,0.0,equis
S001-622,,,,,NFCrow,0.0,equis
S001-504,,,,,NFCrow,0.0,equis
S005-853,,,,,NFCrow,0.0,equis
S001-516,,,,,NFCrow,0.0,equis
S001-505,,,,,NFCrow,0.0,equis
S006-491,,,,,NFCrow,0.0,equis
S006-489,,,,,NFCrow,0.0,equis
S006-490,,,,,NFCrow,0.0,equis
S014-101,,,,,NFCrow,0.0,equis
S001-540,,,,,NFCrow,0.0,equis
S006-470,,,,,NFCrow,0.0,equis
S013-048,,,,,NFCrow,0.0,equis
S001-517,430.0,430,,,NFCrow,0.0,equis
S006-469,430.0,430,,,NFCrow,0.0,equis
S002-719,,,,,NFCrow,0.0,equis
S005-022,,,,,NFCrow,0.0,equis
S002-725,,,,,NFCrow,0.0,equis
S005-021,,,,,NFCrow,0.0,equis
S002-720,,,,,NFCrow,0.0,equis
S002-723,,,,,NFCrow,0.0,equis
S002-391,,,,,NFCrow,0.0,equis
S002-390,,,,,NFCrow,0.0,equis
S002-792,,,,,NFCrow,0.0,equis
S002-389,,,,,NFCrow,0.0,equis
S002-392,,,,,NFCrow,0.0,equis
S002-724,,,,,NFCrow,0.0,equis
S001-257,970.0,950,,,NFCrow,0.0,equis
S001-253,970.0,970,,,NFCrow,0.0,equis
S001-511,970.0,970,,,NFCrow,0.0,equis
S003-807,970.0,970,,,NFCrow,0.0,equis
S006-077,970.0,970,,,NFCrow,0.0,equis
S006-977,,,,,NFCrow,0.0,equis
S006-977,,,,,NFCrow,0.0,equis
S006-978,,,,,NFCrow,0.0,equis
S008-360,970.0,970,,,NFCrow,0.0,equis
S001-273,,,,,NFCrow,0.0,equis
S000-615,,,,,NFCrow,0.0,equis
S001-256,530.0,530,,,NFCrow,0.0,equis
S004-210,,,,,NFCrow,0.0,equis
S004-089,,,,,NFCrow,0.0,equis
S004-241,,,,,NFCrow,0.0,equis
S002-295,,,,,NFCrow,0.0,equis
S004-242,,,,,NFCrow,0.0,equis
S002-913,,,,,NFCrow,0.0,equis
S004-644,,,,,NFCrow,0.0,equis
S009-128,,,,,NFCrow,0.0,equis
S010-551,,,,,NFCrow,0.0,equis
S003-496,,,,,NFCrow,0.0,equis
S004-642,,,,,NFCrow,0.0,equis
S004-090,,,,,NFCrow,0.0,equis
S001-209,,,,,NFCrow,0.0,equis
S002-740,,,,,NFCrow,0.0,equis
S002-742,,,,,NFCrow,0.0,equis
S002-741,,,,,NFCrow,0.0,equis
S002-739,,,,,NFCrow,0.0,equis
S003-931,,,,,NFCrow,0.0,equis
S009-620,,,,,NFCrow,0.0,equis
S010-600,,,,,NFCrow,0.0,equis
S010-577,,,,,NFCrow,0.0,equis
S005-023,,,,,NFCrow,0.0,equis
S006-887,,,,,NFCrow,0.0,equis
S010-547,,,,,NFCrow,0.0,equis
S002-030,985.0,985,,,NFCrow,0.0,equis
S005-834,985.0,985,,,NFCrow,0.0,equis
S006-075,985.0,985,,,NFCrow,0.0,equis
S006-076,985.0,985,,,NFCrow,0.0,equis
S010-578,,,,,NFCrow,0.0,equis
S002-020,,,,,NFCrow,0.0,equis
S005-836,,,,,NFCrow,0.0,equis
S005-839,,,,,NFCrow,0.0,equis
S005-838,,,,,NFCrow,0.0,equis
S001-970,,,,,NFCrow,0.0,equis
S001-971,,,,,NFCrow,0.0,equis
S001-973,,,,,NFCrow,0.0,equis
S001-967,,,,,NFCrow,0.0,equis
S001-972,,,,,NFCrow,0.0,equis
S001-405,,,,,NFCrow,0.0,equis
S002-357,,,,,NFCrow,0.0,equis
S002-769,,,,,NFCrow,0.0,equis
S002-355,,,,,NFCrow,0.0,equis
S002-022,,,,,NFCrow,0.0,equis
S005-808,,,,,NFCrow,0.0,equis
S000-050,950.0,950,,,NFCrow,0.0,equis
S011-298,,,,,NFCrow,0.0,equis
S015-111,,,,,NFCrow,0.0,equis
S004-489,,,,,NFCrow,0.0,equis
S001-100,,,,,NFCrow,0.0,equis
S001-134,,,,,NFCrow,0.0,equis
S001-118,,,,,NFCrow,0.0,equis
S004-491,,,,,NFCrow,0.0,equis
S001-133,,,,,NFCrow,0.0,equis
S003-233,,,,,NFCrow,0.0,equis
S004-490,,,,,NFCrow,0.0,equis
S003-234,,,,,NFCrow,0.0,equis
S003-235,,,,,NFCrow,0.0,equis
S001-135,,,,,NFCrow,0.0,equis
S001-136,,,,,NFCrow,0.0,equis
S001-137,,,,,NFCrow,0.0,equis
S001-119,,,,,NFCrow,0.0,equis
S000-294,,,,,NFCrow,0.0,equis
S001-969,,,,,NFCrow,0.0,equis
S001-968,,,,,NFCrow,0.0,equis
S014-128,,,,,NFCrow,0.0,equis
S001-499,,,,,NFCrow,0.0,equis
S003-244,,,,,NFCrow,0.0,equis
S003-243,,,,,NFCrow,0.0,equis
S003-245,,,,,NFCrow,0.0,equis
S000-952,,,,,NFCrow,0.0,equis
S003-241,,,,,NFCrow,0.0,equis
S003-242,,,,,NFCrow,0.0,equis
S003-240,,,,,NFCrow,0.0,equis
S003-239,,,,,NFCrow,0.0,equis
S003-238,,,,,NFCrow,0.0,equis
S000-951,,,,,NFCrow,0.0,equis
S010-576,,,,,NFCrow,0.0,equis
S014-226,,,,,NFCrow,0.0,equis
S006-215,,,,,Nemadji,0.0,equis
S006-091,,,,,Nemadji,0.0,equis
S006-214,112.0,112,middle of reach,,Nemadji,0.0,equis
S011-863,,,,,Nemadji,0.0,equis
S016-555,,,,,Nemadji,0.0,equis
S016-708,,,,,Nemadji,0.0,equis
S016-710,,,,,Nemadji,0.0,equis
S017-176,,,,,Nemadji,0.0,equis
S003-270,,,,,Nemadji,0.0,equis
S006-080,,,,,Nemadji,0.0,equis
S006-081,,,,,Nemadji,0.0,equis
S006-078,111.0,111,middle end of reach,,Nemadji,0.0,equis
S006-079,,,,,Nemadji,0.0,equis
S011-864,,,,,Nemadji,0.0,equis
S011-865,,,,,Nemadji,0.0,equis
S011-866,,,,,Nemadji,0.0,equis
S013-898,,,,,Nemadji,0.0,equis
S014-217,,,,,Nemadji,0.0,equis
S014-218,,,,,Nemadji,0.0,equis
S014-219,,,,,Nemadji,0.0,equis
S006-216,,,,,Nemadji,0.0,equis
S005-619,113.0,113,middle of reach,,Nemadji,0.0,equis
S005-618,,,,,Nemadji,0.0,equis
S014-616,,,,,Nemadji,0.0,equis
S006-092,,,,,Nemadji,0.0,equis
S006-094,,,,,Nemadji,0.0,equis
S011-868,,,,,Nemadji,0.0,equis
S006-090,115.0,"113,116",Upstream portion of reach,,Nemadji,0.0,equis
S007-453,,,,,Nemadji,0.0,equis
S002-600,,,,,Nemadji,0.0,equis
S005-617,,,,,Nemadji,0.0,equis
S008-231,,,,,Nemadji,0.0,equis
S011-857,,,,,Nemadji,0.0,equis
S002-601,,,,,Nemadji,0.0,equis
S017-177,,,,,Nemadji,0.0,equis
S017-299,,,,,Nemadji,0.0,equis
S011-869,,,,,Nemadji,0.0,equis
S007-452,,,,,Nemadji,0.0,equis
S007-195,,,,,Nemadji,0.0,equis
S013-897,,,,,Nemadji,0.0,equis
S013-936,511.0,511,upstream end of long headwaters reach,,Nemadji,0.0,equis
S003-251,120.0,120,,0.0,Nemadji,0.0,equis
S011-861,,,,,Nemadji,0.0,equis
S013-863,,,,,Nemadji,0.0,equis
S003-250,118.0,118,,,Nemadji,0.0,equis
S002-602,,,,,Nemadji,0.0,equis
S004-932,118.0,118,,,Nemadji,0.0,equis
S004-931,,,,,Nemadji,0.0,equis
S004-930,,,,,Nemadji,0.0,equis
S000-110,114.0,"115,117",,,Nemadji,0.0,equis
S013-862,114.0,114,,,Nemadji,0.0,equis
S004-929,119.0,119,,,Nemadji,0.0,equis
S016-707,,,,,Nemadji,0.0,equis
S006-213,122.0,122,Middle of Reach,,Nemadji,0.0,equis
S005-771,,,,,Nemadji,0.0,equis
S011-856,121.0,121,,,Nemadji,0.0,equis
S001-235,103.0,103,,,Nemadji,0.0,equis
S005-115,103.0,103,,,Nemadji,0.0,equis
S007-182,117.0,117,middle of reach,,Nemadji,0.0,equis
S008-081,117.0,117,middle of reach,,Nemadji,0.0,equis
S015-156,,,,,Nemadji,0.0,equis
S006-218,,,,,Nemadji,0.0,equis
S005-620,511.0,511,upstream end of long headwaters reach,,Nemadji,0.0,equis
S017-401,,,,,Nemadji,0.0,equis
S017-936,,,,,OtterTail,0.0,equis
S001-999,,,,,OtterTail,0.0,equis
S014-918,,,,,OtterTail,0.0,equis
S007-460,,,,,OtterTail,0.0,equis
S008-840,,,,,OtterTail,0.0,equis
S014-474,,,,,OtterTail,0.0,equis
S005-475,,,,,OtterTail,0.0,equis
S000-556,,,,,OtterTail,0.0,equis
S005-140,,,,,OtterTail,0.0,equis
S008-386,,,,,OtterTail,0.0,equis
S008-842,,,,,OtterTail,0.0,equis
S000-685,,,,,OtterTail,0.0,equis
S000-683,,,,,OtterTail,0.0,equis
S000-744,,,,,OtterTail,0.0,equis
S000-684,,,,,OtterTail,0.0,equis
S014-639,,,,,OtterTail,0.0,equis
S000-474,,,,,OtterTail,0.0,equis
S000-745,,,,,OtterTail,0.0,equis
S000-475,,,,,OtterTail,0.0,equis
S000-686,,,,,OtterTail,0.0,equis
S007-751,,,,,OtterTail,0.0,equis
S007-753,,,,,OtterTail,0.0,equis
S007-757,,,,,OtterTail,0.0,equis
S007-752,,,,,OtterTail,0.0,equis
S007-755,,,,,OtterTail,0.0,equis
S009-521,,,,,OtterTail,0.0,equis
S007-754,,,,,OtterTail,0.0,equis
S016-807,,,,,OtterTail,0.0,equis
S007-750,,,,,OtterTail,0.0,equis
S007-749,,,,,OtterTail,0.0,equis
S007-756,,,,,OtterTail,0.0,equis
S006-403,,,,,OtterTail,0.0,equis
S006-402,,,,,OtterTail,0.0,equis
S002-161,,,,,OtterTail,0.0,equis
S002-174,,,,,OtterTail,0.0,equis
S002-703,,,,,OtterTail,0.0,equis
S002-173,,,,,OtterTail,0.0,equis
S002-704,,,,,OtterTail,0.0,equis
S002-705,,,,,OtterTail,0.0,equis
S002-707,,,,,OtterTail,0.0,equis
S002-702,,,,,OtterTail,0.0,equis
S018-008,,,,,OtterTail,0.0,equis
S002-162,,,,,OtterTail,0.0,equis
S002-701,,,,,OtterTail,0.0,equis
S002-171,,,,,OtterTail,0.0,equis
S002-170,,,,,OtterTail,0.0,equis
S002-176,,,,,OtterTail,0.0,equis
S002-184,,,,,OtterTail,0.0,equis
S002-169,,,,,OtterTail,0.0,equis
S002-183,,,,,OtterTail,0.0,equis
S002-178,,,,,OtterTail,0.0,equis
S015-006,,,,,OtterTail,0.0,equis
S015-007,,,,,OtterTail,0.0,equis
S016-453,,,,,OtterTail,0.0,equis
S002-168,,,,,OtterTail,0.0,equis
S002-180,,,,,OtterTail,0.0,equis
S002-179,,,,,OtterTail,0.0,equis
S002-181,,,,,OtterTail,0.0,equis
S002-182,,,,,OtterTail,0.0,equis
S000-112,,,,,OtterTail,0.0,equis
S008-841,,,,,OtterTail,0.0,equis
S016-489,,,,,OtterTail,0.0,equis
S005-141,,,,,OtterTail,0.0,equis
S007-764,,,,,OtterTail,0.0,equis
S016-488,,,,,OtterTail,0.0,equis
S010-151,,,,,OtterTail,0.0,equis
S016-416,,,,,OtterTail,0.0,equis
S016-484,,,,,OtterTail,0.0,equis
S016-485,,,,,OtterTail,0.0,equis
S016-486,,,,,OtterTail,0.0,equis
S016-487,,,,,OtterTail,0.0,equis
S016-336,,,,,OtterTail,0.0,equis
S016-337,,,,,OtterTail,0.0,equis
S000-536,,,,,OtterTail,0.0,equis
S000-539,,,,,OtterTail,0.0,equis
S010-153,,,,,OtterTail,0.0,equis
S000-473,,,,,OtterTail,0.0,equis
S000-538,,,,,OtterTail,0.0,equis
S000-472,,,,,OtterTail,0.0,equis
S000-537,,,,,OtterTail,0.0,equis
S000-587,,,,,OtterTail,0.0,equis
S010-152,,,,,OtterTail,0.0,equis
S010-154,,,,,OtterTail,0.0,equis
S008-843,,,,,OtterTail,0.0,equis
S005-139,,,,,OtterTail,0.0,equis
S008-844,,,,,OtterTail,0.0,equis
S013-379,,,,,OtterTail,0.0,equis
S005-138,,,,,OtterTail,0.0,equis
S007-069,,,,,OtterTail,0.0,equis
S003-356,,,,,OtterTail,0.0,equis
S001-606,,,,,OtterTail,0.0,equis
S001-276,,,,,OtterTail,0.0,equis
S002-699,,,,,OtterTail,0.0,equis
S009-139,,,,,OtterTail,0.0,equis
S002-698,,,,,OtterTail,0.0,equis
S002-696,,,,,OtterTail,0.0,equis
S002-697,,,,,OtterTail,0.0,equis
S003-939,,,,,OtterTail,0.0,equis
S011-394,,,,,OtterTail,0.0,equis
S003-938,,,,,OtterTail,0.0,equis
S013-382,,,,,OtterTail,0.0,equis
S004-779,,,,,OtterTail,0.0,equis
S004-777,,,,,OtterTail,0.0,equis
S011-180,,,,,OtterTail,0.0,equis
S000-006,,,,,OtterTail,0.0,equis
S006-908,,,,,OtterTail,0.0,equis
S004-776,,,,,OtterTail,0.0,equis
S003-937,,,,,OtterTail,0.0,equis
S010-136,,,,,OtterTail,0.0,equis
S004-775,,,,,OtterTail,0.0,equis
S004-778,,,,,OtterTail,0.0,equis
S004-781,,,,,OtterTail,0.0,equis
S004-780,,,,,OtterTail,0.0,equis
S005-137,,,,,OtterTail,0.0,equis
S009-433,,,,,OtterTail,0.0,equis
S009-520,,,,,OtterTail,0.0,equis
S013-380,,,,,OtterTail,0.0,equis
S014-913,,,,,OtterTail,0.0,equis
S002-163,,,,,OtterTail,0.0,equis
S002-164,,,,,OtterTail,0.0,equis
S002-165,,,,,OtterTail,0.0,equis
S015-108,,,,,OtterTail,0.0,equis
S002-167,,,,,OtterTail,0.0,equis
S002-166,,,,,OtterTail,0.0,equis
S002-177,,,,,OtterTail,0.0,equis
S002-159,,,,,OtterTail,0.0,equis
S002-158,,,,,OtterTail,0.0,equis
S002-175,,,,,OtterTail,0.0,equis
S013-385,,,,,OtterTail,0.0,equis
S005-142,,,,,OtterTail,0.0,equis
S003-167,,,,,OtterTail,0.0,equis
S000-555,,,,,OtterTail,0.0,equis
S010-169,,,,,OtterTail,0.0,equis
S000-111,,,,,OtterTail,0.0,equis
S002-000,,,,,OtterTail,0.0,equis
S003-166,,,,,OtterTail,0.0,equis
S002-003,,,,,OtterTail,0.0,equis
S009-364,,,,,OtterTail,0.0,equis
S002-160,,,,,OtterTail,0.0,equis
S002-172,,,,,OtterTail,0.0,equis
S005-247,,,,,OtterTail,0.0,equis
S010-100,,,,,OtterTail,0.0,equis
S001-120,,,,,OtterTail,0.0,equis
S008-845,,,,,OtterTail,0.0,equis
S006-731,,,,,OtterTail,0.0,equis
S007-459,,,,,OtterTail,0.0,equis
S011-569,,,,,OtterTail,0.0,equis
S011-572,,,,,OtterTail,0.0,equis
S004-004,137.0,138,,,PepinTribs,0.0,equis
S010-714,137.0,138,,,PepinTribs,0.0,equis
S006-718,,,,,PepinTribs,0.0,equis
S004-224,137.0,137,,,PepinTribs,0.0,equis
S004-863,132.0,132,,,PepinTribs,0.0,equis
S014-222,,,,,PepinTribs,0.0,equis
S006-414,141.0,141,,,PepinTribs,0.0,equis
S010-713,141.0,141,,,PepinTribs,0.0,equis
S009-960,118.0,"128,119",,,PepinTribs,0.0,equis
S014-223,128.0,128,,,PepinTribs,0.0,equis
S010-719,114.0,114,,,PepinTribs,0.0,equis
S004-008,114.0,114,,,PepinTribs,0.0,equis
S001-384,122.0,"122,121",,,PepinTribs,0.0,equis
S010-717,122.0,"122,121",,,PepinTribs,0.0,equis
S007-123,113.0,113,,,PepinTribs,0.0,equis
S007-120,120.0,120,,,PepinTribs,0.0,equis
S010-715,120.0,120,,,PepinTribs,0.0,equis
S014-221,140.0,140,,,PepinTribs,0.0,equis
S002-449,106.0,106,,,PepinTribs,0.0,equis
S005-011,106.0,106,,,PepinTribs,0.0,equis
S014-189,,,,,PepinTribs,0.0,equis
S001-453,136.0,136,,,PepinTribs,0.0,equis
S010-018,136.0,136,,,PepinTribs,0.0,equis
S015-283,136.0,136,,,PepinTribs,0.0,equis
S000-431,135.0,"136,141",,,PepinTribs,0.0,equis
S000-428,,,,,PepinTribs,0.0,equis
S000-429,,,,,PepinTribs,0.0,equis
S000-430,135.0,"136,141",,,PepinTribs,0.0,equis
S000-427,,,,,PepinTribs,0.0,equis
S010-718,111.0,111,,,PepinTribs,0.0,equis
S014-227,111.0,111,,,PepinTribs,0.0,equis
S007-125,112.0,112,,,PepinTribs,0.0,equis
S007-124,108.0,108,,,PepinTribs,0.0,equis
S010-024,105.0,105,,,PepinTribs,0.0,equis
S014-225,105.0,105,,,PepinTribs,0.0,equis
S004-003,119.0,"120,122",,,PepinTribs,0.0,equis
S009-934,119.0,"122,120",,,PepinTribs,0.0,equis
S010-716,119.0,119,,,PepinTribs,0.0,equis
S004-453,,,,,PepinTribs,0.0,equis
S009-919,,,,,PepinTribs,0.0,equis
S004-859,116.0,116,,,PepinTribs,0.0,equis
S001-435,116.0,"116,129",,,PepinTribs,0.0,equis
S001-597,,,,,PepinTribs,0.0,equis
S005-428,110.0,110,,,PepinTribs,0.0,equis
S014-515,110.0,110,,,PepinTribs,0.0,equis
S007-122,124.0,124,,,PepinTribs,0.0,equis
S001-386,124.0,124,,,PepinTribs,0.0,equis
S007-121,121.0,121,,,PepinTribs,0.0,equis
S001-385,123.0,"126,125",,,PepinTribs,0.0,equis
S014-224,123.0,"124,125,126",,,PepinTribs,0.0,equis
S009-977,138.0,138,,,PepinTribs,0.0,equis
S012-262,,,,,Pine,0.0,equis
S015-004,,,,,Pine,0.0,equis
S012-263,,,,,Pine,0.0,equis
S012-251,,,,,Pine,0.0,equis
S008-397,,,,,Pine,0.0,equis
S001-345,,,,,Pine,0.0,equis
S006-231,,,,,Pine,0.0,equis
S001-595,,,,,Pine,0.0,equis
S001-596,,,,,Pine,0.0,equis
S006-233,,,,,Pine,0.0,equis
S006-244,,,,,Pine,0.0,equis
S007-681,,,,,Pine,0.0,equis
S007-682,,,,,Pine,0.0,equis
S014-116,,,,,Pine,0.0,equis
S007-684,,,,,Pine,0.0,equis
S007-683,,,,,Pine,0.0,equis
S006-227,,,,,Pine,0.0,equis
S004-380,,,,,Pine,0.0,equis
S004-381,,,,,Pine,0.0,equis
S005-472,,,,,Pine,0.0,equis
S017-188,,,,,Pine,0.0,equis
S007-845,,,,,Pine,0.0,equis
S007-688,,,,,Pine,0.0,equis
S007-687,,,,,Pine,0.0,equis
S007-686,,,,,Pine,0.0,equis
S012-265,,,,,Pine,0.0,equis
S012-266,,,,,Pine,0.0,equis
S008-923,,,,,Pine,0.0,equis
S008-924,,,,,Pine,0.0,equis
S017-187,,,,,Pine,0.0,equis
S015-003,,,,,Pine,0.0,equis
S016-905,,,,,Pine,0.0,equis
S012-253,,,,,Pine,0.0,equis
S014-905,,,,,Pine,0.0,equis
S005-425,,,,,Pine,0.0,equis
S006-372,,,,,Pine,0.0,equis
S006-229,,,,,Pine,0.0,equis
S001-373,,,,,Pine,0.0,equis
S014-903,,,,,Pine,0.0,equis
S014-906,,,,,Pine,0.0,equis
S014-904,,,,,Pine,0.0,equis
S016-348,,,,,Pine,0.0,equis
S014-902,,,,,Pine,0.0,equis
S015-026,,,,,Pine,0.0,equis
S015-025,,,,,Pine,0.0,equis
S016-906,,,,,Pine,0.0,equis
S016-904,,,,,Pine,0.0,equis
S005-478,,,,,Pine,0.0,equis
S014-900,,,,,Pine,0.0,equis
S014-899,,,,,Pine,0.0,equis
S012-254,,,,,Pine,0.0,equis
S007-844,,,,,Pine,0.0,equis
S012-256,,,,,Pine,0.0,equis
S007-843,,,,,Pine,0.0,equis
S000-181,,,,,Pine,0.0,equis
S012-259,,,,,Pine,0.0,equis
S006-230,,,,,Pine,0.0,equis
S015-144,,,,,Pine,0.0,equis
S017-193,,,,,Pine,0.0,equis
S006-294,,,,,Pine,0.0,equis
S013-358,,,,,Pine,0.0,equis
S007-840,,,,,Pine,0.0,equis
S007-842,,,,,Pine,0.0,equis
S017-195,,,,,Pine,0.0,equis
S017-194,,,,,Pine,0.0,equis
S016-903,,,,,Pine,0.0,equis
S006-228,,,,,Pine,0.0,equis
S014-958,,,,,Pine,0.0,equis
S007-685,,,,,Pine,0.0,equis
S015-005,,,,,Pine,0.0,equis
S001-330,,,,,Pine,0.0,equis
S014-901,,,,,Pine,0.0,equis
S006-226,,,,,Pine,0.0,equis
S007-101,,,,,Pine,0.0,equis
S007-846,,,,,Pine,0.0,equis
S012-252,,,,,Pine,0.0,equis
S012-274,,,,,Pine,0.0,equis
S014-111,,,,,Pine,0.0,equis
S012-267,,,,,Pine,0.0,equis
S010-462,,,,,PommeDeTerre,0.0,equis
S004-580,,,,,PommeDeTerre,0.0,equis
S009-721,,,,,PommeDeTerre,0.0,equis
S000-195,,,,,PommeDeTerre,0.0,equis
S017-353,,,,,PommeDeTerre,0.0,equis
S005-821,,,,,PommeDeTerre,0.0,equis
S001-725,,,,,PommeDeTerre,0.0,equis
S004-573,,,,,PommeDeTerre,0.0,equis
S010-461,,,,,PommeDeTerre,0.0,equis
S005-653,,,,,PommeDeTerre,0.0,equis
S004-576,,,,,PommeDeTerre,0.0,equis
S010-460,,,,,PommeDeTerre,0.0,equis
S004-570,,,,,PommeDeTerre,0.0,equis
S011-126,,,,,PommeDeTerre,0.0,equis
S004-575,,,,,PommeDeTerre,0.0,equis
S004-577,,,,,PommeDeTerre,0.0,equis
S001-710,,,,,PommeDeTerre,0.0,equis
S004-571,,,,,PommeDeTerre,0.0,equis
S004-579,,,,,PommeDeTerre,0.0,equis
S004-572,,,,,PommeDeTerre,0.0,equis
S009-449,,,,,PommeDeTerre,0.0,equis
S010-457,,,,,PommeDeTerre,0.0,equis
S010-459,,,,,PommeDeTerre,0.0,equis
S010-463,,,,,PommeDeTerre,0.0,equis
S005-825,,,,,PommeDeTerre,0.0,equis
S004-946,,,,,PommeDeTerre,0.0,equis
S005-650,,,,,PommeDeTerre,0.0,equis
S010-449,,,,,PommeDeTerre,0.0,equis
S002-884,,,,,PommeDeTerre,0.0,equis
S004-485,,,,,PommeDeTerre,0.0,equis
S004-593,,,,,PommeDeTerre,0.0,equis
S010-458,,,,,PommeDeTerre,0.0,equis
S014-286,,,,,PommeDeTerre,0.0,equis
S014-256,,,,,PommeDeTerre,0.0,equis
S010-456,,,,,PommeDeTerre,0.0,equis
S005-652,,,,,PommeDeTerre,0.0,equis
S005-651,,,,,PommeDeTerre,0.0,equis
S010-800,,,,,PommeDeTerre,0.0,equis
S004-574,,,,,PommeDeTerre,0.0,equis
S004-945,,,,,PommeDeTerre,0.0,equis
S004-940,,,,,PommeDeTerre,0.0,equis
S004-942,,,,,PommeDeTerre,0.0,equis
S004-943,,,,,PommeDeTerre,0.0,equis
S004-938,,,,,PommeDeTerre,0.0,equis
S004-941,,,,,PommeDeTerre,0.0,equis
S004-413,,,,,PommeDeTerre,0.0,equis
S004-578,,,,,PommeDeTerre,0.0,equis
S010-798,,,,,PommeDeTerre,0.0,equis
S010-799,,,,,PommeDeTerre,0.0,equis
S004-944,,,,,PommeDeTerre,0.0,equis
S005-655,,,,,PommeDeTerre,0.0,equis
S004-937,,,,,PommeDeTerre,0.0,equis
S010-464,,,,,PommeDeTerre,0.0,equis
S014-285,,,,,PommeDeTerre,0.0,equis
S004-939,,,,,PommeDeTerre,0.0,equis
S005-657,,,,,PommeDeTerre,0.0,equis
S005-656,,,,,PommeDeTerre,0.0,equis
S009-670,,,,,PommeDeTerre,0.0,equis
S010-801,,,,,PommeDeTerre,0.0,equis
S005-649,,,,,PommeDeTerre,0.0,equis
S010-454,,,,,PommeDeTerre,0.0,equis
S005-648,,,,,PommeDeTerre,0.0,equis
S004-412,,,,,PommeDeTerre,0.0,equis
S010-447,,,,,PommeDeTerre,0.0,equis
S010-453,,,,,PommeDeTerre,0.0,equis
S010-451,,,,,PommeDeTerre,0.0,equis
S011-543,,,,,PommeDeTerre,0.0,equis
S010-455,,,,,PommeDeTerre,0.0,equis
S010-450,,,,,PommeDeTerre,0.0,equis
S004-592,,,,,PommeDeTerre,0.0,equis
S010-448,,,,,PommeDeTerre,0.0,equis
S002-887,,,,,PommeDeTerre,0.0,equis
S005-829,,,,,PommeDeTerre,0.0,equis
S004-411,,,,,PommeDeTerre,0.0,equis
S008-453,,,,,PommeDeTerre,0.0,equis
S013-591,,,,,PommeDeTerre,0.0,equis
S005-828,,,,,PommeDeTerre,0.0,equis
S005-827,,,,,PommeDeTerre,0.0,equis
S002-885,,,,,PommeDeTerre,0.0,equis
S005-647,,,,,PommeDeTerre,0.0,equis
S005-823,,,,,PommeDeTerre,0.0,equis
S005-824,,,,,PommeDeTerre,0.0,equis
S002-888,,,,,PommeDeTerre,0.0,equis
S002-886,440.0,440,,,PommeDeTerre,0.0,equis
S006-715,,,,,PommeDeTerre,0.0,equis
S009-754,,,,,PommeDeTerre,0.0,equis
S010-446,,,,,PommeDeTerre,0.0,equis
S010-452,440.0,440,,,PommeDeTerre,0.0,equis
S011-124,,,,,PommeDeTerre,0.0,equis
S011-125,,,,,PommeDeTerre,0.0,equis
S002-414,,,,,PommeDeTerre,0.0,equis
S002-058,,,,,PommeDeTerre,0.0,equis
S004-584,,,,,PommeDeTerre,0.0,equis
S010-444,,,,,PommeDeTerre,0.0,equis
S005-646,,,,,PommeDeTerre,0.0,equis
S005-822,,,,,PommeDeTerre,0.0,equis
S004-583,,,,,PommeDeTerre,0.0,equis
S002-057,,,,,PommeDeTerre,0.0,equis
S005-645,,,,,PommeDeTerre,0.0,equis
S004-586,,,,,PommeDeTerre,0.0,equis
S004-585,,,,,PommeDeTerre,0.0,equis
S010-445,,,,,PommeDeTerre,0.0,equis
S010-443,,,,,PommeDeTerre,0.0,equis
S002-056,,,,,PommeDeTerre,0.0,equis
S004-510,,,,,PommeDeTerre,0.0,equis
S004-560,,,,,PommeDeTerre,0.0,equis
S004-561,,,,,PommeDeTerre,0.0,equis
S001-890,,,,,PommeDeTerre,0.0,equis
S009-753,,,,,PommeDeTerre,0.0,equis
S005-643,,,,,PommeDeTerre,0.0,equis
S004-563,,,,,PommeDeTerre,0.0,equis
S004-562,,,,,PommeDeTerre,0.0,equis
S004-565,,,,,PommeDeTerre,0.0,equis
S004-564,,,,,PommeDeTerre,0.0,equis
S004-566,,,,,PommeDeTerre,0.0,equis
S004-568,,,,,PommeDeTerre,0.0,equis
S004-569,,,,,PommeDeTerre,0.0,equis
S004-567,,,,,PommeDeTerre,0.0,equis
S015-351,,,,,PommeDeTerre,0.0,equis
S015-352,,,,,PommeDeTerre,0.0,equis
S015-353,,,,,PommeDeTerre,0.0,equis
S016-385,,,,,PommeDeTerre,0.0,equis
S014-255,,,,,PommeDeTerre,0.0,equis
S002-055,,,,,PommeDeTerre,0.0,equis
S004-410,,,,,PommeDeTerre,0.0,equis
S004-581,,,,,PommeDeTerre,0.0,equis
S004-582,,,,,PommeDeTerre,0.0,equis
S005-654,,,,,PommeDeTerre,0.0,equis
S008-233,,,,,PommeDeTerre,0.0,equis
S009-752,,,,,PommeDeTerre,0.0,equis
S010-480,,,,,PommeDeTerre,0.0,equis
S005-826,,,,,PommeDeTerre,0.0,equis
S014-882,,,,,RainyHeadwaters,0.0,equis
S008-608,,,,,RainyHeadwaters,0.0,equis
S012-954,,,,,RainyHeadwaters,0.0,equis
S008-605,,,,,RainyHeadwaters,0.0,equis
S010-229,,,,,RainyHeadwaters,0.0,equis
S012-953,,,,,RainyHeadwaters,0.0,equis
S011-653,,,,,RainyHeadwaters,0.0,equis
S011-654,,,,,RainyHeadwaters,0.0,equis
S012-946,,,,,RainyHeadwaters,0.0,equis
S002-814,,,,,RainyHeadwaters,0.0,equis
S007-778,,,,,RainyHeadwaters,0.0,equis
S007-779,,,,,RainyHeadwaters,0.0,equis
S012-950,,,,,RainyHeadwaters,0.0,equis
S007-898,,,,,RainyHeadwaters,0.0,equis
S010-210,,,,,RainyHeadwaters,0.0,equis
S012-951,,,,,RainyHeadwaters,0.0,equis
S011-656,,,,,RainyHeadwaters,0.0,equis
S012-952,,,,,RainyHeadwaters,0.0,equis
S002-760,,,,,RainyHeadwaters,0.0,equis
S002-762,,,,,RainyHeadwaters,0.0,equis
S002-761,,,,,RainyHeadwaters,0.0,equis
S000-108,,,,,RainyHeadwaters,0.0,equis
S000-166,,,,,RainyHeadwaters,0.0,equis
S013-995,,,,,RainyHeadwaters,0.0,equis
S007-765,,,,,RainyHeadwaters,0.0,equis
S002-813,,,,,RainyHeadwaters,0.0,equis
S007-770,,,,,RainyHeadwaters,0.0,equis
S008-604,,,,,RainyHeadwaters,0.0,equis
S008-612,,,,,RainyHeadwaters,0.0,equis
S008-613,,,,,RainyHeadwaters,0.0,equis
S016-394,,,,,RainyHeadwaters,0.0,equis
S002-763,,,,,RainyHeadwaters,0.0,equis
S000-913,,,,,RainyHeadwaters,0.0,equis
S012-931,,,,,RainyHeadwaters,0.0,equis
S012-935,,,,,RainyHeadwaters,0.0,equis
S016-702,,,,,RainyHeadwaters,0.0,equis
S010-303,,,,,RainyHeadwaters,0.0,equis
S011-657,,,,,RainyHeadwaters,0.0,equis
S010-225,,,,,RainyHeadwaters,0.0,equis
S007-769,,,,,RainyHeadwaters,0.0,equis
S007-775,,,,,RainyHeadwaters,0.0,equis
S010-309,,,,,RainyHeadwaters,0.0,equis
S013-993,,,,,RainyHeadwaters,0.0,equis
S012-933,,,,,RainyHeadwaters,0.0,equis
S008-609,,,,,RainyHeadwaters,0.0,equis
S010-306,,,,,RainyHeadwaters,0.0,equis
S010-305,,,,,RainyHeadwaters,0.0,equis
S010-310,,,,,RainyHeadwaters,0.0,equis
S010-230,,,,,RainyHeadwaters,0.0,equis
S011-655,,,,,RainyHeadwaters,0.0,equis
S007-781,,,,,RainyHeadwaters,0.0,equis
S007-899,,,,,RainyHeadwaters,0.0,equis
S007-777,,,,,RainyHeadwaters,0.0,equis
S013-283,,,,,RainyHeadwaters,0.0,equis
S012-944,,,,,RainyHeadwaters,0.0,equis
S010-304,,,,,RainyHeadwaters,0.0,equis
S010-269,,,,,RainyHeadwaters,0.0,equis
S010-231,,,,,RainyHeadwaters,0.0,equis
S010-308,,,,,RainyHeadwaters,0.0,equis
S007-768,,,,,RainyHeadwaters,0.0,equis
S012-943,,,,,RainyHeadwaters,0.0,equis
S012-947,,,,,RainyHeadwaters,0.0,equis
S012-949,,,,,RainyHeadwaters,0.0,equis
S011-658,,,,,RainyHeadwaters,0.0,equis
S010-311,,,,,RainyHeadwaters,0.0,equis
S011-652,,,,,RainyHeadwaters,0.0,equis
S012-948,,,,,RainyHeadwaters,0.0,equis
S002-808,,,,,RainyHeadwaters,0.0,equis
S002-811,,,,,RainyHeadwaters,0.0,equis
S010-232,,,,,RainyHeadwaters,0.0,equis
S007-897,,,,,RainyHeadwaters,0.0,equis
S000-911,,,,,RainyHeadwaters,0.0,equis
S002-765,,,,,RainyHeadwaters,0.0,equis
S007-766,,,,,RainyHeadwaters,0.0,equis
S002-764,,,,,RainyHeadwaters,0.0,equis
S002-766,,,,,RainyHeadwaters,0.0,equis
S013-279,,,,,RainyHeadwaters,0.0,equis
S014-570,,,,,RainyHeadwaters,0.0,equis
S016-806,,,,,RainyHeadwaters,0.0,equis
S016-837,,,,,RainyHeadwaters,0.0,equis
S012-936,,,,,RainyHeadwaters,0.0,equis
S012-939,,,,,RainyHeadwaters,0.0,equis
S002-809,,,,,RainyHeadwaters,0.0,equis
S007-767,,,,,RainyHeadwaters,0.0,equis
S012-940,,,,,RainyHeadwaters,0.0,equis
S010-275,,,,,RainyHeadwaters,0.0,equis
S010-312,,,,,RainyHeadwaters,0.0,equis
S007-613,,,,,RainyHeadwaters,0.0,equis
S002-755,,,,,RainyHeadwaters,0.0,equis
S002-758,,,,,RainyHeadwaters,0.0,equis
S000-914,,,,,RainyHeadwaters,0.0,equis
S012-937,,,,,RainyHeadwaters,0.0,equis
S007-782,,,,,RainyHeadwaters,0.0,equis
S002-820,,,,,RainyHeadwaters,0.0,equis
S000-118,,,,,RainyHeadwaters,0.0,equis
S003-840,,,,,RainyHeadwaters,0.0,equis
S007-905,,,,,RainyHeadwaters,0.0,equis
S013-281,,,,,RainyHeadwaters,0.0,equis
S012-919,,,,,RainyHeadwaters,0.0,equis
S011-338,,,,,RainyHeadwaters,0.0,equis
S012-921,,,,,RainyHeadwaters,0.0,equis
S017-508,,,,,RainyHeadwaters,0.0,equis
S012-922,,,,,RainyHeadwaters,0.0,equis
S012-923,,,,,RainyHeadwaters,0.0,equis
S012-918,,,,,RainyHeadwaters,0.0,equis
S012-925,,,,,RainyHeadwaters,0.0,equis
S012-924,,,,,RainyHeadwaters,0.0,equis
S016-797,,,,,RainyHeadwaters,0.0,equis
S012-926,,,,,RainyHeadwaters,0.0,equis
S013-282,,,,,RainyHeadwaters,0.0,equis
S008-615,,,,,RainyHeadwaters,0.0,equis
S008-606,,,,,RainyHeadwaters,0.0,equis
S008-614,,,,,RainyHeadwaters,0.0,equis
S012-928,,,,,RainyHeadwaters,0.0,equis
S002-759,,,,,RainyHeadwaters,0.0,equis
S002-806,,,,,RainyHeadwaters,0.0,equis
S012-930,,,,,RainyHeadwaters,0.0,equis
S012-916,,,,,RainyHeadwaters,0.0,equis
S017-507,,,,,RainyHeadwaters,0.0,equis
S007-903,,,,,RainyHeadwaters,0.0,equis
S013-278,,,,,RainyHeadwaters,0.0,equis
S010-228,,,,,RainyHeadwaters,0.0,equis
S012-920,,,,,RainyHeadwaters,0.0,equis
S007-912,,,,,RainyHeadwaters,0.0,equis
S011-335,,,,,RainyHeadwaters,0.0,equis
S010-202,,,,,RainyHeadwaters,0.0,equis
S007-910,,,,,RainyHeadwaters,0.0,equis
S006-868,,,,,RainyHeadwaters,0.0,equis
S002-812,,,,,RainyHeadwaters,0.0,equis
S014-878,,,,,RainyHeadwaters,0.0,equis
S014-879,,,,,RainyHeadwaters,0.0,equis
S014-880,,,,,RainyHeadwaters,0.0,equis
S014-883,,,,,RainyHeadwaters,0.0,equis
S002-818,,,,,RainyHeadwaters,0.0,equis
S014-881,,,,,RainyHeadwaters,0.0,equis
S014-884,,,,,RainyHeadwaters,0.0,equis
S014-885,,,,,RainyHeadwaters,0.0,equis
S008-399,,,,,RainyHeadwaters,0.0,equis
S012-945,,,,,RainyHeadwaters,0.0,equis
S002-807,,,,,RainyHeadwaters,0.0,equis
S000-107,,,,,RainyHeadwaters,0.0,equis
S012-906,,,,,RainyHeadwaters,0.0,equis
S000-912,,,,,RainyHeadwaters,0.0,equis
S006-768,,,,,RainyHeadwaters,0.0,equis
S006-768,,,,,RainyHeadwaters,0.0,equis
S006-766,,,,,RainyHeadwaters,0.0,equis
S006-767,,,,,RainyHeadwaters,0.0,equis
S006-767,,,,,RainyHeadwaters,0.0,equis
S006-766,,,,,RainyHeadwaters,0.0,equis
S008-616,,,,,RainyHeadwaters,0.0,equis
S010-220,,,,,RainyHeadwaters,0.0,equis
S012-927,,,,,RainyHeadwaters,0.0,equis
S012-917,,,,,RainyHeadwaters,0.0,equis
S000-007,,,,,RainyLake,0.0,equis
S000-716,,,,,RainyLake,0.0,equis
S000-717,,,,,RainyLake,0.0,equis
S000-714,,,,,RainyLake,0.0,equis
S000-718,,,,,RainyLake,0.0,equis
S000-715,,,,,RainyLake,0.0,equis
S000-335,,,,,RainyLake,0.0,equis
S000-280,,,,,RainyLake,0.0,equis
S017-334,,,,,RainyLake,0.0,equis
S009-450,,,,,RainyLake,0.0,equis
S015-068,,,,,RainyLake,0.0,equis
S015-072,,,,,RainyLake,0.0,equis
S015-073,,,,,RainyLake,0.0,equis
S008-601,,,,,RainyLake,0.0,equis
S008-622,,,,,RainyLake,0.0,equis
S007-902,,,,,RainyLake,0.0,equis
S014-216,,,,,RainyLake,0.0,equis
S002-706,,,,,RainyLake,0.0,equis
S015-009,,,,,RainyLake,0.0,equis
S000-106,,,,,RainyLake,0.0,equis
S002-853,,,,,RainyLake,0.0,equis
S010-206,,,,,RainyLake,0.0,equis
S008-610,,,,,RainyLake,0.0,equis
S012-911,,,,,RainyLake,0.0,equis
S014-231,,,,,RainyLake,0.0,equis
S008-619,,,,,RainyLake,0.0,equis
S014-232,,,,,RainyLake,0.0,equis
S007-904,,,,,RainyLake,0.0,equis
S012-912,,,,,RainyLake,0.0,equis
S008-602,,,,,RainyLake,0.0,equis
S014-428,,,,,RainyLake,0.0,equis
S015-069,,,,,RainyLake,0.0,equis
S015-180,,,,,RainyLake,0.0,equis
S008-607,,,,,RainyLake,0.0,equis
S008-621,,,,,RainyLake,0.0,equis
S014-229,,,,,RainyLake,0.0,equis
S013-994,,,,,RainyLake,0.0,equis
S008-603,,,,,RainyLake,0.0,equis
S009-129,,,,,RainyLake,0.0,equis
S014-233,,,,,RainyLake,0.0,equis
S008-617,,,,,RainyLake,0.0,equis
S014-637,,,,,RainyLake,0.0,equis
S014-230,,,,,RainyLake,0.0,equis
S012-913,,,,,RainyLake,0.0,equis
S009-130,,,,,RainyLake,0.0,equis
S009-280,,,,,RainyLake,0.0,equis
S012-914,,,,,RainyLake,0.0,equis
S016-407,,,,,RainyLake,0.0,equis
S012-915,,,,,RainyLake,0.0,equis
S014-877,,,,,RainyLake,0.0,equis
S008-620,,,,,RainyLake,0.0,equis
S014-426,,,,,RainyLake,0.0,equis
S015-071,,,,,RainyLake,0.0,equis
S002-842,,,,,RainyLake,0.0,equis
S007-612,,,,,RainyLake,0.0,equis
S009-293,,,,,RainyLake,0.0,equis
S002-841,,,,,RainyLake,0.0,equis
S010-278,,,,,RainyLake,0.0,equis
S015-066,,,,,RainyLake,0.0,equis
S015-067,,,,,RainyLake,0.0,equis
S015-070,,,,,RainyLake,0.0,equis
S015-295,,,,,RainyLake,0.0,equis
S008-862,,,,,RainyRiver,0.0,equis
S010-298,,,,,RainyRiver,0.0,equis
S011-284,,,,,RainyRiver,0.0,equis
S013-393,,,,,RainyRiver,0.0,equis
S006-897,,,,,RainyRiver,0.0,equis
S008-857,,,,,RainyRiver,0.0,equis
S009-445,,,,,RainyRiver,0.0,equis
S010-242,,,,,RainyRiver,0.0,equis
S010-201,,,,,RainyRiver,0.0,equis
S010-195,,,,,RainyRiver,0.0,equis
S001-962,,,,,RainyRiver,0.0,equis
S014-447,,,,,RainyRiver,0.0,equis
S008-855,,,,,RainyRiver,0.0,equis
S009-742,,,,,RainyRiver,0.0,equis
S009-741,,,,,RainyRiver,0.0,equis
S008-853,,,,,RainyRiver,0.0,equis
S001-218,,,,,RainyRiver,0.0,equis
S010-301,,,,,RainyRiver,0.0,equis
S008-868,,,,,RainyRiver,0.0,equis
S008-379,,,,,RainyRiver,0.0,equis
S000-103,,,,,RainyRiver,0.0,equis
S000-029,,,,,RainyRiver,0.0,equis
S009-740,,,,,RainyRiver,0.0,equis
S010-300,,,,,RainyRiver,0.0,equis
S000-182,,,,,RainyRiver,0.0,equis
S013-390,,,,,RainyRiver,0.0,equis
S008-852,,,,,RainyRiver,0.0,equis
S010-224,,,,,RainyRiver,0.0,equis
S011-404,,,,,RainyRiver,0.0,equis
S014-464,,,,,RainyRiver,0.0,equis
S014-442,,,,,RainyRiver,0.0,equis
S014-444,,,,,RainyRiver,0.0,equis
S010-255,,,,,RainyRiver,0.0,equis
S014-450,,,,,RainyRiver,0.0,equis
S010-243,,,,,RainyRiver,0.0,equis
S014-451,,,,,RainyRiver,0.0,equis
S007-611,,,,,RainyRiver,0.0,equis
S010-194,,,,,RainyRiver,0.0,equis
S000-184,,,,,RainyRiver,0.0,equis
S009-451,,,,,RainyRiver,0.0,equis
S010-209,,,,,RainyRiver,0.0,equis
S009-452,,,,,RainyRiver,0.0,equis
S010-203,,,,,RainyRiver,0.0,equis
S014-454,,,,,RainyRiver,0.0,equis
S011-287,,,,,RainyRiver,0.0,equis
S014-463,,,,,RainyRiver,0.0,equis
S014-455,,,,,RainyRiver,0.0,equis
S010-261,,,,,RainyRiver,0.0,equis
S014-453,,,,,RainyRiver,0.0,equis
S014-457,,,,,RainyRiver,0.0,equis
S014-459,,,,,RainyRiver,0.0,equis
S008-347,,,,,RainyRiver,0.0,equis
S010-253,,,,,RainyRiver,0.0,equis
S014-460,,,,,RainyRiver,0.0,equis
S014-461,,,,,RainyRiver,0.0,equis
S009-453,,,,,RainyRiver,0.0,equis
S010-256,,,,,RainyRiver,0.0,equis
S014-462,,,,,RainyRiver,0.0,equis
S000-063,,,,,RainyRiver,0.0,equis
S008-865,,,,,RainyRiver,0.0,equis
S001-961,,,,,RainyRiver,0.0,equis
S008-867,,,,,RainyRiver,0.0,equis
S001-960,,,,,RainyRiver,0.0,equis
S013-388,,,,,RainyRiver,0.0,equis
S013-391,,,,,RainyRiver,0.0,equis
S017-205,,,,,RainyRiver,0.0,equis
S014-431,,,,,RainyRiver,0.0,equis
S014-429,,,,,RainyRiver,0.0,equis
S005-706,,,,,RainyRiver,0.0,equis
S014-985,,,,,RainyRiver,0.0,equis
S014-430,,,,,RainyRiver,0.0,equis
S014-432,,,,,RainyRiver,0.0,equis
S010-258,,,,,RainyRiver,0.0,equis
S009-447,,,,,RainyRiver,0.0,equis
S014-433,,,,,RainyRiver,0.0,equis
S014-434,,,,,RainyRiver,0.0,equis
S010-259,,,,,RainyRiver,0.0,equis
S014-449,,,,,RainyRiver,0.0,equis
S000-069,,,,,RainyRiver,0.0,equis
S005-707,,,,,RainyRiver,0.0,equis
S005-705,,,,,RainyRiver,0.0,equis
S005-702,,,,,RainyRiver,0.0,equis
S006-427,,,,,RainyRiver,0.0,equis
S006-428,,,,,RainyRiver,0.0,equis
S000-946,,,,,RainyRiver,0.0,equis
S006-429,,,,,RainyRiver,0.0,equis
S006-431,,,,,RainyRiver,0.0,equis
S006-432,,,,,RainyRiver,0.0,equis
S006-430,,,,,RainyRiver,0.0,equis
S006-433,,,,,RainyRiver,0.0,equis
S006-434,,,,,RainyRiver,0.0,equis
S004-622,,,,,RainyRiver,0.0,equis
S009-446,,,,,RainyRiver,0.0,equis
S014-234,,,,,RainyRiver,0.0,equis
S005-248,,,,,RainyRiver,0.0,equis
S010-257,,,,,RainyRiver,0.0,equis
S010-276,,,,,RainyRiver,0.0,equis
S014-435,,,,,RainyRiver,0.0,equis
S014-436,,,,,RainyRiver,0.0,equis
S013-387,,,,,RainyRiver,0.0,equis
S006-844,,,,,RainyRiver,0.0,equis
S001-964,,,,,RainyRiver,0.0,equis
S010-299,,,,,RainyRiver,0.0,equis
S008-863,,,,,RainyRiver,0.0,equis
S013-389,,,,,RainyRiver,0.0,equis
S000-064,,,,,RedLake,0.0,equis
S002-123,,,,,RedLake,0.0,equis
S006-912,,,,,RedLake,0.0,equis
S007-889,,,,,RedLake,0.0,equis
S012-133,,,,,RedLake,0.0,equis
S012-135,,,,,RedLake,0.0,equis
S008-177,,,,,RedLake,0.0,equis
S015-209,,,,,RedLake,0.0,equis
S002-077,,,,,RedLake,0.0,equis
S003-947,,,,,RedLake,0.0,equis
S007-063,,,,,RedLake,0.0,equis
S010-111,,,,,RedLake,0.0,equis
S012-156,,,,,RedLake,0.0,equis
S002-324,,,,,RedLake,0.0,equis
S002-076,,,,,RedLake,0.0,equis
S006-859,,,,,RedLake,0.0,equis
S008-496,,,,,RedLake,0.0,equis
S008-497,,,,,RedLake,0.0,equis
S008-498,,,,,RedLake,0.0,equis
S008-499,,,,,RedLake,0.0,equis
S016-767,,,,,RedLake,0.0,equis
S017-333,,,,,RedLake,0.0,equis
S006-861,,,,,RedLake,0.0,equis
S006-110,,,,,RedLake,0.0,equis
S016-617,,,,,RedLake,0.0,equis
S004-964,,,,,RedLake,0.0,equis
S006-225,,,,,RedLake,0.0,equis
S003-942,,,,,RedLake,0.0,equis
S010-185,,,,,RedLake,0.0,equis
S013-562,,,,,RedLake,0.0,equis
S008-893,,,,,RedLake,0.0,equis
S008-894,,,,,RedLake,0.0,equis
S008-892,,,,,RedLake,0.0,equis
S008-890,,,,,RedLake,0.0,equis
S008-891,,,,,RedLake,0.0,equis
S008-889,,,,,RedLake,0.0,equis
S004-965,,,,,RedLake,0.0,equis
S009-431,,,,,RedLake,0.0,equis
S009-432,,,,,RedLake,0.0,equis
S009-428,,,,,RedLake,0.0,equis
S009-429,,,,,RedLake,0.0,equis
S008-174,,,,,RedLake,0.0,equis
S009-426,,,,,RedLake,0.0,equis
S009-427,,,,,RedLake,0.0,equis
S010-522,,,,,RedLake,0.0,equis
S005-683,,,,,RedLake,0.0,equis
S012-150,,,,,RedLake,0.0,equis
S012-157,,,,,RedLake,0.0,equis
S003-571,,,,,RedLake,0.0,equis
S003-172,,,,,RedLake,0.0,equis
S002-975,,,,,RedLake,0.0,equis
S008-097,,,,,RedLake,0.0,equis
S011-294,,,,,RedLake,0.0,equis
S012-161,,,,,RedLake,0.0,equis
S008-166,,,,,RedLake,0.0,equis
S008-165,,,,,RedLake,0.0,equis
S009-410,,,,,RedLake,0.0,equis
S008-170,,,,,RedLake,0.0,equis
S004-818,,,,,RedLake,0.0,equis
S008-169,,,,,RedLake,0.0,equis
S008-168,,,,,RedLake,0.0,equis
S008-167,,,,,RedLake,0.0,equis
S010-126,,,,,RedLake,0.0,equis
S009-420,,,,,RedLake,0.0,equis
S009-419,,,,,RedLake,0.0,equis
S006-664,,,,,RedLake,0.0,equis
S009-416,,,,,RedLake,0.0,equis
S009-418,,,,,RedLake,0.0,equis
S009-417,,,,,RedLake,0.0,equis
S010-523,,,,,RedLake,0.0,equis
S009-422,,,,,RedLake,0.0,equis
S009-415,,,,,RedLake,0.0,equis
S009-413,,,,,RedLake,0.0,equis
S003-948,,,,,RedLake,0.0,equis
S009-414,,,,,RedLake,0.0,equis
S003-943,,,,,RedLake,0.0,equis
S008-112,,,,,RedLake,0.0,equis
S009-411,,,,,RedLake,0.0,equis
S009-412,,,,,RedLake,0.0,equis
S010-182,,,,,RedLake,0.0,equis
S008-102,,,,,RedLake,0.0,equis
S007-609,,,,,RedLake,0.0,equis
S004-817,,,,,RedLake,0.0,equis
S009-424,,,,,RedLake,0.0,equis
S009-425,,,,,RedLake,0.0,equis
S009-423,,,,,RedLake,0.0,equis
S008-116,,,,,RedLake,0.0,equis
S008-111,,,,,RedLake,0.0,equis
S002-132,,,,,RedLake,0.0,equis
S008-098,,,,,RedLake,0.0,equis
S012-154,,,,,RedLake,0.0,equis
S008-107,,,,,RedLake,0.0,equis
S003-173,,,,,RedLake,0.0,equis
S002-976,,,,,RedLake,0.0,equis
S014-920,,,,,RedLake,0.0,equis
S010-512,,,,,RedLake,0.0,equis
S008-100,,,,,RedLake,0.0,equis
S008-106,,,,,RedLake,0.0,equis
S010-139,,,,,RedLake,0.0,equis
S008-110,,,,,RedLake,0.0,equis
S008-099,,,,,RedLake,0.0,equis
S008-113,,,,,RedLake,0.0,equis
S008-114,,,,,RedLake,0.0,equis
S008-108,,,,,RedLake,0.0,equis
S004-835,,,,,RedLake,0.0,equis
S014-990,,,,,RedLake,0.0,equis
S008-105,,,,,RedLake,0.0,equis
S008-101,,,,,RedLake,0.0,equis
S004-058,,,,,RedLake,0.0,equis
S007-060,,,,,RedLake,0.0,equis
S008-104,,,,,RedLake,0.0,equis
S008-103,,,,,RedLake,0.0,equis
S008-109,,,,,RedLake,0.0,equis
S008-173,,,,,RedLake,0.0,equis
S008-172,,,,,RedLake,0.0,equis
S012-146,,,,,RedLake,0.0,equis
S000-042,,,,,RedLake,0.0,equis
S016-611,,,,,RedLake,0.0,equis
S017-178,,,,,RedLake,0.0,equis
S017-320,,,,,RedLake,0.0,equis
S017-321,,,,,RedLake,0.0,equis
S007-062,,,,,RedLake,0.0,equis
S002-080,,,,,RedLake,0.0,equis
S002-973,,,,,RedLake,0.0,equis
S012-158,,,,,RedLake,0.0,equis
S002-971,,,,,RedLake,0.0,equis
S010-142,,,,,RedLake,0.0,equis
S012-132,,,,,RedLake,0.0,equis
S012-160,,,,,RedLake,0.0,equis
S007-059,,,,,RedLake,0.0,equis
S012-155,,,,,RedLake,0.0,equis
S007-650,,,,,RedLake,0.0,equis
S007-649,,,,,RedLake,0.0,equis
S007-653,,,,,RedLake,0.0,equis
S007-647,,,,,RedLake,0.0,equis
S007-648,,,,,RedLake,0.0,equis
S007-646,,,,,RedLake,0.0,equis
S007-644,,,,,RedLake,0.0,equis
S007-652,,,,,RedLake,0.0,equis
S007-645,,,,,RedLake,0.0,equis
S007-651,,,,,RedLake,0.0,equis
S007-638,,,,,RedLake,0.0,equis
S007-639,,,,,RedLake,0.0,equis
S007-640,,,,,RedLake,0.0,equis
S007-641,,,,,RedLake,0.0,equis
S007-642,,,,,RedLake,0.0,equis
S007-643,,,,,RedLake,0.0,equis
S008-895,,,,,RedLake,0.0,equis
S007-633,,,,,RedLake,0.0,equis
S007-634,,,,,RedLake,0.0,equis
S002-081,,,,,RedLake,0.0,equis
S007-635,,,,,RedLake,0.0,equis
S007-636,,,,,RedLake,0.0,equis
S007-637,,,,,RedLake,0.0,equis
S012-144,,,,,RedLake,0.0,equis
S007-631,,,,,RedLake,0.0,equis
S007-632,,,,,RedLake,0.0,equis
S012-162,,,,,RedLake,0.0,equis
S002-972,,,,,RedLake,0.0,equis
S008-176,,,,,RedLake,0.0,equis
S006-719,,,,,RedLake,0.0,equis
S007-630,,,,,RedLake,0.0,equis
S007-058,,,,,RedLake,0.0,equis
S017-179,,,,,RedLake,0.0,equis
S000-031,,,,,RedLake,0.0,equis
S002-983,,,,,RedLake,0.0,equis
S012-159,,,,,RedLake,0.0,equis
S014-662,,,,,RedLake,0.0,equis
S002-098,,,,,RedLake,0.0,equis
S008-334,,,,,RedLake,0.0,equis
S006-642,,,,,RedLake,0.0,equis
S007-061,,,,,RedLake,0.0,equis
S014-946,,,,,RedLake,0.0,equis
S001-222,,,,,RedLake,0.0,equis
S000-013,,,,,RedLake,0.0,equis
S002-963,,,,,RedLake,0.0,equis
S007-234,,,,,RedLake,0.0,equis
S003-944,,,,,RedLake,0.0,equis
S003-955,11.0,11,likely backwater effects,,RedLakes,0.0,equis
S007-888,,,,,RedLakes,0.0,equis
S017-937,,,,,RedLakes,0.0,equis
S012-868,,,,,RedLakes,0.0,equis
S008-363,,,,,RedLakes,0.0,equis
S007-886,77.0,77,,,RedLakes,0.0,equis
S012-869,,,,,RedLakes,0.0,equis
S007-885,131.0,131,,,RedLakes,0.0,equis
S012-871,,,,,RedLakes,0.0,equis
S007-887,170.0,170,,,RedLakes,0.0,equis
S003-954,,,,,RedLakes,0.0,equis
S003-953,,,,,RedLakes,0.0,equis
S007-884,215.0,215,,,RedLakes,0.0,equis
S012-866,,,,,RedLakes,0.0,equis
S003-962,,,,,RedLakes,0.0,equis
S012-864,,,,,RedLakes,0.0,equis
S010-168,,,,,RedLakes,0.0,equis
S003-952,265.0,265,,,RedLakes,0.0,equis
S012-865,,,,,RedLakes,0.0,equis
S011-178,,,,,RedLakes,0.0,equis
S002-968,,,,,RedLakes,0.0,equis
S012-867,,,,,RedLakes,0.0,equis
S012-863,,,,,RedLakes,0.0,equis
S007-606,,,,,RedLakes,0.0,equis
S010-101,,,,,RedLakes,0.0,equis
S017-844,,,,,RedLakes,0.0,equis
S017-980,,,,,RedLakes,0.0,equis
S012-862,,,,,RedLakes,0.0,equis
S017-979,,,,,RedLakes,0.0,equis
S003-961,277.0,277,,,RedLakes,0.0,equis
S012-857,,,,,RedLakes,0.0,equis
S006-684,,,,,RedLakes,0.0,equis
S012-860,,,,,RedLakes,0.0,equis
S010-144,,,,,RedLakes,0.0,equis
S012-859,,,,,RedLakes,0.0,equis
S010-104,,,,,RedLakes,0.0,equis
S012-858,,,,,RedLakes,0.0,equis
S010-149,,,,,RedLakes,0.0,equis
S004-834,295.0,"293,283",,,RedLakes,0.0,equis
S007-883,301.0,301,,,RedLakes,0.0,equis
S000-959,,,,,RedLakes,0.0,equis
S000-958,,,,,RedLakes,0.0,equis
S000-957,,,,,RedLakes,0.0,equis
S000-960,,,,,RedLakes,0.0,equis
S000-956,,,,,RedLakes,0.0,equis
S000-387,,,,,RedLakes,0.0,equis
S000-388,,,,,RedLakes,0.0,equis
S000-389,,,,,RedLakes,0.0,equis
S000-955,,,,,RedLakes,0.0,equis
S017-840,,,,,RedLakes,0.0,equis
S010-124,,,,,RedLakes,0.0,equis
S004-831,305.0,305,middle of long reach,,RedLakes,0.0,equis
S004-833,311.0,311,,,RedLakes,0.0,equis
S018-009,,,,,RedLakes,0.0,equis
S009-251,,,,,RedLakes,0.0,equis
S004-832,314.0,314,,,RedLakes,0.0,equis
S012-854,,,,,RedLakes,0.0,equis
S012-873,,,,,RedLakes,0.0,equis
S010-150,,,,,RedLakes,0.0,equis
S002-969,321.0,"301,319",,,RedLakes,0.0,equis
S014-609,,,,,RedLakes,0.0,equis
S017-406,,,,,RedLakes,0.0,equis
S003-963,,,,,RedLakes,0.0,equis
S007-882,323.0,323,,,RedLakes,0.0,equis
S012-861,,,,,RedLakes,0.0,equis
S007-880,,,,,RedLakes,0.0,equis
S017-842,,,,,RedLakes,0.0,equis
S002-085,,,,,RedLakes,0.0,equis
S007-881,339.0,339,,,RedLakes,0.0,equis
S012-853,,,,,RedLakes,0.0,equis
S012-872,,,,,RedLakes,0.0,equis
S002-970,,,,,RedLakes,0.0,equis
S007-879,343.0,343,,,RedLakes,0.0,equis
S003-956,,,,,RedLakes,0.0,equis
S012-870,,,,,RedLakes,0.0,equis
S010-163,,,,,RedLakes,0.0,equis
S007-878,,,,,RedLakes,0.0,equis
S012-852,,,,,RedLakes,0.0,equis
S017-452,,,,,RedLakes,0.0,equis
S017-454,,,,,RedLakes,0.0,equis
S017-455,,,,,RedLakes,0.0,equis
S017-845,,,,,RedLakes,0.0,equis
S008-872,,,,,RedLakes,0.0,equis
S012-851,,,,,RedLakes,0.0,equis
S017-451,,,,,RedLakes,0.0,equis
S017-453,,,,,RedLakes,0.0,equis
S007-877,,,,,RedLakes,0.0,equis
S003-949,,,,,RedLakes,0.0,equis
S003-951,,,,,RedLakes,0.0,equis
S006-165,,,,,RedLakes,0.0,equis
S003-964,,,,,RedLakes,0.0,equis
S003-950,,,,,RedLakes,0.0,equis
S000-064,,,,,RedLakes,0.0,equis
S006-795,,,,,Redeye,0.0,equis
S006-795,,,,,Redeye,0.0,equis
S005-725,,,,,Redeye,0.0,equis
S001-931,,,,,Redeye,0.0,equis
S001-433,,,,,Redeye,0.0,equis
S007-417,,,,,Redeye,0.0,equis
S007-416,,,,,Redeye,0.0,equis
S012-045,,,,,Redeye,0.0,equis
S014-081,,,,,Redeye,0.0,equis
S005-729,,,,,Redeye,0.0,equis
S006-916,,,,,Redeye,0.0,equis
S006-848,,,,,Redeye,0.0,equis
S012-026,,,,,Redeye,0.0,equis
S001-153,,,,,Redeye,0.0,equis
S008-317,,,,,Redeye,0.0,equis
S017-377,,,,,Redeye,0.0,equis
S004-346,,,,,Redeye,0.0,equis
S012-025,,,,,Redeye,0.0,equis
S014-086,,,,,Redeye,0.0,equis
S005-727,,,,,Redeye,0.0,equis
S012-029,,,,,Redeye,0.0,equis
S001-593,,,,,Redeye,0.0,equis
S005-726,,,,,Redeye,0.0,equis
S002-461,,,,,Redeye,0.0,equis
S004-038,,,,,Redeye,0.0,equis
S006-669,,,,,Redeye,0.0,equis
S016-684,,,,,Redeye,0.0,equis
S005-728,,,,,Redeye,0.0,equis
S007-423,,,,,Redeye,0.0,equis
S012-028,,,,,Redeye,0.0,equis
S007-424,,,,,Redeye,0.0,equis
S005-730,,,,,Redeye,0.0,equis
S007-422,,,,,Redeye,0.0,equis
S012-032,,,,,Redeye,0.0,equis
S007-425,,,,,Redeye,0.0,equis
S007-426,,,,,Redeye,0.0,equis
S007-427,,,,,Redeye,0.0,equis
S012-048,,,,,Redeye,0.0,equis
S005-401,,,,,Redeye,0.0,equis
S002-460,,,,,Redeye,0.0,equis
S008-935,,,,,Redeye,0.0,equis
S002-958,,,,,Redeye,0.0,equis
S005-724,,,,,Redeye,0.0,equis
S012-616,,,,,Redeye,0.0,equis
S017-915,,,,,Redeye,0.0,equis
S012-051,,,,,Redeye,0.0,equis
S009-589,,,,,Redeye,0.0,equis
S012-050,,,,,Redeye,0.0,equis
S007-421,,,,,Redeye,0.0,equis
S000-985,,,,,Redeye,0.0,equis
S003-925,,,,,Redeye,0.0,equis
S007-428,,,,,Redeye,0.0,equis
S012-612,,,,,Redeye,0.0,equis
S012-613,,,,,Redeye,0.0,equis
S000-989,,,,,Redeye,0.0,equis
S000-990,,,,,Redeye,0.0,equis
S000-988,,,,,Redeye,0.0,equis
S001-002,,,,,Redeye,0.0,equis
S000-987,,,,,Redeye,0.0,equis
S005-732,,,,,Redeye,0.0,equis
S007-429,,,,,Redeye,0.0,equis
S008-306,,,,,Redeye,0.0,equis
S000-986,,,,,Redeye,0.0,equis
S012-034,,,,,Redeye,0.0,equis
S001-614,,,,,Redeye,0.0,equis
S012-047,,,,,Redeye,0.0,equis
S006-849,,,,,Redeye,0.0,equis
S012-035,,,,,Redeye,0.0,equis
S012-037,,,,,Redeye,0.0,equis
S016-683,,,,,Redeye,0.0,equis
S012-036,,,,,Redeye,0.0,equis
S012-038,,,,,Redeye,0.0,equis
S012-039,,,,,Redeye,0.0,equis
S012-043,,,,,Redeye,0.0,equis
S014-652,,,,,Redeye,0.0,equis
S012-044,,,,,Redeye,0.0,equis
S007-420,,,,,Redeye,0.0,equis
S007-419,,,,,Redeye,0.0,equis
S007-418,,,,,Redeye,0.0,equis
S012-041,,,,,Redeye,0.0,equis
S012-042,,,,,Redeye,0.0,equis
S016-500,,,,,Redeye,0.0,equis
S013-677,,,,,Redwood,0.0,equis
S014-377,,,,,Redwood,0.0,equis
S014-353,,,,,Redwood,0.0,equis
S014-356,,,,,Redwood,0.0,equis
S014-354,,,,,Redwood,0.0,equis
S014-378,,,,,Redwood,0.0,equis
S017-404,,,,,Redwood,0.0,equis
S014-357,,,,,Redwood,0.0,equis
S013-678,,,,,Redwood,0.0,equis
S014-359,,,,,Redwood,0.0,equis
S009-713,,,,,Redwood,0.0,equis
S014-352,,,,,Redwood,0.0,equis
S017-405,,,,,Redwood,0.0,equis
S002-315,,,,,Redwood,0.0,equis
S013-674,,,,,Redwood,0.0,equis
S013-675,,,,,Redwood,0.0,equis
S014-261,,,,,Redwood,0.0,equis
S017-403,,,,,Redwood,0.0,equis
S003-703,,,,,Redwood,0.0,equis
S013-676,,,,,Redwood,0.0,equis
S013-673,,,,,Redwood,0.0,equis
S013-672,,,,,Redwood,0.0,equis
S014-351,,,,,Redwood,0.0,equis
S014-380,,,,,Redwood,0.0,equis
S014-358,,,,,Redwood,0.0,equis
S014-362,,,,,Redwood,0.0,equis
S009-785,,,,,Redwood,0.0,equis
S013-684,,,,,Redwood,0.0,equis
S014-376,,,,,Redwood,0.0,equis
S000-696,,,,,Redwood,0.0,equis
S000-889,,,,,Redwood,0.0,equis
S000-783,,,,,Redwood,0.0,equis
S001-205,,,,,Redwood,0.0,equis
S000-888,,,,,Redwood,0.0,equis
S000-694,,,,,Redwood,0.0,equis
S000-695,,,,,Redwood,0.0,equis
S000-693,,,,,Redwood,0.0,equis
S003-702,,,,,Redwood,0.0,equis
S013-200,,,,,Redwood,0.0,equis
S013-608,,,,,Redwood,0.0,equis
S013-680,,,,,Redwood,0.0,equis
S002-314,,,,,Redwood,0.0,equis
S013-679,,,,,Redwood,0.0,equis
S013-685,,,,,Redwood,0.0,equis
S014-379,,,,,Redwood,0.0,equis
S014-367,,,,,Redwood,0.0,equis
S009-023,,,,,Redwood,0.0,equis
S017-345,,,,,Redwood,0.0,equis
S013-681,,,,,Redwood,0.0,equis
S002-185,,,,,Redwood,0.0,equis
S001-204,,,,,Redwood,0.0,equis
S001-203,,,,,Redwood,0.0,equis
S013-682,,,,,Redwood,0.0,equis
S001-202,,,,,Redwood,0.0,equis
S014-374,,,,,Redwood,0.0,equis
S014-371,,,,,Redwood,0.0,equis
S014-372,,,,,Redwood,0.0,equis
S001-199,,,,,Redwood,0.0,equis
S001-200,,,,,Redwood,0.0,equis
S001-201,,,,,Redwood,0.0,equis
S014-369,,,,,Redwood,0.0,equis
S014-364,,,,,Redwood,0.0,equis
S013-686,,,,,Redwood,0.0,equis
S002-312,,,,,Redwood,0.0,equis
S002-313,,,,,Redwood,0.0,equis
S013-683,,,,,Redwood,0.0,equis
S014-363,,,,,Redwood,0.0,equis
S014-361,,,,,Redwood,0.0,equis
S014-360,,,,,Redwood,0.0,equis
S014-375,,,,,Redwood,0.0,equis
S013-688,,,,,Redwood,0.0,equis
S017-903,,,,,Redwood,0.0,equis
S013-687,,,,,Redwood,0.0,equis
S014-365,,,,,Redwood,0.0,equis
S001-700,,,,,Redwood,0.0,equis
S010-491,,,,,Redwood,0.0,equis
S013-691,,,,,Redwood,0.0,equis
S014-373,,,,,Redwood,0.0,equis
S009-709,,,,,Redwood,0.0,equis
S013-695,,,,,Redwood,0.0,equis
S014-370,,,,,Redwood,0.0,equis
S014-366,,,,,Redwood,0.0,equis
S013-643,,,,,Redwood,0.0,equis
S004-299,,,,,Redwood,0.0,equis
S013-689,,,,,Redwood,0.0,equis
S013-690,,,,,Redwood,0.0,equis
S004-387,,,,,Redwood,0.0,equis
S010-088,,,,,Redwood,0.0,equis
S004-606,,,,,Redwood,0.0,equis
S004-604,,,,,Redwood,0.0,equis
S010-495,,,,,Redwood,0.0,equis
S013-644,,,,,Redwood,0.0,equis
S013-696,,,,,Redwood,0.0,equis
S014-368,,,,,Redwood,0.0,equis
S014-641,,,,,Redwood,0.0,equis
S004-386,,,,,Redwood,0.0,equis
S004-602,,,,,Redwood,0.0,equis
S000-419,,,,,Redwood,0.0,equis
S000-299,,,,,Redwood,0.0,equis
S013-697,,,,,Redwood,0.0,equis
S014-350,,,,,Redwood,0.0,equis
S004-605,,,,,Redwood,0.0,equis
S002-310,,,,,Redwood,0.0,equis
S004-603,,,,,Redwood,0.0,equis
S001-679,,,,,Redwood,0.0,equis
S006-973,,,,,Redwood,0.0,equis
S013-693,,,,,Redwood,0.0,equis
S013-694,,,,,Redwood,0.0,equis
S002-311,,,,,Redwood,0.0,equis
S009-454,,,,,Redwood,0.0,equis
S013-692,,,,,Redwood,0.0,equis
S017-286,,,,,RenoUpperIA,0.0,equis
S009-029,,,,,RenoUpperIA,0.0,equis
S009-027,,,,,RenoUpperIA,0.0,equis
S013-084,,,,,RenoUpperIA,0.0,equis
S003-794,,,,,RenoUpperIA,0.0,equis
S013-080,,,,,RenoUpperIA,0.0,equis
S013-081,,,,,RenoUpperIA,0.0,equis
S006-643,,,,,RenoUpperIA,0.0,equis
S009-025,,,,,RenoUpperIA,0.0,equis
S008-436,,,,,RenoUpperIA,0.0,equis
S000-120,,,,,RenoUpperIA,0.0,equis
S004-666,,,,,RenoUpperIA,0.0,equis
S000-611,,,,,RenoUpperIA,0.0,equis
S014-249,,,,,RenoUpperIA,0.0,equis
S000-612,,,,,RenoUpperIA,0.0,equis
S000-549,,,,,RenoUpperIA,0.0,equis
S000-548,,,,,RenoUpperIA,0.0,equis
S000-094,,,,,RenoUpperIA,0.0,equis
S009-026,,,,,RenoUpperIA,0.0,equis
S013-077,,,,,RenoUpperIA,0.0,equis
S005-493,,,,,RenoUpperIA,0.0,equis
S009-024,,,,,RenoUpperIA,0.0,equis
S005-494,,,,,RenoUpperIA,0.0,equis
S005-495,,,,,RenoUpperIA,0.0,equis
S009-933,,,,,RenoUpperIA,0.0,equis
S007-556,,,,,RenoUpperIA,0.0,equis
S007-222,,,,,RenoUpperIA,0.0,equis
S008-696,,,,,RenoUpperIA,0.0,equis
S008-685,,,,,RenoUpperIA,0.0,equis
S008-681,,,,,RenoUpperIA,0.0,equis
S008-691,,,,,RenoUpperIA,0.0,equis
S008-689,,,,,RenoUpperIA,0.0,equis
S008-690,,,,,RenoUpperIA,0.0,equis
S008-683,,,,,RenoUpperIA,0.0,equis
S008-693,,,,,RenoUpperIA,0.0,equis
S001-414,,,,,RenoUpperIA,0.0,equis
S008-694,,,,,RenoUpperIA,0.0,equis
S008-695,,,,,RenoUpperIA,0.0,equis
S013-073,,,,,RenoUpperIA,0.0,equis
S008-680,,,,,RenoUpperIA,0.0,equis
S008-692,,,,,RenoUpperIA,0.0,equis
S013-071,,,,,RenoUpperIA,0.0,equis
S013-062,,,,,RenoUpperIA,0.0,equis
S008-667,,,,,RenoUpperIA,0.0,equis
S008-675,,,,,RenoUpperIA,0.0,equis
S008-679,,,,,RenoUpperIA,0.0,equis
S009-925,,,,,RenoUpperIA,0.0,equis
S008-698,,,,,RenoUpperIA,0.0,equis
S008-678,,,,,RenoUpperIA,0.0,equis
S008-676,,,,,RenoUpperIA,0.0,equis
S008-697,,,,,RenoUpperIA,0.0,equis
S008-677,,,,,RenoUpperIA,0.0,equis
S013-090,,,,,RenoUpperIA,0.0,equis
S008-687,,,,,RenoUpperIA,0.0,equis
S008-688,,,,,RenoUpperIA,0.0,equis
S013-059,,,,,RenoUpperIA,0.0,equis
S008-437,,,,,RenoUpperIA,0.0,equis
S008-666,,,,,RenoUpperIA,0.0,equis
S013-067,,,,,RenoUpperIA,0.0,equis
S008-438,,,,,RenoUpperIA,0.0,equis
S001-413,,,,,RenoUpperIA,0.0,equis
S008-939,,,,,RenoUpperIA,0.0,equis
S001-415,,,,,RenoUpperIA,0.0,equis
S008-674,,,,,RenoUpperIA,0.0,equis
S009-944,,,,,RenoUpperIA,0.0,equis
S000-178,,,,,RenoUpperIA,0.0,equis
S008-669,,,,,RenoUpperIA,0.0,equis
S009-730,,,,,RenoUpperIA,0.0,equis
S008-686,,,,,RenoUpperIA,0.0,equis
S008-668,,,,,RenoUpperIA,0.0,equis
S008-439,,,,,RenoUpperIA,0.0,equis
S013-055,,,,,RenoUpperIA,0.0,equis
S013-057,,,,,RenoUpperIA,0.0,equis
S008-670,,,,,RenoUpperIA,0.0,equis
S000-610,,,,,RenoUpperIA,0.0,equis
S003-796,,,,,RenoUpperIA,0.0,equis
S013-079,,,,,RenoUpperIA,0.0,equis
S008-665,,,,,RenoUpperIA,0.0,equis
S000-975,,,,,Rock,0.0,equis
S000-974,,,,,Rock,0.0,equis
S000-976,,,,,Rock,0.0,equis
S010-056,,,,,Rock,0.0,equis
S000-973,,,,,Rock,0.0,equis
S006-798,,,,,Rock,0.0,equis
S006-798,,,,,Rock,0.0,equis
S006-796,,,,,Rock,0.0,equis
S006-796,,,,,Rock,0.0,equis
S006-797,,,,,Rock,0.0,equis
S006-797,,,,,Rock,0.0,equis
S011-948,,,,,Rock,0.0,equis
S010-038,,,,,Rock,0.0,equis
S011-962,,,,,Rock,0.0,equis
S007-049,,,,,Rock,0.0,equis
S011-924,,,,,Rock,0.0,equis
S010-041,,,,,Rock,0.0,equis
S012-462,,,,,Rock,0.0,equis
S007-378,,,,,Rock,0.0,equis
S007-377,,,,,Rock,0.0,equis
S011-954,,,,,Rock,0.0,equis
S006-633,,,,,Rock,0.0,equis
S011-968,,,,,Rock,0.0,equis
S011-949,,,,,Rock,0.0,equis
S007-368,,,,,Rock,0.0,equis
S011-963,,,,,Rock,0.0,equis
S011-925,,,,,Rock,0.0,equis
S007-048,,,,,Rock,0.0,equis
S014-668,,,,,Rock,0.0,equis
S011-955,,,,,Rock,0.0,equis
S006-576,,,,,Rock,0.0,equis
S011-952,,,,,Rock,0.0,equis
S010-049,,,,,Rock,0.0,equis
S011-927,,,,,Rock,0.0,equis
S007-371,,,,,Rock,0.0,equis
S006-060,,,,,Rock,0.0,equis
S006-577,,,,,Rock,0.0,equis
S010-039,,,,,Rock,0.0,equis
S011-926,,,,,Rock,0.0,equis
S011-953,,,,,Rock,0.0,equis
S007-370,,,,,Rock,0.0,equis
S011-930,,,,,Rock,0.0,equis
S011-931,,,,,Rock,0.0,equis
S006-578,,,,,Rock,0.0,equis
S007-376,,,,,Rock,0.0,equis
S011-945,,,,,Rock,0.0,equis
S007-372,,,,,Rock,0.0,equis
S011-928,,,,,Rock,0.0,equis
S007-046,,,,,Rock,0.0,equis
S007-375,,,,,Rock,0.0,equis
S011-919,,,,,Rock,0.0,equis
S014-628,,,,,Rock,0.0,equis
S010-052,,,,,Rock,0.0,equis
S011-917,,,,,Rock,0.0,equis
S016-780,,,,,Rock,0.0,equis
S011-918,,,,,Rock,0.0,equis
S006-168,,,,,Rock,0.0,equis
S006-169,,,,,Rock,0.0,equis
S011-920,,,,,Rock,0.0,equis
S011-957,,,,,Rock,0.0,equis
S010-037,,,,,Rock,0.0,equis
S004-390,,,,,Rock,0.0,equis
S011-946,,,,,Rock,0.0,equis
S011-956,,,,,Rock,0.0,equis
S011-932,,,,,Rock,0.0,equis
S014-655,,,,,Rock,0.0,equis
S005-809,,,,,Rock,0.0,equis
S011-942,,,,,Rock,0.0,equis
S004-927,,,,,Rock,0.0,equis
S010-055,,,,,Rock,0.0,equis
S011-929,,,,,Rock,0.0,equis
S011-958,,,,,Rock,0.0,equis
S011-950,,,,,Rock,0.0,equis
S011-933,,,,,Rock,0.0,equis
S011-951,,,,,Rock,0.0,equis
S006-904,,,,,Rock,0.0,equis
S016-553,,,,,Rock,0.0,equis
S011-934,,,,,Rock,0.0,equis
S007-047,,,,,Rock,0.0,equis
S000-015,,,,,Rock,0.0,equis
S000-689,,,,,Rock,0.0,equis
S000-014,,,,,Rock,0.0,equis
S000-690,,,,,Rock,0.0,equis
S011-969,,,,,Rock,0.0,equis
S011-935,,,,,Rock,0.0,equis
S007-380,,,,,Rock,0.0,equis
S017-397,,,,,Rock,0.0,equis
S010-506,,,,,Rock,0.0,equis
S011-943,,,,,Rock,0.0,equis
S011-961,,,,,Rock,0.0,equis
S001-360,,,,,Rock,0.0,equis
S006-606,,,,,Rock,0.0,equis
S010-053,,,,,Rock,0.0,equis
S000-688,,,,,Rock,0.0,equis
S010-043,,,,,Rock,0.0,equis
S000-687,,,,,Rock,0.0,equis
S016-637,,,,,Rock,0.0,equis
S010-058,,,,,Rock,0.0,equis
S006-272,,,,,Rock,0.0,equis
S011-895,,,,,Rock,0.0,equis
S011-939,,,,,Rock,0.0,equis
S011-937,,,,,Rock,0.0,equis
S010-040,,,,,Rock,0.0,equis
S011-944,,,,,Rock,0.0,equis
S016-567,,,,,Rock,0.0,equis
S011-960,,,,,Rock,0.0,equis
S006-271,,,,,Rock,0.0,equis
S010-034,,,,,Rock,0.0,equis
S007-379,,,,,Rock,0.0,equis
S011-921,,,,,Rock,0.0,equis
S011-959,,,,,Rock,0.0,equis
S011-940,,,,,Rock,0.0,equis
S004-717,,,,,Rock,0.0,equis
S001-014,,,,,Rock,0.0,equis
S011-936,,,,,Rock,0.0,equis
S001-015,,,,,Rock,0.0,equis
S001-017,,,,,Rock,0.0,equis
S001-016,,,,,Rock,0.0,equis
S011-922,,,,,Rock,0.0,equis
S000-098,,,,,Rock,0.0,equis
S006-651,,,,,Rock,0.0,equis
S016-409,,,,,Rock,0.0,equis
S011-947,,,,,Rock,0.0,equis
S011-938,,,,,Rock,0.0,equis
S007-374,,,,,Rock,0.0,equis
S011-941,,,,,Rock,0.0,equis
S004-391,,,,,Rock,0.0,equis
S011-923,,,,,Rock,0.0,equis
S000-097,,,,,Rock,0.0,equis
S004-928,,,,,Rock,0.0,equis
S010-035,,,,,Rock,0.0,equis
S000-147,,,,,Rock,0.0,equis
S006-167,,,,,Rock,0.0,equis
S016-552,,,,,Rock,0.0,equis
S010-046,,,,,Rock,0.0,equis
S011-967,,,,,Rock,0.0,equis
S010-054,,,,,Rock,0.0,equis
S005-381,,,,,Rock,0.0,equis
S010-045,,,,,Rock,0.0,equis
S006-788,,,,,Rock,0.0,equis
S006-788,,,,,Rock,0.0,equis
S013-212,,,,,Rock,0.0,equis
S006-314,,,,,Root,0.0,equis
S006-376,,,,,Root,0.0,equis
S006-310,,,,,Root,0.0,equis
S006-377,,,,,Root,0.0,equis
S010-433,,,,,Root,0.0,equis
S006-311,,,,,Root,0.0,equis
S005-119,,,,,Root,0.0,equis
S006-312,,,,,Root,0.0,equis
S006-313,,,,,Root,0.0,equis
S006-309,,,,,Root,0.0,equis
S010-650,,,,,Root,0.0,equis
S006-308,,,,,Root,0.0,equis
S010-690,,,,,Root,0.0,equis
S010-641,,,,,Root,0.0,equis
S007-070,,,,,Root,0.0,equis
S004-810,,,,,Root,0.0,equis
S001-190,,,,,Root,0.0,equis
S001-189,,,,,Root,0.0,equis
S001-138,,,,,Root,0.0,equis
S007-139,,,,,Root,0.0,equis
S010-637,,,,,Root,0.0,equis
S008-886,,,,,Root,0.0,equis
S001-355,,,,,Root,0.0,equis
S007-143,,,,,Root,0.0,equis
S002-692,,,,,Root,0.0,equis
S010-621,,,,,Root,0.0,equis
S004-319,,,,,Root,0.0,equis
S002-690,,,,,Root,0.0,equis
S007-290,,,,,Root,0.0,equis
S002-694,,,,,Root,0.0,equis
S002-688,,,,,Root,0.0,equis
S002-689,,,,,Root,0.0,equis
S002-693,,,,,Root,0.0,equis
S002-695,,,,,Root,0.0,equis
S004-919,,,,,Root,0.0,equis
S016-217,,,,,Root,0.0,equis
S010-638,,,,,Root,0.0,equis
S010-630,,,,,Root,0.0,equis
S002-482,,,,,Root,0.0,equis
S013-050,,,,,Root,0.0,equis
S007-320,,,,,Root,0.0,equis
S004-828,,,,,Root,0.0,equis
S006-681,,,,,Root,0.0,equis
S006-362,,,,,Root,0.0,equis
S006-885,,,,,Root,0.0,equis
S006-877,,,,,Root,0.0,equis
S006-879,,,,,Root,0.0,equis
S006-881,,,,,Root,0.0,equis
S006-880,,,,,Root,0.0,equis
S006-882,,,,,Root,0.0,equis
S006-884,,,,,Root,0.0,equis
S006-883,,,,,Root,0.0,equis
S006-886,,,,,Root,0.0,equis
S010-639,,,,,Root,0.0,equis
S011-823,,,,,Root,0.0,equis
S015-301,,,,,Root,0.0,equis
S015-302,,,,,Root,0.0,equis
S015-303,,,,,Root,0.0,equis
S015-304,,,,,Root,0.0,equis
S015-305,,,,,Root,0.0,equis
S015-306,,,,,Root,0.0,equis
S015-307,,,,,Root,0.0,equis
S015-308,,,,,Root,0.0,equis
S015-309,,,,,Root,0.0,equis
S003-827,,,,,Root,0.0,equis
S010-016,,,,,Root,0.0,equis
S004-841,,,,,Root,0.0,equis
S009-930,,,,,Root,0.0,equis
S010-676,,,,,Root,0.0,equis
S015-164,,,,,Root,0.0,equis
S015-165,,,,,Root,0.0,equis
S016-216,,,,,Root,0.0,equis
S017-898,,,,,Root,0.0,equis
S004-825,,,,,Root,0.0,equis
S006-725,,,,,Root,0.0,equis
S010-651,,,,,Root,0.0,equis
S010-654,,,,,Root,0.0,equis
S014-506,,,,,Root,0.0,equis
S014-509,,,,,Root,0.0,equis
S010-663,,,,,Root,0.0,equis
S006-342,,,,,Root,0.0,equis
S014-949,,,,,Root,0.0,equis
S010-673,,,,,Root,0.0,equis
S003-384,,,,,Root,0.0,equis
S004-827,,,,,Root,0.0,equis
S005-392,,,,,Root,0.0,equis
S004-237,,,,,Root,0.0,equis
S003-824,,,,,Root,0.0,equis
S000-773,,,,,Root,0.0,equis
S011-269,,,,,Root,0.0,equis
S000-588,,,,,Root,0.0,equis
S007-694,,,,,Root,0.0,equis
S015-311,,,,,Root,0.0,equis
S015-312,,,,,Root,0.0,equis
S015-328,,,,,Root,0.0,equis
S016-191,,,,,Root,0.0,equis
S010-672,,,,,Root,0.0,equis
S010-671,,,,,Root,0.0,equis
S010-655,,,,,Root,0.0,equis
S014-951,,,,,Root,0.0,equis
S009-995,,,,,Root,0.0,equis
S014-950,,,,,Root,0.0,equis
S010-674,,,,,Root,0.0,equis
S004-826,,,,,Root,0.0,equis
S008-050,,,,,Root,0.0,equis
S016-564,,,,,Root,0.0,equis
S004-725,,,,,Root,0.0,equis
S006-345,,,,,Root,0.0,equis
S001-537,,,,,Root,0.0,equis
S015-329,,,,,Root,0.0,equis
S003-385,,,,,Root,0.0,equis
S010-664,,,,,Root,0.0,equis
S007-113,,,,,Root,0.0,equis
S009-962,,,,,Root,0.0,equis
S004-821,,,,,Root,0.0,equis
S006-343,,,,,Root,0.0,equis
S004-351,,,,,Root,0.0,equis
S003-403,,,,,Root,0.0,equis
S008-356,,,,,Root,0.0,equis
S004-822,,,,,Root,0.0,equis
S004-014,,,,,Root,0.0,equis
S005-301,,,,,Root,0.0,equis
S009-918,,,,,Root,0.0,equis
S010-645,,,,,Root,0.0,equis
S010-646,,,,,Root,0.0,equis
S004-842,,,,,Root,0.0,equis
S005-300,,,,,Root,0.0,equis
S005-429,,,,,Root,0.0,equis
S003-577,,,,,Root,0.0,equis
S005-405,,,,,Root,0.0,equis
S003-389,,,,,Root,0.0,equis
S003-390,,,,,Root,0.0,equis
S010-666,,,,,Root,0.0,equis
S011-000,,,,,Root,0.0,equis
S001-945,,,,,Root,0.0,equis
S006-765,,,,,Root,0.0,equis
S010-619,,,,,Root,0.0,equis
S001-318,,,,,Root,0.0,equis
S006-762,,,,,Root,0.0,equis
S006-763,,,,,Root,0.0,equis
S006-764,,,,,Root,0.0,equis
S001-314,,,,,Root,0.0,equis
S001-428,,,,,Root,0.0,equis
S001-317,,,,,Root,0.0,equis
S009-998,,,,,Root,0.0,equis
S004-015,,,,,Root,0.0,equis
S001-312,,,,,Root,0.0,equis
S001-319,,,,,Root,0.0,equis
S014-676,,,,,Root,0.0,equis
S001-322,,,,,Root,0.0,equis
S009-922,,,,,Root,0.0,equis
S010-620,,,,,Root,0.0,equis
S001-321,,,,,Root,0.0,equis
S001-320,,,,,Root,0.0,equis
S004-839,,,,,Root,0.0,equis
S010-649,,,,,Root,0.0,equis
S003-401,,,,,Root,0.0,equis
S006-318,,,,,Root,0.0,equis
S006-297,,,,,Root,0.0,equis
S006-298,,,,,Root,0.0,equis
S015-030,,,,,Root,0.0,equis
S015-333,,,,,Root,0.0,equis
S003-399,,,,,Root,0.0,equis
S016-192,,,,,Root,0.0,equis
S010-670,,,,,Root,0.0,equis
S005-073,,,,,Root,0.0,equis
S016-193,,,,,Root,0.0,equis
S010-634,,,,,Root,0.0,equis
S016-194,,,,,Root,0.0,equis
S006-320,,,,,Root,0.0,equis
S006-304,,,,,Root,0.0,equis
S006-305,,,,,Root,0.0,equis
S014-257,,,,,Root,0.0,equis
S014-258,,,,,Root,0.0,equis
S014-259,,,,,Root,0.0,equis
S014-263,,,,,Root,0.0,equis
S014-264,,,,,Root,0.0,equis
S006-306,,,,,Root,0.0,equis
S014-265,,,,,Root,0.0,equis
S008-919,,,,,Root,0.0,equis
S007-215,,,,,Root,0.0,equis
S006-360,,,,,Root,0.0,equis
S003-402,,,,,Root,0.0,equis
S003-757,,,,,Root,0.0,equis
S006-359,,,,,Root,0.0,equis
S010-635,,,,,Root,0.0,equis
S004-829,,,,,Root,0.0,equis
S004-840,,,,,Root,0.0,equis
S001-609,,,,,Root,0.0,equis
S001-538,,,,,Root,0.0,equis
S016-876,,,,,Root,0.0,equis
S004-336,,,,,Root,0.0,equis
S004-335,,,,,Root,0.0,equis
S009-935,,,,,Root,0.0,equis
S016-612,,,,,Root,0.0,equis
S006-355,,,,,Root,0.0,equis
S010-669,,,,,Root,0.0,equis
S009-984,,,,,Root,0.0,equis
S004-659,,,,,Root,0.0,equis
S010-031,,,,,Root,0.0,equis
S009-985,,,,,Root,0.0,equis
S005-084,,,,,Root,0.0,equis
S004-018,,,,,Root,0.0,equis
S006-356,,,,,Root,0.0,equis
S010-659,,,,,Root,0.0,equis
S016-768,,,,,Root,0.0,equis
S001-689,,,,,Root,0.0,equis
S006-357,,,,,Root,0.0,equis
S014-513,,,,,Root,0.0,equis
S006-337,,,,,Root,0.0,equis
S004-019,,,,,Root,0.0,equis
S001-820,,,,,Root,0.0,equis
S003-623,,,,,Root,0.0,equis
S001-821,,,,,Root,0.0,equis
S004-275,,,,,Root,0.0,equis
S001-575,,,,,Root,0.0,equis
S010-657,,,,,Root,0.0,equis
S001-819,,,,,Root,0.0,equis
S006-349,,,,,Root,0.0,equis
S004-850,,,,,Root,0.0,equis
S014-914,,,,,Root,0.0,equis
S004-824,,,,,Root,0.0,equis
S009-924,,,,,Root,0.0,equis
S006-317,,,,,Root,0.0,equis
S008-390,,,,,Root,0.0,equis
S001-966,,,,,Root,0.0,equis
S010-640,,,,,Root,0.0,equis
S010-001,,,,,Root,0.0,equis
S005-075,,,,,Root,0.0,equis
S004-022,,,,,Root,0.0,equis
S004-023,,,,,Root,0.0,equis
S001-407,,,,,Root,0.0,equis
S010-002,,,,,Root,0.0,equis
S001-406,,,,,Root,0.0,equis
S004-303,,,,,Root,0.0,equis
S006-361,,,,,Root,0.0,equis
S010-667,,,,,Root,0.0,equis
S003-391,,,,,Root,0.0,equis
S011-318,,,,,Root,0.0,equis
S012-279,,,,,Root,0.0,equis
S003-394,,,,,Root,0.0,equis
S006-344,,,,,Root,0.0,equis
S010-677,,,,,Root,0.0,equis
S003-392,,,,,Root,0.0,equis
S003-393,,,,,Root,0.0,equis
S010-668,,,,,Root,0.0,equis
S010-660,,,,,Root,0.0,equis
S004-350,,,,,Root,0.0,equis
S010-721,,,,,Root,0.0,equis
S010-722,,,,,Root,0.0,equis
S010-662,,,,,Root,0.0,equis
S015-038,,,,,Root,0.0,equis
S010-661,,,,,Root,0.0,equis
S010-005,,,,,Root,0.0,equis
S004-820,,,,,Root,0.0,equis
S010-653,,,,,Root,0.0,equis
S010-000,,,,,Root,0.0,equis
S004-851,,,,,Root,0.0,equis
S001-185,,,,,Root,0.0,equis
S000-613,,,,,Root,0.0,equis
S001-184,,,,,Root,0.0,equis
S010-678,,,,,Root,0.0,equis
S003-395,,,,,Root,0.0,equis
S010-628,,,,,Root,0.0,equis
S010-679,,,,,Root,0.0,equis
S010-686,,,,,Root,0.0,equis
S014-510,,,,,Root,0.0,equis
S006-635,,,,,Root,0.0,equis
S003-397,,,,,Root,0.0,equis
S004-123,,,,,Root,0.0,equis
S004-124,,,,,Root,0.0,equis
S004-125,,,,,Root,0.0,equis
S003-398,,,,,Root,0.0,equis
S010-631,,,,,Root,0.0,equis
S010-691,,,,,Root,0.0,equis
S013-043,,,,,Root,0.0,equis
S005-391,,,,,Root,0.0,equis
S000-933,,,,,Root,0.0,equis
S009-999,,,,,Root,0.0,equis
S000-932,,,,,Root,0.0,equis
S000-931,,,,,Root,0.0,equis
S000-930,,,,,Root,0.0,equis
S000-929,,,,,Root,0.0,equis
S008-042,,,,,Root,0.0,equis
S010-004,,,,,Root,0.0,equis
S010-699,,,,,Root,0.0,equis
S010-700,,,,,Root,0.0,equis
S014-636,,,,,Root,0.0,equis
S015-313,,,,,Root,0.0,equis
S015-314,,,,,Root,0.0,equis
S015-315,,,,,Root,0.0,equis
S017-034,,,,,Root,0.0,equis
S017-035,,,,,Root,0.0,equis
S017-036,,,,,Root,0.0,equis
S017-037,,,,,Root,0.0,equis
S015-316,,,,,Root,0.0,equis
S015-317,,,,,Root,0.0,equis
S010-696,,,,,Root,0.0,equis
S010-695,,,,,Root,0.0,equis
S008-326,,,,,Root,0.0,equis
S001-151,,,,,Root,0.0,equis
S010-694,,,,,Root,0.0,equis
S006-648,,,,,Root,0.0,equis
S015-037,,,,,Root,0.0,equis
S015-036,,,,,Root,0.0,equis
S017-308,,,,,Root,0.0,equis
S010-697,,,,,Root,0.0,equis
S006-346,,,,,Root,0.0,equis
S004-830,,,,,Root,0.0,equis
S004-860,,,,,Root,0.0,equis
S013-092,,,,,Root,0.0,equis
S006-338,,,,,Root,0.0,equis
S006-347,,,,,Root,0.0,equis
S006-352,,,,,Root,0.0,equis
S006-348,,,,,Root,0.0,equis
S006-351,,,,,Root,0.0,equis
S004-823,,,,,Root,0.0,equis
S006-336,,,,,Root,0.0,equis
S010-682,,,,,Root,0.0,equis
S010-683,,,,,Root,0.0,equis
S014-511,,,,,Root,0.0,equis
S015-107,,,,,Root,0.0,equis
S004-858,,,,,Root,0.0,equis
S010-685,,,,,Root,0.0,equis
S017-044,,,,,Root,0.0,equis
S017-045,,,,,Root,0.0,equis
S009-731,,,,,Root,0.0,equis
S000-065,,,,,Root,0.0,equis
S004-287,,,,,Root,0.0,equis
S014-512,,,,,Root,0.0,equis
S006-366,,,,,Root,0.0,equis
S006-316,,,,,Root,0.0,equis
S006-315,,,,,Root,0.0,equis
S003-607,,,,,Root,0.0,equis
S003-606,,,,,Root,0.0,equis
S003-608,,,,,Root,0.0,equis
S009-986,,,,,Root,0.0,equis
S010-647,,,,,Root,0.0,equis
S009-959,,,,,Root,0.0,equis
S001-393,,,,,Root,0.0,equis
S010-617,,,,,Root,0.0,equis
S001-315,,,,,Root,0.0,equis
S001-313,,,,,Root,0.0,equis
S010-627,,,,,Root,0.0,equis
S012-278,,,,,Root,0.0,equis
S005-074,,,,,Root,0.0,equis
S001-316,,,,,Root,0.0,equis
S001-340,,,,,Root,0.0,equis
S003-386,,,,,Root,0.0,equis
S003-387,,,,,Root,0.0,equis
S010-629,,,,,Root,0.0,equis
S010-003,,,,,Root,0.0,equis
S010-658,,,,,Root,0.0,equis
S015-035,,,,,Root,0.0,equis
S009-955,,,,,Root,0.0,equis
S000-124,,,,,Root,0.0,equis
S010-689,,,,,Root,0.0,equis
S015-318,,,,,Root,0.0,equis
S015-319,,,,,Root,0.0,equis
S015-320,,,,,Root,0.0,equis
S015-321,,,,,Root,0.0,equis
S017-890,,,,,Root,0.0,equis
S010-688,,,,,Root,0.0,equis
S004-016,,,,,Root,0.0,equis
S001-323,,,,,Root,0.0,equis
S009-996,,,,,Root,0.0,equis
S001-539,,,,,Root,0.0,equis
S013-096,,,,,Root,0.0,equis
S014-281,,,,,Root,0.0,equis
S015-039,,,,,Root,0.0,equis
S015-040,,,,,Root,0.0,equis
S000-772,,,,,Root,0.0,equis
S003-690,,,,,Root,0.0,equis
S000-771,,,,,Root,0.0,equis
S009-953,,,,,Root,0.0,equis
S000-770,,,,,Root,0.0,equis
S006-896,,,,,Root,0.0,equis
S000-769,,,,,Root,0.0,equis
S000-768,,,,,Root,0.0,equis
S005-573,,,,,Root,0.0,equis
S003-383,,,,,Root,0.0,equis
S004-948,,,,,Root,0.0,equis
S009-927,,,,,Root,0.0,equis
S006-634,,,,,Root,0.0,equis
S003-400,,,,,Root,0.0,equis
S007-147,,,,,Root,0.0,equis
S015-034,,,,,Root,0.0,equis
S006-303,,,,,Root,0.0,equis
S010-636,,,,,Root,0.0,equis
S006-301,,,,,Root,0.0,equis
S015-334,,,,,Root,0.0,equis
S006-302,,,,,Root,0.0,equis
S006-319,,,,,Root,0.0,equis
S009-963,,,,,Root,0.0,equis
S015-033,,,,,Root,0.0,equis
S015-032,,,,,Root,0.0,equis
S007-166,,,,,Root,0.0,equis
S015-031,,,,,Root,0.0,equis
S006-299,,,,,Root,0.0,equis
S016-826,,,,,Root,0.0,equis
S016-825,,,,,Root,0.0,equis
S015-029,,,,,Root,0.0,equis
S006-300,,,,,Root,0.0,equis
S012-120,,,,,Root,0.0,equis
S010-693,,,,,Root,0.0,equis
S003-795,,,,,Root,0.0,equis
S006-307,,,,,Root,0.0,equis
S004-709,,,,,Root,0.0,equis
S003-388,,,,,Root,0.0,equis
S006-321,,,,,Root,0.0,equis
S009-952,,,,,Root,0.0,equis
S014-266,,,,,Root,0.0,equis
S014-267,,,,,Root,0.0,equis
S001-042,,,,,Root,0.0,equis
S001-041,,,,,Root,0.0,equis
S001-040,,,,,Root,0.0,equis
S001-039,,,,,Root,0.0,equis
S001-038,,,,,Root,0.0,equis
S010-616,,,,,Root,0.0,equis
S015-163,,,,,Root,0.0,equis
S007-589,,,,,Roseau,0.0,equis
S012-902,,,,,Roseau,0.0,equis
S010-114,,,,,Roseau,0.0,equis
S004-297,,,,,Roseau,0.0,equis
S008-407,,,,,Roseau,0.0,equis
S002-107,,,,,Roseau,0.0,equis
S004-291,,,,,Roseau,0.0,equis
S008-395,,,,,Roseau,0.0,equis
S010-121,,,,,Roseau,0.0,equis
S003-093,,,,,Roseau,0.0,equis
S008-406,,,,,Roseau,0.0,equis
S003-094,,,,,Roseau,0.0,equis
S013-228,,,,,Roseau,0.0,equis
S003-096,,,,,Roseau,0.0,equis
S013-226,,,,,Roseau,0.0,equis
S010-162,,,,,Roseau,0.0,equis
S010-117,,,,,Roseau,0.0,equis
S002-106,,,,,Roseau,0.0,equis
S004-135,,,,,Roseau,0.0,equis
S010-127,,,,,Roseau,0.0,equis
S000-116,,,,,Roseau,0.0,equis
S003-095,,,,,Roseau,0.0,equis
S013-224,,,,,Roseau,0.0,equis
S014-895,,,,,Roseau,0.0,equis
S010-147,,,,,Roseau,0.0,equis
S013-223,,,,,Roseau,0.0,equis
S010-131,,,,,Roseau,0.0,equis
S004-294,,,,,Roseau,0.0,equis
S013-230,,,,,Roseau,0.0,equis
S013-222,,,,,Roseau,0.0,equis
S004-134,,,,,Roseau,0.0,equis
S013-220,,,,,Roseau,0.0,equis
S010-093,,,,,Roseau,0.0,equis
S013-231,,,,,Roseau,0.0,equis
S017-930,,,,,Roseau,0.0,equis
S013-232,,,,,Roseau,0.0,equis
S004-292,,,,,Roseau,0.0,equis
S000-115,,,,,Roseau,0.0,equis
S010-106,,,,,Roseau,0.0,equis
S013-219,,,,,Roseau,0.0,equis
S003-097,,,,,Roseau,0.0,equis
S002-105,,,,,Roseau,0.0,equis
S010-145,,,,,Roseau,0.0,equis
S004-288,,,,,Roseau,0.0,equis
S004-298,,,,,Roseau,0.0,equis
S013-225,,,,,Roseau,0.0,equis
S004-615,,,,,Rum,0.0,equis
S001-291,,,,,Rum,0.0,equis
S001-465,,,,,Rum,0.0,equis
S001-298,,,,,Rum,0.0,equis
S001-299,,,,,Rum,0.0,equis
S001-300,,,,,Rum,0.0,equis
S002-874,,,,,Rum,0.0,equis
S001-289,35.0,35,,,Rum,0.0,equis
S001-288,,,,,Rum,0.0,equis
S001-297,,,,,Rum,0.0,equis
S001-579,17.0,17,backwater effects,,Rum,0.0,equis
S009-585,,,,,Rum,0.0,equis
S001-286,,,,,Rum,0.0,equis
S001-541,29.0,29,,,Rum,0.0,equis
S001-284,,,,,Rum,0.0,equis
S001-467,33.0,33,,,Rum,0.0,equis
S001-283,33.0,33,,,Rum,0.0,equis
S001-285,29.0,29,,,Rum,0.0,equis
S008-061,29.0,29,,,Rum,0.0,equis
S008-060,,,,,Rum,0.0,equis
S001-295,23.0,23,,,Rum,0.0,equis
S001-469,,,,,Rum,0.0,equis
S001-468,19.0,19,,,Rum,0.0,equis
S001-296,19.0,19,,,Rum,0.0,equis
S006-440,19.0,19,,,Rum,0.0,equis
S008-059,,,,,Rum,0.0,equis
S017-482,17.0,"17,-15",,,Rum,0.0,equis
S001-287,27.0,27,,,Rum,0.0,equis
S001-466,27.0,27,,,Rum,0.0,equis
S002-039,80.0,80,,,Rum,0.0,equis
S002-038,,,,,Rum,0.0,equis
S000-061,70.0,60,,,Rum,0.0,equis
S003-856,60.0,60,,,Rum,0.0,equis
S001-290,60.0,60,,,Rum,0.0,equis
S012-545,,,,,Rum,0.0,equis
S004-340,100.0,90,,,Rum,0.0,equis
S017-288,120.0,120,,,Rum,0.0,equis
S002-875,35.0,35,,,Rum,0.0,equis
S012-546,,,,,Rum,0.0,equis
S002-955,170.0,170,,,Rum,0.0,equis
S008-590,,,,,Rum,0.0,equis
S008-585,,,,,Rum,0.0,equis
S007-553,175.0,175,,,Rum,0.0,equis
S012-575,,,,,Rum,0.0,equis
S010-594,,,,,Rum,0.0,equis
S012-570,243.0,243,,,Rum,0.0,equis
S012-550,193.0,193,,,Rum,0.0,equis
S012-549,190.0,190,,,Rum,0.0,equis
S009-595,,,,,Rum,0.0,equis
S010-604,,,,,Rum,0.0,equis
S008-628,,,,,Rum,0.0,equis
S008-630,,,,,Rum,0.0,equis
S004-981,217.0,217,,,Rum,0.0,equis
S001-176,,,,,Rum,0.0,equis
S001-164,,,,,Rum,0.0,equis
S001-163,,,,,Rum,0.0,equis
S001-175,,,,,Rum,0.0,equis
S001-162,,,,,Rum,0.0,equis
S001-174,,,,,Rum,0.0,equis
S012-564,,,,,Rum,0.0,equis
S014-094,,,,,Rum,0.0,equis
S008-588,,,,,Rum,0.0,equis
S004-409,230.0,230,,,Rum,0.0,equis
S000-045,,,,,Rum,0.0,equis
S006-100,,,,,Rum,0.0,equis
S004-418,,,,,Rum,0.0,equis
S007-551,,,,,Rum,0.0,equis
S012-579,,,,,Rum,0.0,equis
S013-045,,,,,Rum,0.0,equis
S006-068,261.0,261,,,Rum,0.0,equis
S002-953,,,,,Rum,0.0,equis
S012-567,,,,,Rum,0.0,equis
S011-344,,,,,Rum,0.0,equis
S012-568,223.0,223,,,Rum,0.0,equis
S012-568,223.0,223,,,Rum,0.0,equis
S014-091,,,,,Rum,0.0,equis
S006-104,,,,,Rum,0.0,equis
S014-208,,,,,Rum,0.0,equis
S012-566,249.0,249,,,Rum,0.0,equis
S014-107,,,,,Rum,0.0,equis
S008-641,,,,,Rum,0.0,equis
S013-354,,,,,Rum,0.0,equis
S006-792,251.0,251,,,Rum,0.0,equis
S006-792,251.0,251,,,Rum,0.0,equis
S006-791,251.0,251,,,Rum,0.0,equis
S006-791,251.0,251,,,Rum,0.0,equis
S012-551,251.0,251,,,Rum,0.0,equis
S006-409,,,,,Rum,0.0,equis
S008-393,,,,,Rum,0.0,equis
S012-556,,,,,Rum,0.0,equis
S006-103,,,,,Rum,0.0,equis
S017-379,,,,,Rum,0.0,equis
S017-380,,,,,Rum,0.0,equis
S004-663,,,,,Rum,0.0,equis
S006-452,,,,,Rum,0.0,equis
S007-554,,,,,Rum,0.0,equis
S004-978,135.0,135,,,Rum,0.0,equis
S004-262,,,,,Rum,0.0,equis
S009-628,433.0,433,,,Rum,0.0,equis
S008-638,,,,,Rum,0.0,equis
S008-639,,,,,Rum,0.0,equis
S003-202,,,,,Rum,0.0,equis
S008-637,,,,,Rum,0.0,equis
S008-652,433.0,433,,,Rum,0.0,equis
S013-355,,,,,Rum,0.0,equis
S017-041,,,,,Rum,0.0,equis
S017-042,,,,,Rum,0.0,equis
S004-306,433.0,433,,,Rum,0.0,equis
S003-176,433.0,433,,,Rum,0.0,equis
S012-548,239.0,239,,,Rum,0.0,equis
S010-593,,,,,Rum,0.0,equis
S012-547,,,,,Rum,0.0,equis
S008-589,,,,,Rum,0.0,equis
S012-565,,,,,Rum,0.0,equis
S012-563,,,,,Rum,0.0,equis
S012-572,,,,,Rum,0.0,equis
S012-571,,,,,Rum,0.0,equis
S017-483,,,,,Rum,0.0,equis
S012-554,,,,,Rum,0.0,equis
S012-559,,,,,Rum,0.0,equis
S008-625,,,,,Rum,0.0,equis
S008-633,,,,,Rum,0.0,equis
S008-634,,,,,Rum,0.0,equis
S008-635,,,,,Rum,0.0,equis
S012-552,,,,,Rum,0.0,equis
S001-711,,,,,Rum,0.0,equis
S001-738,323.0,323,,,Rum,0.0,equis
S004-980,323.0,323,,,Rum,0.0,equis
S017-935,323.0,323,,,Rum,0.0,equis
S017-484,,,,,Rum,0.0,equis
S008-586,357.0,357,,,Rum,0.0,equis
S012-544,357.0,357,,,Rum,0.0,equis
S005-326,,,,,Rum,0.0,equis
S007-552,350.0,350,middle of reach,,Rum,0.0,equis
S012-578,350.0,350,middle of reach,,Rum,0.0,equis
S016-609,,,,,Rum,0.0,equis
S005-327,,,,,Rum,0.0,equis
S012-574,,,,,Rum,0.0,equis
S009-132,,,,,Rum,0.0,equis
S017-486,,,,,Rum,0.0,equis
S004-415,,,,,Rum,0.0,equis
S004-416,,,,,Rum,0.0,equis
S004-417,,,,,Rum,0.0,equis
S004-414,,,,,Rum,0.0,equis
S004-419,,,,,Rum,0.0,equis
S009-539,,,,,Rum,0.0,equis
S004-264,290.0,"270,277",,,Rum,0.0,equis
S000-044,,,,,Rum,0.0,equis
S006-676,,,,,Rum,0.0,equis
S004-979,,,,,Rum,0.0,equis
S012-577,,,,,Rum,0.0,equis
S004-111,,,,,Rum,0.0,equis
S017-485,363.0,363,,,Rum,0.0,equis
S003-508,,,,,Rum,0.0,equis
S003-509,,,,,Rum,0.0,equis
S003-510,,,,,Rum,0.0,equis
S003-512,,,,,Rum,0.0,equis
S003-511,,,,,Rum,0.0,equis
S000-043,370.0,"363,350,357",,,Rum,0.0,equis
S009-607,370.0,"363,350,357",,,Rum,0.0,equis
S012-560,,,,,Rum,0.0,equis
S000-066,390.0,390,,,Rum,0.0,equis
S006-645,390.0,390,,,Rum,0.0,equis
S003-193,,,,,Rum,0.0,equis
S003-194,,,,,Rum,0.0,equis
S003-206,,,,,Rum,0.0,equis
S004-025,,,,,Rum,0.0,equis
S009-627,390.0,390,,,Rum,0.0,equis
S004-166,,,,,Rum,0.0,equis
S003-207,,,,,Rum,0.0,equis
S012-555,,,,,Rum,0.0,equis
S003-205,,,,,Rum,0.0,equis
S003-204,391.0,391,,,Rum,0.0,equis
S012-569,391.0,391,,,Rum,0.0,equis
S008-449,,,,,Rum,0.0,equis
S008-450,,,,,Rum,0.0,equis
S008-451,,,,,Rum,0.0,equis
S008-452,,,,,Rum,0.0,equis
S009-540,,,,,Rum,0.0,equis
S015-112,,,,,Rum,0.0,equis
S009-661,,,,,Rum,0.0,equis
S003-196,,,,,Rum,0.0,equis
S012-557,,,,,Rum,0.0,equis
S003-200,441.0,441,,,Rum,0.0,equis
S003-201,431.0,431,,,Rum,0.0,equis
S006-711,,,,,Rum,0.0,equis
S003-177,410.0,410,,,Rum,0.0,equis
S005-386,,,,,Rum,0.0,equis
S009-531,,,,,Rum,0.0,equis
S009-534,,,,,Rum,0.0,equis
S009-535,,,,,Rum,0.0,equis
S009-536,,,,,Rum,0.0,equis
S014-963,,,,,Rum,0.0,equis
S003-195,,,,,Rum,0.0,equis
S004-239,419.0,419,,,Rum,0.0,equis
S003-203,419.0,419,,,Rum,0.0,equis
S012-558,,,,,Rum,0.0,equis
S003-211,,,,,Rum,0.0,equis
S012-562,,,,,Rum,0.0,equis
S012-561,,,,,Rum,0.0,equis
S008-587,,,,,Rum,0.0,equis
S008-636,,,,,Rum,0.0,equis
S009-660,,,,,Rum,0.0,equis
S004-026,430.0,430,,,Rum,0.0,equis
S012-553,430.0,430,,,Rum,0.0,equis
S003-197,,,,,Rum,0.0,equis
S003-178,,,,,Rum,0.0,equis
S003-191,,,,,Rum,0.0,equis
S003-179,,,,,Rum,0.0,equis
S003-181,,,,,Rum,0.0,equis
S003-180,,,,,Rum,0.0,equis
S003-182,,,,,Rum,0.0,equis
S014-638,430.0,430,,,Rum,0.0,equis
S000-016,450.0,450,,,Rum,0.0,equis
S007-555,450.0,450,,,Rum,0.0,equis
S008-080,450.0,450,,,Rum,0.0,equis
S003-198,,,,,Rum,0.0,equis
S003-354,,,,,Rum,0.0,equis
S003-185,,,,,Rum,0.0,equis
S003-186,,,,,Rum,0.0,equis
S006-142,450.0,450,,,Rum,0.0,equis
S005-048,450.0,450,,,Rum,0.0,equis
S003-189,450.0,450,,,Rum,0.0,equis
S012-541,450.0,450,,,Rum,0.0,equis
S003-183,450.0,450,,,Rum,0.0,equis
S003-187,,,,,Rum,0.0,equis
S012-622,450.0,450,,,Rum,0.0,equis
S014-087,,,,,Rum,0.0,equis
S012-573,,,,,Rum,0.0,equis
S001-293,11.0,11,backwater effects,,Rum,0.0,equis
S001-580,11.0,11,backwater effects,,Rum,0.0,equis
S001-571,13.0,13,backwater effects,,Rum,0.0,equis
S001-294,,,,,Rum,0.0,equis
S001-464,,,,,Rum,0.0,equis
S001-292,,,,,Rum,0.0,equis
S006-439,,,,,Rum,0.0,equis
S003-478,,,,,Rum,0.0,equis
S016-694,,,,,Rum,0.0,equis
S016-695,,,,,Rum,0.0,equis
S001-310,,,,,Rum,0.0,equis
S004-110,,,,,Rum,0.0,equis
S003-513,,,,,Rum,0.0,equis
S017-043,443.0,443,,,Rum,0.0,equis
S009-529,,,,,Rum,0.0,equis
S009-530,,,,,Rum,0.0,equis
S009-532,,,,,Rum,0.0,equis
S009-533,,,,,Rum,0.0,equis
S017-893,,,,,Rum,0.0,equis
S009-651,,,,,Rum,0.0,equis
S012-542,215.0,215,,,Rum,0.0,equis
S008-623,215.0,215,,,Rum,0.0,equis
S007-585,910.0,910,,,SFCrow,0.0,equis
S000-164,890.0,890,,,SFCrow,0.0,equis
S012-218,890.0,890,,,SFCrow,0.0,equis
S007-734,890.0,"881,870",,,SFCrow,0.0,equis
S007-942,,,,,SFCrow,0.0,equis
S012-207,,,,,SFCrow,0.0,equis
S005-079,,,,,SFCrow,0.0,equis
S017-941,,,,,SFCrow,0.0,equis
S006-989,905.0,905,,,SFCrow,0.0,equis
S007-697,,,,,SFCrow,0.0,equis
S007-695,,,,,SFCrow,0.0,equis
S007-696,,,,,SFCrow,0.0,equis
S006-369,,,,,SFCrow,0.0,equis
S015-080,881.0,881,,,SFCrow,0.0,equis
S012-183,,,,,SFCrow,0.0,equis
S007-938,,,,,SFCrow,0.0,equis
S017-184,,,,,SFCrow,0.0,equis
S012-214,,,,,SFCrow,0.0,equis
S017-996,,,,,SFCrow,0.0,equis
S002-746,,,,,SFCrow,0.0,equis
S002-744,,,,,SFCrow,0.0,equis
S007-584,,,,,SFCrow,0.0,equis
S009-610,,,,,SFCrow,0.0,equis
S011-370,,,,,SFCrow,0.0,equis
S012-194,,,,,SFCrow,0.0,equis
S009-724,,,,,SFCrow,0.0,equis
S007-934,,,,,SFCrow,0.0,equis
S012-189,,,,,SFCrow,0.0,equis
S012-193,,,,,SFCrow,0.0,equis
S007-930,,,,,SFCrow,0.0,equis
S008-056,,,,,SFCrow,0.0,equis
S012-181,,,,,SFCrow,0.0,equis
S008-007,,,,,SFCrow,0.0,equis
S012-210,,,,,SFCrow,0.0,equis
S007-590,,,,,SFCrow,0.0,equis
S007-618,,,,,SFCrow,0.0,equis
S007-591,,,,,SFCrow,0.0,equis
S002-015,,,,,SFCrow,0.0,equis
S000-577,630.0,610,,,SFCrow,0.0,equis
S000-576,,,,,SFCrow,0.0,equis
S000-575,,,,,SFCrow,0.0,equis
S012-215,,,,,SFCrow,0.0,equis
S012-226,630.0,610,,,SFCrow,0.0,equis
S017-727,,,,,SFCrow,0.0,equis
S009-617,,,,,SFCrow,0.0,equis
S008-020,,,,,SFCrow,0.0,equis
S012-200,,,,,SFCrow,0.0,equis
S002-014,650.0,650,,,SFCrow,0.0,equis
S014-135,650.0,"650,-649",,,SFCrow,0.0,equis
S007-940,,,,,SFCrow,0.0,equis
S009-616,,,,,SFCrow,0.0,equis
S017-983,,,,,SFCrow,0.0,equis
S012-209,,,,,SFCrow,0.0,equis
S007-933,,,,,SFCrow,0.0,equis
S012-187,,,,,SFCrow,0.0,equis
S012-179,,,,,SFCrow,0.0,equis
S007-931,,,,,SFCrow,0.0,equis
S007-932,,,,,SFCrow,0.0,equis
S012-180,,,,,SFCrow,0.0,equis
S008-021,,,,,SFCrow,0.0,equis
S010-608,,,,,SFCrow,0.0,equis
S007-807,733.0,733,,,SFCrow,0.0,equis
S012-202,733.0,733,,,SFCrow,0.0,equis
S007-941,,,,,SFCrow,0.0,equis
S012-203,,,,,SFCrow,0.0,equis
S006-992,733.0,733,,,SFCrow,0.0,equis
S017-180,,,,,SFCrow,0.0,equis
S017-999,,,,,SFCrow,0.0,equis
S018-000,,,,,SFCrow,0.0,equis
S018-002,,,,,SFCrow,0.0,equis
S018-003,,,,,SFCrow,0.0,equis
S018-004,,,,,SFCrow,0.0,equis
S012-184,,,,,SFCrow,0.0,equis
S007-809,,,,,SFCrow,0.0,equis
S004-231,,,,,SFCrow,0.0,equis
S012-211,,,,,SFCrow,0.0,equis
S008-022,,,,,SFCrow,0.0,equis
S006-688,750.0,750,middle of reach,,SFCrow,0.0,equis
S011-406,,,,,SFCrow,0.0,equis
S001-443,750.0,750,,,SFCrow,0.0,equis
S008-026,,,,,SFCrow,0.0,equis
S012-963,,,,,SFCrow,0.0,equis
S012-186,,,,,SFCrow,0.0,equis
S007-929,,,,,SFCrow,0.0,equis
S017-183,,,,,SFCrow,0.0,equis
S008-012,,,,,SFCrow,0.0,equis
S014-096,,,,,SFCrow,0.0,equis
S000-579,,,,,SFCrow,0.0,equis
S010-414,,,,,SFCrow,0.0,equis
S006-987,,,,,SFCrow,0.0,equis
S012-238,,,,,SFCrow,0.0,equis
S000-289,,,,,SFCrow,0.0,equis
S000-581,,,,,SFCrow,0.0,equis
S000-580,,,,,SFCrow,0.0,equis
S003-629,,,,,SFCrow,0.0,equis
S012-206,,,,,SFCrow,0.0,equis
S015-079,,,,,SFCrow,0.0,equis
S008-013,,,,,SFCrow,0.0,equis
S012-205,,,,,SFCrow,0.0,equis
S002-498,,,,,SFCrow,0.0,equis
S012-199,,,,,SFCrow,0.0,equis
S008-014,,,,,SFCrow,0.0,equis
S008-015,,,,,SFCrow,0.0,equis
S012-198,,,,,SFCrow,0.0,equis
S006-675,,,,,SFCrow,0.0,equis
S012-232,815.0,"811,813",,,SFCrow,0.0,equis
S007-298,815.0,815,,,SFCrow,0.0,equis
S007-709,815.0,815,,,SFCrow,0.0,equis
S007-617,815.0,815,,,SFCrow,0.0,equis
S000-528,815.0,"811,813",,,SFCrow,0.0,equis
S005-396,815.0,"811,813",,,SFCrow,0.0,equis
S000-527,815.0,"811,813",,,SFCrow,0.0,equis
S000-582,815.0,815,,,SFCrow,0.0,equis
S012-225,,,,,SFCrow,0.0,equis
S017-182,,,,,SFCrow,0.0,equis
S000-531,,,,,SFCrow,0.0,equis
S008-025,,,,,SFCrow,0.0,equis
S012-231,,,,,SFCrow,0.0,equis
S012-185,,,,,SFCrow,0.0,equis
S000-529,,,,,SFCrow,0.0,equis
S000-530,,,,,SFCrow,0.0,equis
S000-395,,,,,SFCrow,0.0,equis
S000-394,,,,,SFCrow,0.0,equis
S012-204,,,,,SFCrow,0.0,equis
S007-935,,,,,SFCrow,0.0,equis
S012-190,,,,,SFCrow,0.0,equis
S000-348,,,,,SFCrow,0.0,equis
S001-514,,,,,SFCrow,0.0,equis
S000-349,,,,,SFCrow,0.0,equis
S000-350,,,,,SFCrow,0.0,equis
S001-845,,,,,SFCrow,0.0,equis
S000-351,,,,,SFCrow,0.0,equis
S000-352,,,,,SFCrow,0.0,equis
S001-806,,,,,SFCrow,0.0,equis
S001-844,,,,,SFCrow,0.0,equis
S000-353,,,,,SFCrow,0.0,equis
S007-808,,,,,SFCrow,0.0,equis
S012-201,,,,,SFCrow,0.0,equis
S007-936,,,,,SFCrow,0.0,equis
S012-191,,,,,SFCrow,0.0,equis
S017-181,,,,,SFCrow,0.0,equis
S017-998,,,,,SFCrow,0.0,equis
S008-011,,,,,SFCrow,0.0,equis
S012-230,,,,,SFCrow,0.0,equis
S012-197,,,,,SFCrow,0.0,equis
S008-016,,,,,SFCrow,0.0,equis
S000-459,,,,,SFCrow,0.0,equis
S000-458,,,,,SFCrow,0.0,equis
S000-457,,,,,SFCrow,0.0,equis
S006-988,,,,,SFCrow,0.0,equis
S000-461,,,,,SFCrow,0.0,equis
S006-986,,,,,SFCrow,0.0,equis
S000-466,,,,,SFCrow,0.0,equis
S009-614,,,,,SFCrow,0.0,equis
S010-413,,,,,SFCrow,0.0,equis
S000-465,,,,,SFCrow,0.0,equis
S000-464,,,,,SFCrow,0.0,equis
S012-235,,,,,SFCrow,0.0,equis
S000-463,,,,,SFCrow,0.0,equis
S000-462,,,,,SFCrow,0.0,equis
S016-565,,,,,SFCrow,0.0,equis
S006-991,,,,,SFCrow,0.0,equis
S012-233,,,,,SFCrow,0.0,equis
S015-078,745.0,745,,,SFCrow,0.0,equis
S017-982,,,,,SFCrow,0.0,equis
S012-216,,,,,SFCrow,0.0,equis
S000-409,,,,,SFCrow,0.0,equis
S000-396,,,,,SFCrow,0.0,equis
S000-051,,,,,SFCrow,0.0,equis
S007-939,,,,,SFCrow,0.0,equis
S009-726,,,,,SFCrow,0.0,equis
S008-008,,,,,SFCrow,0.0,equis
S009-727,,,,,SFCrow,0.0,equis
S012-219,757.0,759,,,SFCrow,0.0,equis
S008-017,,,,,SFCrow,0.0,equis
S009-725,,,,,SFCrow,0.0,equis
S007-810,,,,,SFCrow,0.0,equis
S007-928,,,,,SFCrow,0.0,equis
S009-612,,,,,SFCrow,0.0,equis
S014-623,,,,,SFCrow,0.0,equis
S007-655,,,,,SFCrow,0.0,equis
S010-612,,,,,SFCrow,0.0,equis
S009-611,,,,,SFCrow,0.0,equis
S007-654,,,,,SFCrow,0.0,equis
S007-937,,,,,SFCrow,0.0,equis
S012-234,,,,,SFCrow,0.0,equis
S002-017,769.0,769,,,SFCrow,0.0,equis
S006-385,,,,,SFCrow,0.0,equis
S005-366,,,,,SFCrow,0.0,equis
S005-807,,,,,SFCrow,0.0,equis
S008-009,761.0,761,,,SFCrow,0.0,equis
S012-227,,,,,SFCrow,0.0,equis
S007-982,,,,,SFCrow,0.0,equis
S012-224,,,,,SFCrow,0.0,equis
S007-616,789.0,789,,,SFCrow,0.0,equis
S002-016,789.0,789,,,SFCrow,0.0,equis
S008-024,,,,,SFCrow,0.0,equis
S012-222,,,,,SFCrow,0.0,equis
S012-220,,,,,SFCrow,0.0,equis
S012-223,,,,,SFCrow,0.0,equis
S017-185,,,,,SFCrow,0.0,equis
S008-010,,,,,SFCrow,0.0,equis
S012-228,,,,,SFCrow,0.0,equis
S007-983,,,,,SFCrow,0.0,equis
S012-221,,,,,SFCrow,0.0,equis
S007-980,,,,,SFCrow,0.0,equis
S012-217,,,,,SFCrow,0.0,equis
S012-192,861.0,861,,,SFCrow,0.0,equis
S008-023,861.0,861,,,SFCrow,0.0,equis
S015-076,861.0,861,,,SFCrow,0.0,equis
S001-731,,,,,SFCrow,0.0,equis
S000-165,850.0,850,,,SFCrow,0.0,equis
S015-075,,,,,SFCrow,0.0,equis
S015-081,,,,,SFCrow,0.0,equis
S001-827,870.0,"863,850,861","confluence, potential mixing impacts",,SFCrow,0.0,equis
S000-030,870.0,870,middle of long reach,,SFCrow,0.0,equis
S001-801,870.0,870,,,SFCrow,0.0,equis
S006-136,870.0,870,,,SFCrow,0.0,equis
S012-237,870.0,870,middle of long reach,,SFCrow,0.0,equis
S014-088,870.0,"863,850,861",,,SFCrow,0.0,equis
S015-077,863.0,863,,,SFCrow,0.0,equis
S016-890,,,,,SFCrow,0.0,equis
S016-891,,,,,SFCrow,0.0,equis
S004-227,,,,,SFCrow,0.0,equis
S006-368,,,,,SFCrow,0.0,equis
S007-705,,,,,SFCrow,0.0,equis
S007-699,,,,,SFCrow,0.0,equis
S007-715,,,,,SFCrow,0.0,equis
S007-708,,,,,SFCrow,0.0,equis
S007-701,,,,,SFCrow,0.0,equis
S012-208,,,,,SFCrow,0.0,equis
S005-811,,,,,SFCrow,0.0,equis
S007-704,,,,,SFCrow,0.0,equis
S007-706,,,,,SFCrow,0.0,equis
S007-707,,,,,SFCrow,0.0,equis
S006-370,,,,,SFCrow,0.0,equis
S007-702,,,,,SFCrow,0.0,equis
S007-703,,,,,SFCrow,0.0,equis
S005-813,,,,,SFCrow,0.0,equis
S005-813,,,,,SFCrow,0.0,equis
S005-812,,,,,SFCrow,0.0,equis
S005-814,,,,,SFCrow,0.0,equis
S005-820,,,,,SFCrow,0.0,equis
S009-609,,,,,SFCrow,0.0,equis
S007-981,,,,,SFCrow,0.0,equis
S012-188,,,,,SFCrow,0.0,equis
S012-229,,,,,SFCrow,0.0,equis
S008-018,,,,,SFCrow,0.0,equis
S012-196,,,,,SFCrow,0.0,equis
S014-114,,,,,SFCrow,0.0,equis
S017-997,,,,,SFCrow,0.0,equis
S012-182,,,,,SFCrow,0.0,equis
S002-745,,,,,SFCrow,0.0,equis
S008-019,,,,,SFCrow,0.0,equis
S012-195,,,,,SFCrow,0.0,equis
S017-995,,,,,SFCrow,0.0,equis
S005-365,,,,,SFCrow,0.0,equis
S003-909,,,,,SFCrow,0.0,equis
S017-829,,,,,SFCrow,0.0,equis
S004-225,,,,,SFCrow,0.0,equis
S008-944,,,,,SFCrow,0.0,equis
S005-815,,,,,SFCrow,0.0,equis
S015-232,,,,,SFCrow,0.0,equis
S005-816,,,,,SFCrow,0.0,equis
S005-817,,,,,SFCrow,0.0,equis
S016-639,,,,,SFCrow,0.0,equis
S001-255,910.0,910,,,SFCrow,0.0,equis
S007-735,930.0,910,,,SFCrow,0.0,equis
S012-212,930.0,910,,,SFCrow,0.0,equis
S012-236,,,,,SFCrow,0.0,equis
S000-460,,,,,SFCrow,0.0,equis
S000-578,610.0,610,,,SFCrow,0.0,equis
S009-615,,,,,SFCrow,0.0,equis
S002-049,,,,,SFCrow,0.0,equis
S007-583,,,,,SFCrow,0.0,equis
S006-990,,,,,SFCrow,0.0,equis
S016-319,,,,,SFCrow,0.0,equis
S016-320,,,,,SFCrow,0.0,equis
S002-099,430.0,430,,,Sandhill,0.0,equis
S010-102,,,,,Sandhill,0.0,equis
S003-133,,,,,Sandhill,0.0,equis
S003-134,450.0,450,,,Sandhill,0.0,equis
S010-167,,,,,Sandhill,0.0,equis
S003-137,30.0,"21,25,20",,,Sandhill,0.0,equis
S003-139,30.0,"25,21,20",,,Sandhill,0.0,equis
S011-971,30.0,"30,-27",,,Sandhill,0.0,equis
S003-136,330.0,330,,,Sandhill,0.0,equis
S000-704,,,,,Sandhill,0.0,equis
S000-705,,,,,Sandhill,0.0,equis
S011-970,,,,,Sandhill,0.0,equis
S011-973,,,,,Sandhill,0.0,equis
S003-143,50.0,50,,,Sandhill,0.0,equis
S003-138,50.0,30,,,Sandhill,0.0,equis
S003-131,53.0,53,,,Sandhill,0.0,equis
S010-509,,,,,Sandhill,0.0,equis
S011-974,133.0,133,,,Sandhill,0.0,equis
S003-281,,,,,Sandhill,0.0,equis
S003-130,370.0,"370,-365",middle of reach,,Sandhill,0.0,equis
S004-648,370.0,"363,350",,,Sandhill,0.0,equis
S004-188,370.0,"363,350",,,Sandhill,0.0,equis
S004-358,370.0,"363,350",,,Sandhill,0.0,equis
S011-976,,,,,Sandhill,0.0,equis
S004-186,,,,,Sandhill,0.0,equis
S003-132,,,,,Sandhill,0.0,equis
S010-513,,,,,Sandhill,0.0,equis
S004-185,,,,,Sandhill,0.0,equis
S004-184,,,,,Sandhill,0.0,equis
S004-183,,,,,Sandhill,0.0,equis
S004-187,363.0,363,,,Sandhill,0.0,equis
S003-140,270.0,"251,250",,,Sandhill,0.0,equis
S004-198,130.0,"111,110",,,Sandhill,0.0,equis
S010-122,,,,,Sandhill,0.0,equis
S003-499,110.0,"90,91",,,Sandhill,0.0,equis
S004-199,170.0,170,,,Sandhill,0.0,equis
S000-706,310.0,310,,,Sandhill,0.0,equis
S000-707,,,,,Sandhill,0.0,equis
S003-135,310.0,310,almost middle of reach,,Sandhill,0.0,equis
S006-560,310.0,290,,,Sandhill,0.0,equis
S011-975,,,,,Sandhill,0.0,equis
S017-754,,,,,Sandhill,0.0,equis
S017-755,,,,,Sandhill,0.0,equis
S017-756,,,,,Sandhill,0.0,equis
S003-141,250.0,"230,231",,,Sandhill,0.0,equis
S004-182,,,,,Sandhill,0.0,equis
S006-559,150.0,150,,,Sandhill,0.0,equis
S003-144,150.0,"131,130","middle of reach, upstream tirbutary",,Sandhill,0.0,equis
S003-885,,,,,Sauk,0.0,equis
S003-884,,,,,Sauk,0.0,equis
S010-911,,,,,Sauk,0.0,equis
S014-487,,,,,Sauk,0.0,equis
S005-302,,,,,Sauk,0.0,equis
S003-870,,,,,Sauk,0.0,equis
S003-872,,,,,Sauk,0.0,equis
S003-522,,,,,Sauk,0.0,equis
S005-304,,,,,Sauk,0.0,equis
S010-908,,,,,Sauk,0.0,equis
S011-731,,,,,Sauk,0.0,equis
S011-734,,,,,Sauk,0.0,equis
S006-156,,,,,Sauk,0.0,equis
S010-596,,,,,Sauk,0.0,equis
S010-918,,,,,Sauk,0.0,equis
S010-883,,,,,Sauk,0.0,equis
S003-518,,,,,Sauk,0.0,equis
S010-880,,,,,Sauk,0.0,equis
S005-256,,,,,Sauk,0.0,equis
S000-444,,,,,Sauk,0.0,equis
S003-881,,,,,Sauk,0.0,equis
S010-877,,,,,Sauk,0.0,equis
S003-681,,,,,Sauk,0.0,equis
S003-882,,,,,Sauk,0.0,equis
S002-050,,,,,Sauk,0.0,equis
S010-878,,,,,Sauk,0.0,equis
S004-164,,,,,Sauk,0.0,equis
S003-320,,,,,Sauk,0.0,equis
S002-051,,,,,Sauk,0.0,equis
S007-218,,,,,Sauk,0.0,equis
S003-321,,,,,Sauk,0.0,equis
S003-534,,,,,Sauk,0.0,equis
S003-880,,,,,Sauk,0.0,equis
S010-876,,,,,Sauk,0.0,equis
S000-361,,,,,Sauk,0.0,equis
S012-619,,,,,Sauk,0.0,equis
S000-365,,,,,Sauk,0.0,equis
S003-873,,,,,Sauk,0.0,equis
S006-057,,,,,Sauk,0.0,equis
S000-364,,,,,Sauk,0.0,equis
S000-363,,,,,Sauk,0.0,equis
S000-447,,,,,Sauk,0.0,equis
S000-362,,,,,Sauk,0.0,equis
S006-618,,,,,Sauk,0.0,equis
S012-618,,,,,Sauk,0.0,equis
S000-446,,,,,Sauk,0.0,equis
S000-445,,,,,Sauk,0.0,equis
S000-505,,,,,Sauk,0.0,equis
S003-682,,,,,Sauk,0.0,equis
S006-624,,,,,Sauk,0.0,equis
S000-360,,,,,Sauk,0.0,equis
S006-626,,,,,Sauk,0.0,equis
S004-030,,,,,Sauk,0.0,equis
S016-262,,,,,Sauk,0.0,equis
S006-617,,,,,Sauk,0.0,equis
S010-875,,,,,Sauk,0.0,equis
S003-894,,,,,Sauk,0.0,equis
S002-053,,,,,Sauk,0.0,equis
S002-052,,,,,Sauk,0.0,equis
S003-536,,,,,Sauk,0.0,equis
S003-631,,,,,Sauk,0.0,equis
S003-287,,,,,Sauk,0.0,equis
S010-881,,,,,Sauk,0.0,equis
S014-488,,,,,Sauk,0.0,equis
S016-361,,,,,Sauk,0.0,equis
S016-362,,,,,Sauk,0.0,equis
S003-883,,,,,Sauk,0.0,equis
S000-947,,,,,Sauk,0.0,equis
S014-989,,,,,Sauk,0.0,equis
S005-424,,,,,Sauk,0.0,equis
S000-551,,,,,Sauk,0.0,equis
S000-701,,,,,Sauk,0.0,equis
S000-949,,,,,Sauk,0.0,equis
S010-882,,,,,Sauk,0.0,equis
S000-517,,,,,Sauk,0.0,equis
S000-517,,,,,Sauk,0.0,equis
S017-381,,,,,Sauk,0.0,equis
S010-884,,,,,Sauk,0.0,equis
S011-741,,,,,Sauk,0.0,equis
S010-885,,,,,Sauk,0.0,equis
S000-934,,,,,Sauk,0.0,equis
S000-518,,,,,Sauk,0.0,equis
S014-131,,,,,Sauk,0.0,equis
S010-886,,,,,Sauk,0.0,equis
S016-505,,,,,Sauk,0.0,equis
S010-887,,,,,Sauk,0.0,equis
S000-498,,,,,Sauk,0.0,equis
S003-289,,,,,Sauk,0.0,equis
S010-598,,,,,Sauk,0.0,equis
S011-742,,,,,Sauk,0.0,equis
S010-910,,,,,Sauk,0.0,equis
S004-627,,,,,Sauk,0.0,equis
S004-626,,,,,Sauk,0.0,equis
S010-897,,,,,Sauk,0.0,equis
S003-895,,,,,Sauk,0.0,equis
S010-896,,,,,Sauk,0.0,equis
S000-371,,,,,Sauk,0.0,equis
S000-370,,,,,Sauk,0.0,equis
S009-602,,,,,Sauk,0.0,equis
S002-651,,,,,Sauk,0.0,equis
S011-743,,,,,Sauk,0.0,equis
S000-369,,,,,Sauk,0.0,equis
S008-429,,,,,Sauk,0.0,equis
S003-521,,,,,Sauk,0.0,equis
S003-544,,,,,Sauk,0.0,equis
S001-442,,,,,Sauk,0.0,equis
S010-899,,,,,Sauk,0.0,equis
S001-500,,,,,Sauk,0.0,equis
S001-389,,,,,Sauk,0.0,equis
S001-390,,,,,Sauk,0.0,equis
S001-501,,,,,Sauk,0.0,equis
S001-391,,,,,Sauk,0.0,equis
S001-109,,,,,Sauk,0.0,equis
S001-108,,,,,Sauk,0.0,equis
S001-107,,,,,Sauk,0.0,equis
S001-106,,,,,Sauk,0.0,equis
S010-900,,,,,Sauk,0.0,equis
S002-655,,,,,Sauk,0.0,equis
S000-552,,,,,Sauk,0.0,equis
S003-292,,,,,Sauk,0.0,equis
S004-129,,,,,Sauk,0.0,equis
S002-656,,,,,Sauk,0.0,equis
S004-625,,,,,Sauk,0.0,equis
S011-732,,,,,Sauk,0.0,equis
S011-733,,,,,Sauk,0.0,equis
S003-874,,,,,Sauk,0.0,equis
S003-523,,,,,Sauk,0.0,equis
S002-654,,,,,Sauk,0.0,equis
S010-905,,,,,Sauk,0.0,equis
S014-892,,,,,Sauk,0.0,equis
S003-877,,,,,Sauk,0.0,equis
S003-875,,,,,Sauk,0.0,equis
S003-876,,,,,Sauk,0.0,equis
S010-904,,,,,Sauk,0.0,equis
S000-373,,,,,Sauk,0.0,equis
S000-433,,,,,Sauk,0.0,equis
S010-903,,,,,Sauk,0.0,equis
S014-489,,,,,Sauk,0.0,equis
S010-902,,,,,Sauk,0.0,equis
S000-372,,,,,Sauk,0.0,equis
S006-158,,,,,Sauk,0.0,equis
S010-901,,,,,Sauk,0.0,equis
S011-735,,,,,Sauk,0.0,equis
S000-703,,,,,Sauk,0.0,equis
S003-517,,,,,Sauk,0.0,equis
S010-588,,,,,Sauk,0.0,equis
S010-894,,,,,Sauk,0.0,equis
S010-898,,,,,Sauk,0.0,equis
S000-366,,,,,Sauk,0.0,equis
S010-895,,,,,Sauk,0.0,equis
S011-736,,,,,Sauk,0.0,equis
S000-367,,,,,Sauk,0.0,equis
S000-368,,,,,Sauk,0.0,equis
S000-497,,,,,Sauk,0.0,equis
S010-891,,,,,Sauk,0.0,equis
S010-893,,,,,Sauk,0.0,equis
S012-609,,,,,Sauk,0.0,equis
S012-610,,,,,Sauk,0.0,equis
S014-686,,,,,Sauk,0.0,equis
S010-892,,,,,Sauk,0.0,equis
S010-889,,,,,Sauk,0.0,equis
S011-740,,,,,Sauk,0.0,equis
S000-496,,,,,Sauk,0.0,equis
S011-738,,,,,Sauk,0.0,equis
S010-888,,,,,Sauk,0.0,equis
S014-104,,,,,Sauk,0.0,equis
S010-606,,,,,Sauk,0.0,equis
S000-917,,,,,Sauk,0.0,equis
S001-434,,,,,Sauk,0.0,equis
S003-484,,,,,Sauk,0.0,equis
S000-504,,,,,Sauk,0.0,equis
S004-621,,,,,Sauk,0.0,equis
S005-269,,,,,Sauk,0.0,equis
S005-270,,,,,Sauk,0.0,equis
S006-189,,,,,Sauk,0.0,equis
S003-541,,,,,Sauk,0.0,equis
S003-540,,,,,Sauk,0.0,equis
S003-539,,,,,Sauk,0.0,equis
S003-538,,,,,Sauk,0.0,equis
S003-537,,,,,Sauk,0.0,equis
S003-298,,,,,Sauk,0.0,equis
S002-650,,,,,Sauk,0.0,equis
S006-561,,,,,Sauk,0.0,equis
S006-568,,,,,Sauk,0.0,equis
S003-304,,,,,Sauk,0.0,equis
S009-633,,,,,Sauk,0.0,equis
S010-589,,,,,Sauk,0.0,equis
S011-746,,,,,Sauk,0.0,equis
S003-301,,,,,Sauk,0.0,equis
S003-300,,,,,Sauk,0.0,equis
S003-303,,,,,Sauk,0.0,equis
S002-647,,,,,Sauk,0.0,equis
S003-878,,,,,Sauk,0.0,equis
S003-879,,,,,Sauk,0.0,equis
S010-913,,,,,Sauk,0.0,equis
S003-294,,,,,Sauk,0.0,equis
S010-590,,,,,Sauk,0.0,equis
S003-297,,,,,Sauk,0.0,equis
S014-124,,,,,Sauk,0.0,equis
S003-299,,,,,Sauk,0.0,equis
S010-914,,,,,Sauk,0.0,equis
S003-293,,,,,Sauk,0.0,equis
S003-458,,,,,Sauk,0.0,equis
S010-912,,,,,Sauk,0.0,equis
S002-652,,,,,Sauk,0.0,equis
S006-157,,,,,Sauk,0.0,equis
S003-891,,,,,Sauk,0.0,equis
S002-649,,,,,Sauk,0.0,equis
S003-892,,,,,Sauk,0.0,equis
S005-071,,,,,Sauk,0.0,equis
S003-886,,,,,Sauk,0.0,equis
S003-290,,,,,Sauk,0.0,equis
S006-685,,,,,Sauk,0.0,equis
S010-909,,,,,Sauk,0.0,equis
S010-907,,,,,Sauk,0.0,equis
S006-155,,,,,Sauk,0.0,equis
S003-888,,,,,Sauk,0.0,equis
S010-916,,,,,Sauk,0.0,equis
S014-490,,,,,Sauk,0.0,equis
S006-153,,,,,Sauk,0.0,equis
S003-322,,,,,Sauk,0.0,equis
S005-502,,,,,Sauk,0.0,equis
S009-592,,,,,Sauk,0.0,equis
S010-879,,,,,Sauk,0.0,equis
S004-163,,,,,Sauk,0.0,equis
S000-432,,,,,Sauk,0.0,equis
S011-737,,,,,Sauk,0.0,equis
S003-288,,,,,Sauk,0.0,equis
S000-284,,,,,Sauk,0.0,equis
S000-702,,,,,Sauk,0.0,equis
S000-499,,,,,Sauk,0.0,equis
S000-915,,,,,Sauk,0.0,equis
S004-918,,,,,Sauk,0.0,equis
S000-916,,,,,Sauk,0.0,equis
S014-986,,,,,Sauk,0.0,equis
S014-987,,,,,Sauk,0.0,equis
S000-503,,,,,Sauk,0.0,equis
S000-017,,,,,Sauk,0.0,equis
S003-683,,,,,Sauk,0.0,equis
S007-216,,,,,Sauk,0.0,equis
S007-558,,,,,Sauk,0.0,equis
S013-359,,,,,Sauk,0.0,equis
S000-516,,,,,Sauk,0.0,equis
S000-516,,,,,Sauk,0.0,equis
S010-591,,,,,Sauk,0.0,equis
S002-648,,,,,Sauk,0.0,equis
S003-302,,,,,Sauk,0.0,equis
S003-871,,,,,Sauk,0.0,equis
S010-915,,,,,Sauk,0.0,equis
S003-535,,,,,Sauk,0.0,equis
S002-040,,,,,Sauk,0.0,equis
S014-988,,,,,Sauk,0.0,equis
S003-295,,,,,Sauk,0.0,equis
S003-296,,,,,Sauk,0.0,equis
S002-653,,,,,Sauk,0.0,equis
S000-515,,,,,Sauk,0.0,equis
S003-286,,,,,Sauk,0.0,equis
S003-890,,,,,Sauk,0.0,equis
S003-542,,,,,Sauk,0.0,equis
S010-890,,,,,Sauk,0.0,equis
S000-950,,,,,Sauk,0.0,equis
S010-917,,,,,Sauk,0.0,equis
S011-739,,,,,Sauk,0.0,equis
S010-990,,,,,ShellRock,0.0,equis
S015-336,93.0,"91,89",,,ShellRock,0.0,equis
S005-005,95.0,95,,,ShellRock,0.0,equis
S010-992,,,,,ShellRock,0.0,equis
S004-119,140.0,120,lake outlet,,ShellRock,0.0,equis
S000-002,150.0,"148,140",directly on lake shore outlet,,ShellRock,0.0,equis
S010-985,,,,,ShellRock,0.0,equis
S005-773,145.0,145,,,ShellRock,0.0,equis
S010-986,,,,,ShellRock,0.0,equis
S001-011,170.0,170,,,ShellRock,0.0,equis
S007-148,170.0,"151,150",,,ShellRock,0.0,equis
S010-995,,,,,ShellRock,0.0,equis
S009-857,,,,,ShellRock,0.0,equis
S005-096,171.0,171,,,ShellRock,0.0,equis
S009-863,,,,,ShellRock,0.0,equis
S006-770,190.0,"171,170",,,ShellRock,0.0,equis
S000-084,190.0,190,,,ShellRock,0.0,equis
S011-748,,,,,ShellRock,0.0,equis
S015-340,199.0,"195,197",,,ShellRock,0.0,equis
S004-120,97.0,97,,,ShellRock,0.0,equis
S004-120,97.0,97,,,ShellRock,0.0,equis
S006-535,97.0,97,middle of long reach,5.0,ShellRock,0.0,equis
S010-997,,,,,ShellRock,0.0,equis
S015-206,,,,,ShellRock,0.0,equis
S015-207,,,,,ShellRock,0.0,equis
S015-208,,,,,ShellRock,0.0,equis
S015-343,97.0,"93,95",,,ShellRock,0.0,equis
S005-008,10.0,10,,,ShellRock,0.0,equis
S010-996,,,,,ShellRock,0.0,equis
S006-666,,,,,ShellRock,0.0,equis
S005-010,19.0,19,,,ShellRock,0.0,equis
S010-991,,,,,ShellRock,0.0,equis
S004-117,81.0,81,,,ShellRock,0.0,equis
S010-989,209.0,209,,,ShellRock,0.0,equis
S010-416,,,,,ShellRock,0.0,equis
S009-871,,,,,ShellRock,0.0,equis
S015-342,205.0,205,,,ShellRock,0.0,equis
S015-337,,,,,ShellRock,0.0,equis
S015-338,192.0,192,,,ShellRock,0.0,equis
S004-114,85.0,85,,,ShellRock,0.0,equis
S017-214,,,,,ShellRock,0.0,equis
S005-006,89.0,89,,,ShellRock,0.0,equis
S005-007,91.0,91,,,ShellRock,0.0,equis
S006-536,,,,,ShellRock,0.0,equis
S004-115,147.0,147,,,ShellRock,0.0,equis
S015-339,195.0,194,,,ShellRock,0.0,equis
S015-341,203.0,"199,201",,,ShellRock,0.0,equis
S004-118,,,,,ShellRock,0.0,equis
S017-213,,,,,ShellRock,0.0,equis
S004-116,131.0,131,middle of headwater reach,,ShellRock,0.0,equis
S010-993,,,,,ShellRock,0.0,equis
S005-009,17.0,"13,15",,,ShellRock,0.0,equis
S010-983,,,,,ShellRock,0.0,equis
S000-142,120.0,120,lake outlet,,ShellRock,0.0,equis
S001-012,,,,,ShellRock,0.0,equis
S005-117,150.0,"148,140",Near lake outlet,,ShellRock,0.0,equis
S009-877,,,,,ShellRock,0.0,equis
S004-113,150.0,150,lower third of long reach,,ShellRock,0.0,equis
S015-335,12.0,12,,,ShellRock,0.0,equis
S004-121,50.0,50,,,ShellRock,0.0,equis
S005-615,213.0,211,,,ShellRock,0.0,equis
S005-772,143.0,143,,,ShellRock,0.0,equis
S017-758,,,,,SnakeNW,0.0,equis
S010-103,,,,,SnakeNW,0.0,equis
S012-495,,,,,SnakeNW,0.0,equis
S004-142,,,,,SnakeNW,0.0,equis
S001-598,,,,,SnakeNW,0.0,equis
S012-468,,,,,SnakeNW,0.0,equis
S012-469,,,,,SnakeNW,0.0,equis
S004-214,,,,,SnakeNW,0.0,equis
S016-558,,,,,SnakeNW,0.0,equis
S004-152,,,,,SnakeNW,0.0,equis
S012-504,,,,,SnakeNW,0.0,equis
S012-476,,,,,SnakeNW,0.0,equis
S004-213,,,,,SnakeNW,0.0,equis
S002-989,,,,,SnakeNW,0.0,equis
S017-918,,,,,SnakeNW,0.0,equis
S000-700,,,,,SnakeNW,0.0,equis
S000-699,,,,,SnakeNW,0.0,equis
S012-502,,,,,SnakeNW,0.0,equis
S010-187,,,,,SnakeNW,0.0,equis
S008-382,,,,,SnakeNW,0.0,equis
S002-985,,,,,SnakeNW,0.0,equis
S013-028,,,,,SnakeNW,0.0,equis
S010-099,,,,,SnakeNW,0.0,equis
S004-215,,,,,SnakeNW,0.0,equis
S012-470,,,,,SnakeNW,0.0,equis
S012-478,,,,,SnakeNW,0.0,equis
S003-101,,,,,SnakeNW,0.0,equis
S013-726,,,,,SnakeNW,0.0,equis
S002-986,,,,,SnakeNW,0.0,equis
S013-725,,,,,SnakeNW,0.0,equis
S002-988,,,,,SnakeNW,0.0,equis
S007-440,,,,,SnakeNW,0.0,equis
S004-106,,,,,SnakeNW,0.0,equis
S012-505,,,,,SnakeNW,0.0,equis
S017-433,,,,,SnakeNW,0.0,equis
S012-473,,,,,SnakeNW,0.0,equis
S002-987,,,,,SnakeNW,0.0,equis
S012-472,,,,,SnakeNW,0.0,equis
S012-474,,,,,SnakeNW,0.0,equis
S012-471,,,,,SnakeNW,0.0,equis
S000-185,,,,,SnakeNW,0.0,equis
S003-692,,,,,SnakeNW,0.0,equis
S000-697,,,,,SnakeNW,0.0,equis
S003-691,,,,,SnakeNW,0.0,equis
S012-465,,,,,SnakeNW,0.0,equis
S012-466,,,,,SnakeNW,0.0,equis
S000-698,,,,,SnakeNW,0.0,equis
S012-467,,,,,SnakeNW,0.0,equis
S002-108,,,,,SnakeNW,0.0,equis
S007-311,,,,,SnakeNW,0.0,equis
S012-503,,,,,SnakeNW,0.0,equis
S012-507,,,,,SnakeNW,0.0,equis
S007-310,,,,,SnakeNW,0.0,equis
S012-475,,,,,SnakeNW,0.0,equis
S012-508,,,,,SnakeNW,0.0,equis
S002-994,,,,,SnakeNW,0.0,equis
S010-397,,,,,SnakeSE,0.0,equis
S005-595,,,,,SnakeSE,0.0,equis
S013-805,,,,,SnakeSE,0.0,equis
S013-789,,,,,SnakeSE,0.0,equis
S005-599,,,,,SnakeSE,0.0,equis
S010-359,,,,,SnakeSE,0.0,equis
S013-051,,,,,SnakeSE,0.0,equis
S013-788,,,,,SnakeSE,0.0,equis
S010-316,,,,,SnakeSE,0.0,equis
S003-451,,,,,SnakeSE,0.0,equis
S013-791,,,,,SnakeSE,0.0,equis
S001-727,,,,,SnakeSE,0.0,equis
S013-790,,,,,SnakeSE,0.0,equis
S010-370,,,,,SnakeSE,0.0,equis
S005-600,,,,,SnakeSE,0.0,equis
S014-053,,,,,SnakeSE,0.0,equis
S017-945,,,,,SnakeSE,0.0,equis
S004-067,,,,,SnakeSE,0.0,equis
S013-749,,,,,SnakeSE,0.0,equis
S013-748,,,,,SnakeSE,0.0,equis
S010-386,,,,,SnakeSE,0.0,equis
S002-678,,,,,SnakeSE,0.0,equis
S010-392,,,,,SnakeSE,0.0,equis
S005-833,,,,,SnakeSE,0.0,equis
S005-849,,,,,SnakeSE,0.0,equis
S010-394,,,,,SnakeSE,0.0,equis
S013-754,,,,,SnakeSE,0.0,equis
S003-896,,,,,SnakeSE,0.0,equis
S002-676,,,,,SnakeSE,0.0,equis
S010-393,,,,,SnakeSE,0.0,equis
S006-133,,,,,SnakeSE,0.0,equis
S010-391,,,,,SnakeSE,0.0,equis
S004-352,,,,,SnakeSE,0.0,equis
S001-975,,,,,SnakeSE,0.0,equis
S013-752,,,,,SnakeSE,0.0,equis
S010-379,,,,,SnakeSE,0.0,equis
S005-848,,,,,SnakeSE,0.0,equis
S005-596,,,,,SnakeSE,0.0,equis
S005-601,,,,,SnakeSE,0.0,equis
S010-384,,,,,SnakeSE,0.0,equis
S004-317,,,,,SnakeSE,0.0,equis
S013-753,,,,,SnakeSE,0.0,equis
S008-361,,,,,SnakeSE,0.0,equis
S013-015,,,,,SnakeSE,0.0,equis
S010-334,,,,,SnakeSE,0.0,equis
S005-406,,,,,SnakeSE,0.0,equis
S010-539,,,,,SnakeSE,0.0,equis
S005-840,,,,,SnakeSE,0.0,equis
S005-841,,,,,SnakeSE,0.0,equis
S005-594,,,,,SnakeSE,0.0,equis
S002-677,,,,,SnakeSE,0.0,equis
S002-679,,,,,SnakeSE,0.0,equis
S004-862,,,,,SnakeSE,0.0,equis
S010-373,,,,,SnakeSE,0.0,equis
S002-584,,,,,SnakeSE,0.0,equis
S005-598,,,,,SnakeSE,0.0,equis
S002-583,,,,,SnakeSE,0.0,equis
S010-375,,,,,SnakeSE,0.0,equis
S010-537,,,,,SnakeSE,0.0,equis
S010-376,,,,,SnakeSE,0.0,equis
S010-536,,,,,SnakeSE,0.0,equis
S004-396,,,,,SnakeSE,0.0,equis
S004-632,,,,,SnakeSE,0.0,equis
S001-649,,,,,SnakeSE,0.0,equis
S005-091,,,,,SnakeSE,0.0,equis
S004-397,,,,,SnakeSE,0.0,equis
S004-398,,,,,SnakeSE,0.0,equis
S005-090,,,,,SnakeSE,0.0,equis
S004-527,,,,,SnakeSE,0.0,equis
S002-579,,,,,SnakeSE,0.0,equis
S005-604,,,,,SnakeSE,0.0,equis
S010-325,,,,,SnakeSE,0.0,equis
S010-401,,,,,SnakeSE,0.0,equis
S013-750,,,,,SnakeSE,0.0,equis
S004-393,,,,,SnakeSE,0.0,equis
S010-368,,,,,SnakeSE,0.0,equis
S010-363,,,,,SnakeSE,0.0,equis
S010-389,,,,,SnakeSE,0.0,equis
S010-388,,,,,SnakeSE,0.0,equis
S005-404,,,,,SnakeSE,0.0,equis
S010-387,,,,,SnakeSE,0.0,equis
S003-639,,,,,SnakeSE,0.0,equis
S007-718,,,,,SnakeSE,0.0,equis
S017-911,,,,,SnakeSE,0.0,equis
S004-703,,,,,SnakeSE,0.0,equis
S005-603,,,,,SnakeSE,0.0,equis
S010-400,,,,,SnakeSE,0.0,equis
S004-636,,,,,SnakeSE,0.0,equis
S008-329,,,,,SnakeSE,0.0,equis
S006-920,,,,,SnakeSE,0.0,equis
S003-528,,,,,SnakeSE,0.0,equis
S004-637,,,,,SnakeSE,0.0,equis
S004-638,,,,,SnakeSE,0.0,equis
S010-343,,,,,SnakeSE,0.0,equis
S014-012,,,,,SnakeSE,0.0,equis
S005-593,,,,,SnakeSE,0.0,equis
S005-597,,,,,SnakeSE,0.0,equis
S010-371,,,,,SnakeSE,0.0,equis
S002-588,,,,,SnakeSE,0.0,equis
S002-589,,,,,SnakeSE,0.0,equis
S010-383,,,,,SnakeSE,0.0,equis
S006-919,,,,,SnakeSE,0.0,equis
S009-356,,,,,SnakeSE,0.0,equis
S009-355,,,,,SnakeSE,0.0,equis
S013-751,,,,,SnakeSE,0.0,equis
S003-529,,,,,SnakeSE,0.0,equis
S005-046,,,,,SnakeSE,0.0,equis
S006-134,,,,,SnakeSE,0.0,equis
S014-009,,,,,SnakeSE,0.0,equis
S002-582,,,,,SnakeSE,0.0,equis
S002-542,,,,,SnakeSE,0.0,equis
S010-399,,,,,SnakeSE,0.0,equis
S010-535,,,,,SnakeSE,0.0,equis
S013-764,,,,,SnakeSE,0.0,equis
S004-635,,,,,SnakeSE,0.0,equis
S004-392,,,,,SnakeSE,0.0,equis
S004-640,,,,,SnakeSE,0.0,equis
S003-530,,,,,SnakeSE,0.0,equis
S004-634,,,,,SnakeSE,0.0,equis
S010-382,,,,,SnakeSE,0.0,equis
S013-813,,,,,SnakeSE,0.0,equis
S005-843,,,,,SnakeSE,0.0,equis
S005-602,,,,,SnakeSE,0.0,equis
S005-844,,,,,SnakeSE,0.0,equis
S010-405,,,,,SnakeSE,0.0,equis
S003-641,,,,,SnakeSE,0.0,equis
S013-806,,,,,SnakeSE,0.0,equis
S010-378,,,,,SnakeSE,0.0,equis
S013-804,,,,,SnakeSE,0.0,equis
S005-286,,,,,SnakeSE,0.0,equis
S005-292,,,,,SnakeSE,0.0,equis
S005-293,,,,,SnakeSE,0.0,equis
S010-381,,,,,SnakeSE,0.0,equis
S013-756,,,,,SnakeSE,0.0,equis
S003-533,,,,,SnakeSE,0.0,equis
S005-847,,,,,SnakeSE,0.0,equis
S005-846,,,,,SnakeSE,0.0,equis
S007-286,,,,,SnakeSE,0.0,equis
S001-644,,,,,SnakeSE,0.0,equis
S006-423,,,,,SnakeSE,0.0,equis
S006-435,,,,,SnakeSE,0.0,equis
S007-629,,,,,SnakeSE,0.0,equis
S002-590,,,,,SnakeSE,0.0,equis
S002-591,,,,,SnakeSE,0.0,equis
S006-436,,,,,SnakeSE,0.0,equis
S002-585,,,,,SnakeSE,0.0,equis
S016-326,,,,,SnakeSE,0.0,equis
S005-246,,,,,SnakeSE,0.0,equis
S006-425,,,,,SnakeSE,0.0,equis
S006-426,,,,,SnakeSE,0.0,equis
S010-402,,,,,SnakeSE,0.0,equis
S013-999,,,,,SnakeSE,0.0,equis
S010-404,,,,,SnakeSE,0.0,equis
S010-403,,,,,SnakeSE,0.0,equis
S013-761,,,,,SnakeSE,0.0,equis
S017-344,,,,,SnakeSE,0.0,equis
S003-640,,,,,SnakeSE,0.0,equis
S001-152,,,,,SnakeSE,0.0,equis
S001-099,,,,,SnakeSE,0.0,equis
S001-098,,,,,SnakeSE,0.0,equis
S010-410,,,,,SnakeSE,0.0,equis
S010-409,,,,,SnakeSE,0.0,equis
S010-407,,,,,SnakeSE,0.0,equis
S010-348,,,,,SnakeSE,0.0,equis
S003-664,,,,,SnakeSE,0.0,equis
S010-406,,,,,SnakeSE,0.0,equis
S010-314,,,,,SnakeSE,0.0,equis
S010-377,,,,,SnakeSE,0.0,equis
S009-237,,,,,SnakeSE,0.0,equis
S004-103,,,,,SnakeSE,0.0,equis
S005-792,,,,,SnakeSE,0.0,equis
S004-936,,,,,SnakeSE,0.0,equis
S004-641,,,,,SnakeSE,0.0,equis
S004-633,,,,,SnakeSE,0.0,equis
S004-070,,,,,SnakeSE,0.0,equis
S004-070,,,,,SnakeSE,0.0,equis
S014-005,,,,,SnakeSE,0.0,equis
S010-360,,,,,SnakeSE,0.0,equis
S010-408,,,,,SnakeSE,0.0,equis
S003-638,,,,,SnakeSE,0.0,equis
S010-319,,,,,SnakeSE,0.0,equis
S013-755,,,,,SnakeSE,0.0,equis
S017-396,,,,,SnakeSE,0.0,equis
S002-581,,,,,SnakeSE,0.0,equis
S002-587,,,,,SnakeSE,0.0,equis
S010-380,,,,,SnakeSE,0.0,equis
S009-206,,,,,SnakeSE,0.0,equis
S009-455,,,,,SnakeSE,0.0,equis
S016-561,,,,,SnakeSE,0.0,equis
S014-010,,,,,SnakeSE,0.0,equis
S006-135,,,,,SnakeSE,0.0,equis
S013-285,,,,,SnakeSE,0.0,equis
S007-150,,,,,SnakeSE,0.0,equis
S013-762,,,,,SnakeSE,0.0,equis
S000-279,,,,,SnakeSE,0.0,equis
S010-354,,,,,SnakeSE,0.0,equis
S013-763,,,,,SnakeSE,0.0,equis
S006-131,,,,,SnakeSE,0.0,equis
S010-372,,,,,SnakeSE,0.0,equis
S005-285,,,,,SnakeSE,0.0,equis
S003-357,,,,,SnakeSE,0.0,equis
S005-337,,,,,SnakeSE,0.0,equis
S003-359,,,,,SnakeSE,0.0,equis
S005-336,,,,,SnakeSE,0.0,equis
S003-358,,,,,SnakeSE,0.0,equis
S005-616,,,,,SnakeSE,0.0,equis
S005-621,,,,,SnakeSE,0.0,equis
S005-622,,,,,SnakeSE,0.0,equis
S005-850,,,,,SnakeSE,0.0,equis
S013-284,,,,,SnakeSE,0.0,equis
S013-757,,,,,SnakeSE,0.0,equis
S005-288,,,,,SnakeSE,0.0,equis
S005-287,,,,,SnakeSE,0.0,equis
S000-198,,,,,SnakeSE,0.0,equis
S005-289,,,,,SnakeSE,0.0,equis
S005-291,,,,,SnakeSE,0.0,equis
S010-351,,,,,SnakeSE,0.0,equis
S005-290,,,,,SnakeSE,0.0,equis
S002-479,,,,,SnakeSE,0.0,equis
S005-842,,,,,SnakeSE,0.0,equis
S010-398,,,,,SnakeSE,0.0,equis
S001-726,,,,,SnakeSE,0.0,equis
S010-396,,,,,SnakeSE,0.0,equis
S003-527,,,,,SnakeSE,0.0,equis
S006-132,,,,,SnakeSE,0.0,equis
S010-395,,,,,SnakeSE,0.0,equis
S013-797,,,,,SnakeSE,0.0,equis
S007-152,,,,,SnakeSE,0.0,equis
S013-811,,,,,SnakeSE,0.0,equis
S013-812,,,,,SnakeSE,0.0,equis
S010-329,,,,,SnakeSE,0.0,equis
S007-151,,,,,SnakeSE,0.0,equis
S010-385,,,,,SnakeSE,0.0,equis
S011-203,,,,,SnakeSE,0.0,equis
S001-976,,,,,SnakeSE,0.0,equis
S002-592,,,,,SnakeSE,0.0,equis
S006-412,,,,,SnakeSE,0.0,equis
S010-390,,,,,SnakeSE,0.0,equis
S002-675,,,,,SnakeSE,0.0,equis
S006-130,,,,,SnakeSE,0.0,equis
S006-558,,,,,SnakeSE,0.0,equis
S014-013,,,,,SnakeSE,0.0,equis
S003-782,,,,,SnakeSE,0.0,equis
S004-066,,,,,SnakeSE,0.0,equis
S009-850,,,,,SnakeSE,0.0,equis
S001-097,,,,,SnakeSE,0.0,equis
S009-849,,,,,SnakeSE,0.0,equis
S014-658,,,,,SnakeSE,0.0,equis
S001-096,,,,,SnakeSE,0.0,equis
S003-532,,,,,SnakeSE,0.0,equis
S003-531,,,,,SnakeSE,0.0,equis
S006-424,,,,,SnakeSE,0.0,equis
S010-538,,,,,SnakeSE,0.0,equis
S013-758,,,,,SnakeSE,0.0,equis
S001-646,,,,,SnakeSE,0.0,equis
S004-394,,,,,SnakeSE,0.0,equis
S004-395,,,,,SnakeSE,0.0,equis
S010-374,,,,,SnakeSE,0.0,equis
S002-580,,,,,SnakeSE,0.0,equis
S005-767,,,,,StLouisCloquet,0.0,equis
S002-595,,,,,StLouisCloquet,0.0,equis
S013-890,,,,,StLouisCloquet,0.0,equis
S002-593,,,,,StLouisCloquet,0.0,equis
S011-060,,,,,StLouisCloquet,0.0,equis
S011-059,,,,,StLouisCloquet,0.0,equis
S004-595,,,,,StLouisCloquet,0.0,equis
S002-596,,,,,StLouisCloquet,0.0,equis
S008-311,,,,,StLouisCloquet,0.0,equis
S007-023,,,,,StLouisCloquet,0.0,equis
S007-220,,,,,StLouisCloquet,0.0,equis
S016-273,,,,,StLouisCloquet,0.0,equis
S007-022,,,,,StLouisCloquet,0.0,equis
S007-053,,,,,StLouisCloquet,0.0,equis
S009-170,,,,,StLouisCloquet,0.0,equis
S009-168,,,,,StLouisCloquet,0.0,equis
S009-166,,,,,StLouisCloquet,0.0,equis
S009-167,,,,,StLouisCloquet,0.0,equis
S007-268,,,,,StLouisCloquet,0.0,equis
S009-169,,,,,StLouisCloquet,0.0,equis
S007-795,,,,,StLouisCloquet,0.0,equis
S007-212,,,,,StLouisCloquet,0.0,equis
S007-213,,,,,StLouisCloquet,0.0,equis
S007-214,,,,,StLouisCloquet,0.0,equis
S009-171,,,,,StLouisCloquet,0.0,equis
S009-172,,,,,StLouisCloquet,0.0,equis
S007-794,,,,,StLouisCloquet,0.0,equis
S012-127,,,,,StLouisCloquet,0.0,equis
S013-566,,,,,StLouisCloquet,0.0,equis
S005-752,,,,,StLouisCloquet,0.0,equis
S007-513,,,,,StLouisCloquet,0.0,equis
S011-067,,,,,StLouisCloquet,0.0,equis
S002-599,,,,,StLouisCloquet,0.0,equis
S007-443,,,,,StLouisCloquet,0.0,equis
S002-597,,,,,StLouisCloquet,0.0,equis
S008-297,,,,,StLouisCloquet,0.0,equis
S011-328,,,,,StLouisCloquet,0.0,equis
S013-367,,,,,StLouisCloquet,0.0,equis
S013-833,,,,,StLouisCloquet,0.0,equis
S013-842,,,,,StLouisCloquet,0.0,equis
S013-893,,,,,StLouisCloquet,0.0,equis
S002-598,,,,,StLouisCloquet,0.0,equis
S013-940,,,,,StLouisCloquet,0.0,equis
S011-050,,,,,StLouisCloquet,0.0,equis
S013-832,,,,,StLouisCloquet,0.0,equis
S013-947,,,,,StLouisCloquet,0.0,equis
S006-929,,,,,StLouisCloquet,0.0,equis
S006-071,,,,,StLouisCloquet,0.0,equis
S007-663,,,,,StLouisCloquet,0.0,equis
S007-042,,,,,StLouisCloquet,0.0,equis
S011-058,,,,,StLouisCloquet,0.0,equis
S006-548,,,,,StLouisCloquet,0.0,equis
S001-680,,,,,StLouisCloquet,0.0,equis
S007-952,,,,,StLouisCloquet,0.0,equis
S011-057,,,,,StLouisCloquet,0.0,equis
S011-291,,,,,StLouisCloquet,0.0,equis
S013-126,,,,,StLouisCloquet,0.0,equis
S007-802,,,,,StLouisCloquet,0.0,equis
S006-543,,,,,StLouisCloquet,0.0,equis
S007-278,,,,,StLouisCloquet,0.0,equis
S001-472,,,,,StLouisCloquet,0.0,equis
S007-277,,,,,StLouisCloquet,0.0,equis
S007-043,,,,,StLouisCloquet,0.0,equis
S002-594,,,,,StLouisCloquet,0.0,equis
S007-797,,,,,StLouisCloquet,0.0,equis
S006-070,,,,,StLouisCloquet,0.0,equis
S013-834,,,,,StLouisCloquet,0.0,equis
S013-941,,,,,StLouisCloquet,0.0,equis
S006-547,,,,,StLouisCloquet,0.0,equis
S001-471,,,,,StLouisCloquet,0.0,equis
S007-279,,,,,StLouisCloquet,0.0,equis
S013-831,,,,,StLouisCloquet,0.0,equis
S005-751,,,,,StLouisCloquet,0.0,equis
S001-542,,,,,StLouisCloquet,0.0,equis
S007-045,,,,,StLouisCloquet,0.0,equis
S007-028,,,,,StLouisCloquet,0.0,equis
S011-054,,,,,StLouisCloquet,0.0,equis
S007-026,,,,,StLouisCloquet,0.0,equis
S006-724,,,,,StLouisCloquet,0.0,equis
S007-034,,,,,StLouisCloquet,0.0,equis
S005-750,,,,,StLouisCloquet,0.0,equis
S007-692,,,,,StLouisCloquet,0.0,equis
S007-691,,,,,StLouisCloquet,0.0,equis
S012-346,,,,,StLouisCloquet,0.0,equis
S012-347,,,,,StLouisCloquet,0.0,equis
S012-348,,,,,StLouisCloquet,0.0,equis
S013-951,,,,,StLouisCloquet,0.0,equis
S007-039,,,,,StLouisCloquet,0.0,equis
S012-124,,,,,StLouisCloquet,0.0,equis
S007-256,,,,,StLouisCloquet,0.0,equis
S007-040,,,,,StLouisCloquet,0.0,equis
S007-041,,,,,StLouisCloquet,0.0,equis
S007-255,,,,,StLouisCloquet,0.0,equis
S007-254,,,,,StLouisCloquet,0.0,equis
S011-872,,,,,StLouisCloquet,0.0,equis
S007-250,,,,,StLouisCloquet,0.0,equis
S007-251,,,,,StLouisCloquet,0.0,equis
S007-252,,,,,StLouisCloquet,0.0,equis
S012-123,,,,,StLouisCloquet,0.0,equis
S007-253,,,,,StLouisCloquet,0.0,equis
S004-601,,,,,StLouisCloquet,0.0,equis
S000-597,,,,,StLouisCloquet,0.0,equis
S006-109,,,,,StLouisCloquet,0.0,equis
S007-160,,,,,StLouisCloquet,0.0,equis
S017-929,,,,,StLouisCloquet,0.0,equis
S005-682,,,,,StLouisCloquet,0.0,equis
S000-755,,,,,StLouisCloquet,0.0,equis
S000-757,,,,,StLouisCloquet,0.0,equis
S000-756,,,,,StLouisCloquet,0.0,equis
S013-950,,,,,StLouisCloquet,0.0,equis
S011-039,,,,,StLouisCloquet,0.0,equis
S011-040,,,,,StLouisCloquet,0.0,equis
S011-065,,,,,StLouisCloquet,0.0,equis
S013-942,,,,,StLouisCloquet,0.0,equis
S013-943,,,,,StLouisCloquet,0.0,equis
S000-596,,,,,StLouisCloquet,0.0,equis
S006-108,,,,,StLouisCloquet,0.0,equis
S005-685,,,,,StLouisCloquet,0.0,equis
S000-592,,,,,StLouisCloquet,0.0,equis
S000-593,,,,,StLouisCloquet,0.0,equis
S005-748,,,,,StLouisCloquet,0.0,equis
S000-594,,,,,StLouisCloquet,0.0,equis
S000-595,,,,,StLouisCloquet,0.0,equis
S006-545,,,,,StLouisCloquet,0.0,equis
S005-681,,,,,StLouisCloquet,0.0,equis
S007-161,,,,,StLouisCloquet,0.0,equis
S005-658,,,,,StLouisCloquet,0.0,equis
S013-944,,,,,StLouisCloquet,0.0,equis
S000-598,,,,,StLouisCloquet,0.0,equis
S006-190,,,,,StLouisCloquet,0.0,equis
S006-191,,,,,StLouisCloquet,0.0,equis
S000-589,,,,,StLouisCloquet,0.0,equis
S000-792,,,,,StLouisCloquet,0.0,equis
S006-107,,,,,StLouisCloquet,0.0,equis
S000-726,,,,,StLouisCloquet,0.0,equis
S000-590,,,,,StLouisCloquet,0.0,equis
S007-246,,,,,StLouisCloquet,0.0,equis
S000-599,,,,,StLouisCloquet,0.0,equis
S005-680,,,,,StLouisCloquet,0.0,equis
S000-591,,,,,StLouisCloquet,0.0,equis
S007-951,,,,,StLouisCloquet,0.0,equis
S007-245,,,,,StLouisCloquet,0.0,equis
S007-244,,,,,StLouisCloquet,0.0,equis
S007-243,,,,,StLouisCloquet,0.0,equis
S005-659,,,,,StLouisCloquet,0.0,equis
S007-248,,,,,StLouisCloquet,0.0,equis
S007-249,,,,,StLouisCloquet,0.0,equis
S011-034,,,,,StLouisCloquet,0.0,equis
S017-920,,,,,StLouisCloquet,0.0,equis
S007-153,,,,,StLouisCloquet,0.0,equis
S011-038,,,,,StLouisCloquet,0.0,equis
S007-155,,,,,StLouisCloquet,0.0,equis
S007-156,,,,,StLouisCloquet,0.0,equis
S007-604,,,,,StLouisCloquet,0.0,equis
S007-605,,,,,StLouisCloquet,0.0,equis
S007-154,,,,,StLouisCloquet,0.0,equis
S005-757,,,,,StLouisCloquet,0.0,equis
S006-544,,,,,StLouisCloquet,0.0,equis
S007-158,,,,,StLouisCloquet,0.0,equis
S007-157,,,,,StLouisCloquet,0.0,equis
S013-847,,,,,StLouisCloquet,0.0,equis
S000-281,,,,,StLouisCloquet,0.0,equis
S005-770,,,,,StLouisCloquet,0.0,equis
S000-641,,,,,StLouisCloquet,0.0,equis
S013-845,,,,,StLouisCloquet,0.0,equis
S006-192,,,,,StLouisCloquet,0.0,equis
S008-387,,,,,StLouisCloquet,0.0,equis
S013-846,,,,,StLouisCloquet,0.0,equis
S013-853,,,,,StLouisCloquet,0.0,equis
S000-119,,,,,StLouisCloquet,0.0,equis
S011-047,,,,,StLouisCloquet,0.0,equis
S000-568,,,,,StLouisCloquet,0.0,equis
S013-132,,,,,StLouisCloquet,0.0,equis
S007-267,,,,,StLouisCloquet,0.0,equis
S006-546,,,,,StLouisCloquet,0.0,equis
S011-871,,,,,StLouisCloquet,0.0,equis
S007-274,,,,,StLouisCloquet,0.0,equis
S001-158,,,,,StLouisCloquet,0.0,equis
S007-275,,,,,StLouisCloquet,0.0,equis
S001-063,,,,,StLouisCloquet,0.0,equis
S001-064,,,,,StLouisCloquet,0.0,equis
S001-065,,,,,StLouisCloquet,0.0,equis
S011-046,,,,,StLouisCloquet,0.0,equis
S001-066,,,,,StLouisCloquet,0.0,equis
S001-067,,,,,StLouisCloquet,0.0,equis
S001-068,,,,,StLouisCloquet,0.0,equis
S007-276,,,,,StLouisCloquet,0.0,equis
S001-159,,,,,StLouisCloquet,0.0,equis
S001-160,,,,,StLouisCloquet,0.0,equis
S013-946,,,,,StLouisCloquet,0.0,equis
S007-615,,,,,StLouisCloquet,0.0,equis
S000-758,,,,,StLouisCloquet,0.0,equis
S000-759,,,,,StLouisCloquet,0.0,equis
S013-889,,,,,StLouisCloquet,0.0,equis
S007-052,,,,,StLouisCloquet,0.0,equis
S013-554,,,,,StLouisCloquet,0.0,equis
S011-024,,,,,StLouisCloquet,0.0,equis
S011-062,,,,,StLouisCloquet,0.0,equis
S013-851,,,,,StLouisCloquet,0.0,equis
S000-285,,,,,StLouisCloquet,0.0,equis
S011-025,,,,,StLouisCloquet,0.0,equis
S006-663,,,,,StLouisCloquet,0.0,equis
S007-109,,,,,StLouisCloquet,0.0,equis
S006-551,,,,,StLouisCloquet,0.0,equis
S007-281,,,,,StLouisCloquet,0.0,equis
S013-977,,,,,StLouisCloquet,0.0,equis
S007-261,,,,,StLouisCloquet,0.0,equis
S007-260,,,,,StLouisCloquet,0.0,equis
S007-259,,,,,StLouisCloquet,0.0,equis
S011-018,,,,,StLouisCloquet,0.0,equis
S007-056,,,,,StLouisCloquet,0.0,equis
S007-273,,,,,StLouisCloquet,0.0,equis
S007-264,,,,,StLouisCloquet,0.0,equis
S005-762,,,,,StLouisCloquet,0.0,equis
S007-265,,,,,StLouisCloquet,0.0,equis
S011-021,,,,,StLouisCloquet,0.0,equis
S011-019,,,,,StLouisCloquet,0.0,equis
S007-184,,,,,StLouisCloquet,0.0,equis
S013-368,,,,,StLouisCloquet,0.0,equis
S011-031,,,,,StLouisCloquet,0.0,equis
S013-372,,,,,StLouisCloquet,0.0,equis
S013-844,,,,,StLouisCloquet,0.0,equis
S011-032,,,,,StLouisCloquet,0.0,equis
S011-033,,,,,StLouisCloquet,0.0,equis
S014-625,,,,,StLouisCloquet,0.0,equis
S011-030,,,,,StLouisCloquet,0.0,equis
S005-769,,,,,StLouisCloquet,0.0,equis
S005-754,,,,,StLouisCloquet,0.0,equis
S013-843,,,,,StLouisCloquet,0.0,equis
S005-768,,,,,StLouisCloquet,0.0,equis
S005-766,,,,,StLouisCloquet,0.0,equis
S013-848,,,,,StLouisCloquet,0.0,equis
S014-050,,,,,StLouisCloquet,0.0,equis
S013-849,,,,,StLouisCloquet,0.0,equis
S016-854,,,,,StLouisCloquet,0.0,equis
S005-765,,,,,StLouisCloquet,0.0,equis
S007-178,,,,,StLouisCloquet,0.0,equis
S007-029,,,,,StLouisCloquet,0.0,equis
S007-030,,,,,StLouisCloquet,0.0,equis
S007-266,,,,,StLouisCloquet,0.0,equis
S011-028,,,,,StLouisCloquet,0.0,equis
S013-852,,,,,StLouisCloquet,0.0,equis
S011-397,,,,,StLouisCloquet,0.0,equis
S005-764,,,,,StLouisCloquet,0.0,equis
S016-855,,,,,StLouisCloquet,0.0,equis
S000-984,,,,,StLouisCloquet,0.0,equis
S013-976,,,,,StLouisCloquet,0.0,equis
S016-857,,,,,StLouisCloquet,0.0,equis
S016-867,,,,,StLouisCloquet,0.0,equis
S016-856,,,,,StLouisCloquet,0.0,equis
S013-948,,,,,StLouisCloquet,0.0,equis
S011-072,,,,,StLouisCloquet,0.0,equis
S000-983,,,,,StLouisCloquet,0.0,equis
S014-657,,,,,StLouisCloquet,0.0,equis
S013-975,,,,,StLouisCloquet,0.0,equis
S013-553,,,,,StLouisCloquet,0.0,equis
S013-854,,,,,StLouisCloquet,0.0,equis
S006-694,,,,,StLouisCloquet,0.0,equis
S013-979,,,,,StLouisCloquet,0.0,equis
S014-598,,,,,StLouisCloquet,0.0,equis
S007-664,,,,,StLouisCloquet,0.0,equis
S011-261,,,,,StLouisCloquet,0.0,equis
S008-229,,,,,StLouisCloquet,0.0,equis
S005-763,,,,,StLouisCloquet,0.0,equis
S011-026,,,,,StLouisCloquet,0.0,equis
S014-683,,,,,StLouisCloquet,0.0,equis
S016-858,,,,,StLouisCloquet,0.0,equis
S016-859,,,,,StLouisCloquet,0.0,equis
S005-761,,,,,StLouisCloquet,0.0,equis
S008-371,,,,,StLouisCloquet,0.0,equis
S017-239,,,,,StLouisCloquet,0.0,equis
S017-731,,,,,StLouisCloquet,0.0,equis
S011-061,,,,,StLouisCloquet,0.0,equis
S013-973,,,,,StLouisCloquet,0.0,equis
S017-240,,,,,StLouisCloquet,0.0,equis
S017-241,,,,,StLouisCloquet,0.0,equis
S007-263,,,,,StLouisCloquet,0.0,equis
S007-228,,,,,StLouisCloquet,0.0,equis
S007-262,,,,,StLouisCloquet,0.0,equis
S013-855,,,,,StLouisCloquet,0.0,equis
S011-063,,,,,StLouisCloquet,0.0,equis
S014-600,,,,,StLouisCloquet,0.0,equis
S016-003,,,,,StLouisCloquet,0.0,equis
S017-236,,,,,StLouisCloquet,0.0,equis
S017-237,,,,,StLouisCloquet,0.0,equis
S017-238,,,,,StLouisCloquet,0.0,equis
S011-016,,,,,StLouisCloquet,0.0,equis
S017-231,,,,,StLouisCloquet,0.0,equis
S017-232,,,,,StLouisCloquet,0.0,equis
S017-234,,,,,StLouisCloquet,0.0,equis
S017-235,,,,,StLouisCloquet,0.0,equis
S004-599,,,,,StLouisCloquet,0.0,equis
S005-755,,,,,StLouisCloquet,0.0,equis
S017-208,,,,,StLouisCloquet,0.0,equis
S005-753,,,,,StLouisCloquet,0.0,equis
S011-064,,,,,StLouisCloquet,0.0,equis
S017-224,,,,,StLouisCloquet,0.0,equis
S011-015,,,,,StLouisCloquet,0.0,equis
S017-225,,,,,StLouisCloquet,0.0,equis
S017-226,,,,,StLouisCloquet,0.0,equis
S017-227,,,,,StLouisCloquet,0.0,equis
S017-228,,,,,StLouisCloquet,0.0,equis
S017-229,,,,,StLouisCloquet,0.0,equis
S005-756,,,,,StLouisCloquet,0.0,equis
S006-064,,,,,StLouisCloquet,0.0,equis
S011-012,,,,,StLouisCloquet,0.0,equis
S017-258,,,,,StLouisCloquet,0.0,equis
S011-014,,,,,StLouisCloquet,0.0,equis
S011-013,,,,,StLouisCloquet,0.0,equis
S017-256,,,,,StLouisCloquet,0.0,equis
S017-264,,,,,StLouisCloquet,0.0,equis
S011-010,,,,,StLouisCloquet,0.0,equis
S008-327,,,,,StLouisCloquet,0.0,equis
S011-066,,,,,StLouisCloquet,0.0,equis
S004-594,,,,,StLouisCloquet,0.0,equis
S007-098,,,,,StLouisCloquet,0.0,equis
S013-866,,,,,StLouisCloquet,0.0,equis
S017-263,,,,,StLouisCloquet,0.0,equis
S017-257,,,,,StLouisCloquet,0.0,equis
S017-259,,,,,StLouisCloquet,0.0,equis
S017-260,,,,,StLouisCloquet,0.0,equis
S017-261,,,,,StLouisCloquet,0.0,equis
S017-262,,,,,StLouisCloquet,0.0,equis
S011-011,,,,,StLouisCloquet,0.0,equis
S005-303,,,,,StLouisCloquet,0.0,equis
S016-606,,,,,StLouisCloquet,0.0,equis
S011-005,,,,,StLouisCloquet,0.0,equis
S007-227,,,,,StLouisCloquet,0.0,equis
S004-600,,,,,StLouisCloquet,0.0,equis
S004-321,,,,,StLouisCloquet,0.0,equis
S013-901,,,,,StLouisCloquet,0.0,equis
S003-974,,,,,StLouisCloquet,0.0,equis
S003-780,,,,,StLouisCloquet,0.0,equis
S011-071,,,,,StLouisCloquet,0.0,equis
S005-471,,,,,StLouisCloquet,0.0,equis
S011-070,,,,,StLouisCloquet,0.0,equis
S013-918,,,,,StLouisCloquet,0.0,equis
S013-859,,,,,StLouisCloquet,0.0,equis
S013-916,,,,,StLouisCloquet,0.0,equis
S008-882,,,,,StLouisCloquet,0.0,equis
S013-915,,,,,StLouisCloquet,0.0,equis
S005-863,,,,,StLouisCloquet,0.0,equis
S013-914,,,,,StLouisCloquet,0.0,equis
S013-913,,,,,StLouisCloquet,0.0,equis
S014-571,,,,,StLouisCloquet,0.0,equis
S014-578,,,,,StLouisCloquet,0.0,equis
S014-579,,,,,StLouisCloquet,0.0,equis
S014-581,,,,,StLouisCloquet,0.0,equis
S014-582,,,,,StLouisCloquet,0.0,equis
S014-584,,,,,StLouisCloquet,0.0,equis
S014-586,,,,,StLouisCloquet,0.0,equis
S014-587,,,,,StLouisCloquet,0.0,equis
S014-589,,,,,StLouisCloquet,0.0,equis
S014-591,,,,,StLouisCloquet,0.0,equis
S016-518,,,,,StLouisCloquet,0.0,equis
S005-942,,,,,StLouisCloquet,0.0,equis
S013-912,,,,,StLouisCloquet,0.0,equis
S014-572,,,,,StLouisCloquet,0.0,equis
S014-573,,,,,StLouisCloquet,0.0,equis
S014-574,,,,,StLouisCloquet,0.0,equis
S014-575,,,,,StLouisCloquet,0.0,equis
S014-577,,,,,StLouisCloquet,0.0,equis
S016-292,,,,,StLouisCloquet,0.0,equis
S016-293,,,,,StLouisCloquet,0.0,equis
S003-611,,,,,StLouisCloquet,0.0,equis
S013-962,,,,,StLouisCloquet,0.0,equis
S004-597,,,,,StLouisCloquet,0.0,equis
S014-580,,,,,StLouisCloquet,0.0,equis
S014-592,,,,,StLouisCloquet,0.0,equis
S004-956,,,,,StLouisCloquet,0.0,equis
S011-009,,,,,StLouisCloquet,0.0,equis
S005-759,,,,,StLouisCloquet,0.0,equis
S011-008,,,,,StLouisCloquet,0.0,equis
S013-896,,,,,StLouisCloquet,0.0,equis
S011-068,,,,,StLouisCloquet,0.0,equis
S016-294,,,,,StLouisCloquet,0.0,equis
S016-295,,,,,StLouisCloquet,0.0,equis
S016-296,,,,,StLouisCloquet,0.0,equis
S016-297,,,,,StLouisCloquet,0.0,equis
S016-515,,,,,StLouisCloquet,0.0,equis
S000-022,,,,,StLouisCloquet,0.0,equis
S013-904,,,,,StLouisCloquet,0.0,equis
S003-971,,,,,StLouisCloquet,0.0,equis
S003-973,,,,,StLouisCloquet,0.0,equis
S003-970,,,,,StLouisCloquet,0.0,equis
S004-598,,,,,StLouisCloquet,0.0,equis
S011-289,,,,,StLouisCloquet,0.0,equis
S013-558,,,,,StLouisCloquet,0.0,equis
S013-865,,,,,StLouisCloquet,0.0,equis
S012-122,,,,,StLouisCloquet,0.0,equis
S007-054,,,,,StLouisCloquet,0.0,equis
S004-596,,,,,StLouisCloquet,0.0,equis
S007-258,,,,,StLouisCloquet,0.0,equis
S011-069,,,,,StLouisCloquet,0.0,equis
S006-794,,,,,StLouisCloquet,0.0,equis
S007-257,,,,,StLouisCloquet,0.0,equis
S006-794,,,,,StLouisCloquet,0.0,equis
S013-899,,,,,StLouisCloquet,0.0,equis
S016-880,,,,,StLouisCloquet,0.0,equis
S016-881,,,,,StLouisCloquet,0.0,equis
S016-882,,,,,StLouisCloquet,0.0,equis
S003-983,,,,,StLouisCloquet,0.0,equis
S000-616,,,,,StLouisCloquet,0.0,equis
S003-982,,,,,StLouisCloquet,0.0,equis
S003-981,,,,,StLouisCloquet,0.0,equis
S003-972,,,,,StLouisCloquet,0.0,equis
S007-444,,,,,StLouisCloquet,0.0,equis
S004-972,,,,,StLouisCloquet,0.0,equis
S016-616,,,,,StLouisCloquet,0.0,equis
S013-981,,,,,StLouisCloquet,0.0,equis
S000-262,,,,,StLouisCloquet,0.0,equis
S017-276,,,,,StLouisCloquet,0.0,equis
S017-277,,,,,StLouisCloquet,0.0,equis
S013-905,,,,,StLouisCloquet,0.0,equis
S013-864,,,,,StLouisCloquet,0.0,equis
S004-971,,,,,StLouisCloquet,0.0,equis
S000-021,,,,,StLouisCloquet,0.0,equis
S004-976,,,,,StLouisCloquet,0.0,equis
S011-001,,,,,StLouisCloquet,0.0,equis
S004-974,,,,,StLouisCloquet,0.0,equis
S007-206,,,,,StLouisCloquet,0.0,equis
S013-982,,,,,StLouisCloquet,0.0,equis
S009-076,,,,,StLouisCloquet,0.0,equis
S014-607,,,,,StLouisCloquet,0.0,equis
S017-275,,,,,StLouisCloquet,0.0,equis
S017-463,,,,,StLouisCloquet,0.0,equis
S011-402,,,,,StLouisCloquet,0.0,equis
S009-747,,,,,StLouisCloquet,0.0,equis
S003-898,,,,,StLouisCloquet,0.0,equis
S009-112,,,,,StLouisCloquet,0.0,equis
S009-746,,,,,StLouisCloquet,0.0,equis
S004-958,,,,,StLouisCloquet,0.0,equis
S017-173,,,,,StLouisCloquet,0.0,equis
S017-174,,,,,StLouisCloquet,0.0,equis
S005-487,,,,,StLouisCloquet,0.0,equis
S001-170,,,,,StLouisCloquet,0.0,equis
S007-978,,,,,StLouisCloquet,0.0,equis
S013-931,,,,,StLouisCloquet,0.0,equis
S003-070,,,,,StLouisCloquet,0.0,equis
S007-977,,,,,StLouisCloquet,0.0,equis
S001-171,,,,,StLouisCloquet,0.0,equis
S007-975,,,,,StLouisCloquet,0.0,equis
S001-172,,,,,StLouisCloquet,0.0,equis
S004-973,,,,,StLouisCloquet,0.0,equis
S001-372,,,,,StLouisCloquet,0.0,equis
S009-109,,,,,StLouisCloquet,0.0,equis
S006-270,,,,,StLouisCloquet,0.0,equis
S001-168,,,,,StLouisCloquet,0.0,equis
S009-751,,,,,StLouisCloquet,0.0,equis
S006-236,,,,,StLouisCloquet,0.0,equis
S003-071,,,,,StLouisCloquet,0.0,equis
S008-484,,,,,StLouisCloquet,0.0,equis
S004-959,,,,,StLouisCloquet,0.0,equis
S006-804,,,,,StLouisCloquet,0.0,equis
S006-804,,,,,StLouisCloquet,0.0,equis
S001-173,,,,,StLouisCloquet,0.0,equis
S001-173,,,,,StLouisCloquet,0.0,equis
S001-169,,,,,StLouisCloquet,0.0,equis
S013-102,,,,,StLouisCloquet,0.0,equis
S008-391,,,,,StLouisCloquet,0.0,equis
S013-104,,,,,StLouisCloquet,0.0,equis
S013-670,,,,,StLouisCloquet,0.0,equis
S013-107,,,,,StLouisCloquet,0.0,equis
S013-108,,,,,StLouisCloquet,0.0,equis
S008-251,,,,,StLouisCloquet,0.0,equis
S008-143,,,,,StLouisCloquet,0.0,equis
S013-120,,,,,StLouisCloquet,0.0,equis
S008-455,,,,,StLouisCloquet,0.0,equis
S007-722,,,,,StLouisCloquet,0.0,equis
S007-610,,,,,StLouisCloquet,0.0,equis
S013-105,,,,,StLouisCloquet,0.0,equis
S012-690,,,,,StLouisCloquet,0.0,equis
S013-841,,,,,StLouisCloquet,0.0,equis
S013-984,,,,,StLouisCloquet,0.0,equis
S014-237,,,,,StLouisCloquet,0.0,equis
S014-238,,,,,StLouisCloquet,0.0,equis
S014-239,,,,,StLouisCloquet,0.0,equis
S013-109,,,,,StLouisCloquet,0.0,equis
S006-979,,,,,StLouisCloquet,0.0,equis
S013-115,,,,,StLouisCloquet,0.0,equis
S013-840,,,,,StLouisCloquet,0.0,equis
S013-110,,,,,StLouisCloquet,0.0,equis
S013-117,,,,,StLouisCloquet,0.0,equis
S013-892,,,,,StLouisCloquet,0.0,equis
S014-615,,,,,StLouisCloquet,0.0,equis
S010-234,,,,,StLouisCloquet,0.0,equis
S013-112,,,,,StLouisCloquet,0.0,equis
S008-456,,,,,StLouisCloquet,0.0,equis
S013-839,,,,,StLouisCloquet,0.0,equis
S005-548,,,,,StLouisCloquet,0.0,equis
S013-111,,,,,StLouisCloquet,0.0,equis
S013-113,,,,,StLouisCloquet,0.0,equis
S006-072,,,,,StLouisCloquet,0.0,equis
S008-457,,,,,StLouisCloquet,0.0,equis
S013-850,,,,,StLouisCloquet,0.0,equis
S014-240,,,,,StLouisCloquet,0.0,equis
S014-241,,,,,StLouisCloquet,0.0,equis
S014-242,,,,,StLouisCloquet,0.0,equis
S014-247,,,,,StLouisCloquet,0.0,equis
S008-458,,,,,StLouisCloquet,0.0,equis
S009-733,,,,,StLouisCloquet,0.0,equis
S014-243,,,,,StLouisCloquet,0.0,equis
S014-248,,,,,StLouisCloquet,0.0,equis
S014-244,,,,,StLouisCloquet,0.0,equis
S014-245,,,,,StLouisCloquet,0.0,equis
S014-246,,,,,StLouisCloquet,0.0,equis
S014-897,,,,,StLouisCloquet,0.0,equis
S017-891,,,,,StLouisCloquet,0.0,equis
S013-114,,,,,StLouisCloquet,0.0,equis
S013-895,,,,,StLouisCloquet,0.0,equis
S005-147,,,,,StLouisCloquet,0.0,equis
S003-968,,,,,StLouisCloquet,0.0,equis
S013-119,,,,,StLouisCloquet,0.0,equis
S005-758,,,,,StLouisCloquet,0.0,equis
S006-803,,,,,StLouisCloquet,0.0,equis
S006-803,,,,,StLouisCloquet,0.0,equis
S006-983,,,,,StLouisCloquet,0.0,equis
S006-983,,,,,StLouisCloquet,0.0,equis
S006-802,,,,,StLouisCloquet,0.0,equis
S006-802,,,,,StLouisCloquet,0.0,equis
S006-984,,,,,StLouisCloquet,0.0,equis
S006-984,,,,,StLouisCloquet,0.0,equis
LD01727,,,,,StLouisCloquet,0.0,equis
LD01723,,,,,StLouisCloquet,0.0,equis
LD01724,,,,,StLouisCloquet,0.0,equis
S006-928,,,,,StLouisCloquet,0.0,equis
LD01725,,,,,StLouisCloquet,0.0,equis
S017-270,,,,,StLouisCloquet,0.0,equis
S004-970,,,,,StLouisCloquet,0.0,equis
S017-271,,,,,StLouisCloquet,0.0,equis
S017-272,,,,,StLouisCloquet,0.0,equis
S017-273,,,,,StLouisCloquet,0.0,equis
S004-957,,,,,StLouisCloquet,0.0,equis
S016-050,,,,,StLouisCloquet,0.0,equis
S007-055,,,,,StLouisCloquet,0.0,equis
S009-100,,,,,StLouisCloquet,0.0,equis
S004-952,,,,,StLouisCloquet,0.0,equis
S007-269,,,,,StLouisCloquet,0.0,equis
S012-126,,,,,StLouisCloquet,0.0,equis
S017-462,,,,,StLouisCloquet,0.0,equis
S003-985,,,,,StLouisCloquet,0.0,equis
S008-483,,,,,StLouisCloquet,0.0,equis
S004-975,,,,,StLouisCloquet,0.0,equis
S003-984,,,,,StLouisCloquet,0.0,equis
S003-975,,,,,StLouisCloquet,0.0,equis
S000-277,,,,,StLouisCloquet,0.0,equis
S004-968,,,,,StLouisCloquet,0.0,equis
S008-482,,,,,StLouisCloquet,0.0,equis
S007-271,,,,,StLouisCloquet,0.0,equis
S016-291,,,,,StLouisCloquet,0.0,equis
S016-290,,,,,StLouisCloquet,0.0,equis
S016-289,,,,,StLouisCloquet,0.0,equis
S016-288,,,,,StLouisCloquet,0.0,equis
S007-105,,,,,StLouisCloquet,0.0,equis
S016-287,,,,,StLouisCloquet,0.0,equis
S016-286,,,,,StLouisCloquet,0.0,equis
S016-285,,,,,StLouisCloquet,0.0,equis
S016-284,,,,,StLouisCloquet,0.0,equis
S016-283,,,,,StLouisCloquet,0.0,equis
S012-125,,,,,StLouisCloquet,0.0,equis
S016-049,,,,,StLouisCloquet,0.0,equis
S007-104,,,,,StLouisCloquet,0.0,equis
S013-939,,,,,StLouisCloquet,0.0,equis
S007-051,,,,,StLouisCloquet,0.0,equis
S013-742,,,,,StLouisCloquet,0.0,equis
S009-102,,,,,StLouisCloquet,0.0,equis
S013-933,,,,,StLouisCloquet,0.0,equis
S007-272,,,,,StLouisCloquet,0.0,equis
S009-103,,,,,StLouisCloquet,0.0,equis
S013-741,,,,,StLouisCloquet,0.0,equis
S016-006,,,,,StLouisCloquet,0.0,equis
S007-270,,,,,StLouisCloquet,0.0,equis
S007-323,,,,,StLouisCloquet,0.0,equis
S009-104,,,,,StLouisCloquet,0.0,equis
S001-304,,,,,StLouisCloquet,0.0,equis
S003-992,,,,,StLouisCloquet,0.0,equis
S007-098,,,,,StLouisCloquet,0.0,equis
S000-023,,,,,StLouisCloquet,0.0,equis
S013-903,,,,,StLouisCloquet,0.0,equis
S000-760,,,,,StLouisCloquet,0.0,equis
S000-761,,,,,StLouisCloquet,0.0,equis
S013-945,,,,,StLouisCloquet,0.0,equis
S014-051,,,,,StLouisCloquet,0.0,equis
S016-458,,,,,StLouisCloquet,0.0,equis
S016-459,,,,,StLouisCloquet,0.0,equis
S016-460,,,,,StLouisCloquet,0.0,equis
S005-749,,,,,StLouisCloquet,0.0,equis
S011-048,,,,,StLouisCloquet,0.0,equis
S000-631,,,,,StLouisCloquet,0.0,equis
S007-208,,,,,StLouisCloquet,0.0,equis
S003-969,,,,,StLouisCloquet,0.0,equis
S013-980,,,,,StLouisCloquet,0.0,equis
S005-296,,,,,StLouisCloquet,0.0,equis
S000-046,,,,,StLouisCloquet,0.0,equis
S005-089,,,,,StLouisCloquet,0.0,equis
S000-629,,,,,StLouisCloquet,0.0,equis
S011-375,,,,,SuperiorNorth,0.0,equis
S008-031,,,,,SuperiorNorth,0.0,equis
S013-582,,,,,SuperiorNorth,0.0,equis
S013-961,,,,,SuperiorNorth,0.0,equis
S012-322,,,,,SuperiorNorth,0.0,equis
S012-323,,,,,SuperiorNorth,0.0,equis
S012-306,,,,,SuperiorNorth,0.0,equis
S008-033,,,,,SuperiorNorth,0.0,equis
S008-912,,,,,SuperiorNorth,0.0,equis
S008-911,,,,,SuperiorNorth,0.0,equis
S013-870,,,,,SuperiorNorth,0.0,equis
S014-553,,,,,SuperiorNorth,0.0,equis
S014-554,,,,,SuperiorNorth,0.0,equis
S014-556,,,,,SuperiorNorth,0.0,equis
S014-557,,,,,SuperiorNorth,0.0,equis
S016-696,,,,,SuperiorNorth,0.0,equis
S012-336,,,,,SuperiorNorth,0.0,equis
S013-969,,,,,SuperiorNorth,0.0,equis
S013-972,,,,,SuperiorNorth,0.0,equis
S008-490,,,,,SuperiorNorth,0.0,equis
S004-277,,,,,SuperiorNorth,0.0,equis
S004-278,,,,,SuperiorNorth,0.0,equis
S008-488,,,,,SuperiorNorth,0.0,equis
S007-911,,,,,SuperiorNorth,0.0,equis
S008-489,,,,,SuperiorNorth,0.0,equis
S009-071,,,,,SuperiorNorth,0.0,equis
S009-072,,,,,SuperiorNorth,0.0,equis
S004-855,,,,,SuperiorNorth,0.0,equis
S004-235,,,,,SuperiorNorth,0.0,equis
S008-486,,,,,SuperiorNorth,0.0,equis
S008-487,,,,,SuperiorNorth,0.0,equis
S009-070,,,,,SuperiorNorth,0.0,equis
S009-068,,,,,SuperiorNorth,0.0,equis
S009-131,,,,,SuperiorNorth,0.0,equis
S004-853,,,,,SuperiorNorth,0.0,equis
S009-069,,,,,SuperiorNorth,0.0,equis
S004-856,,,,,SuperiorNorth,0.0,equis
S005-937,,,,,SuperiorNorth,0.0,equis
S009-073,,,,,SuperiorNorth,0.0,equis
S004-283,,,,,SuperiorNorth,0.0,equis
S007-557,,,,,SuperiorNorth,0.0,equis
S003-903,,,,,SuperiorNorth,0.0,equis
S013-366,,,,,SuperiorNorth,0.0,equis
S013-968,,,,,SuperiorNorth,0.0,equis
S012-328,,,,,SuperiorNorth,0.0,equis
S013-880,,,,,SuperiorNorth,0.0,equis
S013-371,,,,,SuperiorNorth,0.0,equis
S012-338,,,,,SuperiorNorth,0.0,equis
S007-327,,,,,SuperiorNorth,0.0,equis
S013-967,,,,,SuperiorNorth,0.0,equis
S008-918,,,,,SuperiorNorth,0.0,equis
S008-027,,,,,SuperiorNorth,0.0,equis
S000-865,,,,,SuperiorNorth,0.0,equis
S017-833,,,,,SuperiorNorth,0.0,equis
S017-421,,,,,SuperiorNorth,0.0,equis
S016-260,,,,,SuperiorNorth,0.0,equis
S001-383,,,,,SuperiorNorth,0.0,equis
S013-123,,,,,SuperiorNorth,0.0,equis
S013-122,,,,,SuperiorNorth,0.0,equis
S013-964,,,,,SuperiorNorth,0.0,equis
S007-326,,,,,SuperiorNorth,0.0,equis
S000-855,,,,,SuperiorNorth,0.0,equis
S013-966,,,,,SuperiorNorth,0.0,equis
S006-286,,,,,SuperiorNorth,0.0,equis
S013-876,,,,,SuperiorNorth,0.0,equis
S011-348,,,,,SuperiorNorth,0.0,equis
S012-308,,,,,SuperiorNorth,0.0,equis
S013-668,,,,,SuperiorNorth,0.0,equis
S000-863,,,,,SuperiorNorth,0.0,equis
S013-887,,,,,SuperiorNorth,0.0,equis
S000-251,,,,,SuperiorNorth,0.0,equis
S008-268,,,,,SuperiorNorth,0.0,equis
S012-342,,,,,SuperiorNorth,0.0,equis
S016-714,,,,,SuperiorNorth,0.0,equis
S012-307,,,,,SuperiorNorth,0.0,equis
S013-879,,,,,SuperiorNorth,0.0,equis
S000-253,,,,,SuperiorNorth,0.0,equis
S010-072,,,,,SuperiorNorth,0.0,equis
S012-331,,,,,SuperiorNorth,0.0,equis
S013-737,,,,,SuperiorNorth,0.0,equis
S013-738,,,,,SuperiorNorth,0.0,equis
S014-057,,,,,SuperiorNorth,0.0,equis
S014-026,,,,,SuperiorNorth,0.0,equis
S010-071,,,,,SuperiorNorth,0.0,equis
S014-028,,,,,SuperiorNorth,0.0,equis
S000-862,,,,,SuperiorNorth,0.0,equis
S013-886,,,,,SuperiorNorth,0.0,equis
S014-027,,,,,SuperiorNorth,0.0,equis
S012-329,,,,,SuperiorNorth,0.0,equis
S007-466,,,,,SuperiorNorth,0.0,equis
S012-334,,,,,SuperiorNorth,0.0,equis
S014-056,,,,,SuperiorNorth,0.0,equis
S013-125,,,,,SuperiorNorth,0.0,equis
S008-915,,,,,SuperiorNorth,0.0,equis
S008-028,,,,,SuperiorNorth,0.0,equis
S012-691,,,,,SuperiorNorth,0.0,equis
S013-364,,,,,SuperiorNorth,0.0,equis
S000-909,,,,,SuperiorNorth,0.0,equis
S014-663,,,,,SuperiorNorth,0.0,equis
S012-314,,,,,SuperiorNorth,0.0,equis
S013-588,,,,,SuperiorNorth,0.0,equis
S013-589,,,,,SuperiorNorth,0.0,equis
S013-909,,,,,SuperiorNorth,0.0,equis
S017-895,,,,,SuperiorNorth,0.0,equis
S008-485,,,,,SuperiorNorth,0.0,equis
S006-284,,,,,SuperiorNorth,0.0,equis
S012-340,,,,,SuperiorNorth,0.0,equis
S011-441,,,,,SuperiorNorth,0.0,equis
S013-584,,,,,SuperiorNorth,0.0,equis
S013-877,,,,,SuperiorNorth,0.0,equis
S013-959,,,,,SuperiorNorth,0.0,equis
S014-621,,,,,SuperiorNorth,0.0,equis
S008-030,,,,,SuperiorNorth,0.0,equis
S000-265,,,,,SuperiorNorth,0.0,equis
S013-634,,,,,SuperiorNorth,0.0,equis
S010-442,,,,,SuperiorNorth,0.0,equis
S013-131,,,,,SuperiorNorth,0.0,equis
S006-274,,,,,SuperiorNorth,0.0,equis
S011-440,,,,,SuperiorNorth,0.0,equis
S008-335,,,,,SuperiorNorth,0.0,equis
S013-635,,,,,SuperiorNorth,0.0,equis
S013-867,,,,,SuperiorNorth,0.0,equis
S012-330,,,,,SuperiorNorth,0.0,equis
S012-318,,,,,SuperiorNorth,0.0,equis
S011-442,,,,,SuperiorNorth,0.0,equis
S012-341,,,,,SuperiorNorth,0.0,equis
S013-963,,,,,SuperiorNorth,0.0,equis
S002-276,,,,,SuperiorNorth,0.0,equis
S004-446,,,,,SuperiorNorth,0.0,equis
S004-443,,,,,SuperiorNorth,0.0,equis
S004-444,,,,,SuperiorNorth,0.0,equis
S006-276,,,,,SuperiorNorth,0.0,equis
S007-548,,,,,SuperiorNorth,0.0,equis
S000-254,,,,,SuperiorNorth,0.0,equis
S013-873,,,,,SuperiorNorth,0.0,equis
S013-992,,,,,SuperiorNorth,0.0,equis
S011-444,,,,,SuperiorNorth,0.0,equis
S011-443,,,,,SuperiorNorth,0.0,equis
S006-285,,,,,SuperiorNorth,0.0,equis
S008-914,,,,,SuperiorNorth,0.0,equis
S012-317,,,,,SuperiorNorth,0.0,equis
S011-386,,,,,SuperiorNorth,0.0,equis
S008-910,,,,,SuperiorNorth,0.0,equis
S013-958,,,,,SuperiorNorth,0.0,equis
S014-527,,,,,SuperiorNorth,0.0,equis
S008-909,,,,,SuperiorNorth,0.0,equis
S008-383,,,,,SuperiorNorth,0.0,equis
S012-319,,,,,SuperiorNorth,0.0,equis
S004-954,,,,,SuperiorNorth,0.0,equis
S013-365,,,,,SuperiorNorth,0.0,equis
S013-891,,,,,SuperiorNorth,0.0,equis
S013-587,,,,,SuperiorNorth,0.0,equis
S008-032,,,,,SuperiorNorth,0.0,equis
S007-783,,,,,SuperiorNorth,0.0,equis
S000-259,,,,,SuperiorNorth,0.0,equis
S013-960,,,,,SuperiorNorth,0.0,equis
S017-422,,,,,SuperiorNorth,0.0,equis
S013-954,,,,,SuperiorNorth,0.0,equis
S012-324,,,,,SuperiorNorth,0.0,equis
S013-875,,,,,SuperiorNorth,0.0,equis
S008-319,,,,,SuperiorNorth,0.0,equis
S012-326,,,,,SuperiorNorth,0.0,equis
S012-333,,,,,SuperiorNorth,0.0,equis
S013-872,,,,,SuperiorNorth,0.0,equis
S007-544,,,,,SuperiorNorth,0.0,equis
S000-250,,,,,SuperiorNorth,0.0,equis
S008-236,,,,,SuperiorNorth,0.0,equis
S009-365,,,,,SuperiorNorth,0.0,equis
S013-965,,,,,SuperiorNorth,0.0,equis
S016-700,,,,,SuperiorNorth,0.0,equis
S017-166,,,,,SuperiorNorth,0.0,equis
S009-546,,,,,SuperiorNorth,0.0,equis
S013-884,,,,,SuperiorNorth,0.0,equis
S012-305,,,,,SuperiorNorth,0.0,equis
S000-876,,,,,SuperiorNorth,0.0,equis
S013-970,,,,,SuperiorNorth,0.0,equis
S013-971,,,,,SuperiorNorth,0.0,equis
S000-260,,,,,SuperiorNorth,0.0,equis
S013-883,,,,,SuperiorNorth,0.0,equis
S007-545,,,,,SuperiorNorth,0.0,equis
S008-917,,,,,SuperiorNorth,0.0,equis
S008-916,,,,,SuperiorNorth,0.0,equis
S013-121,,,,,SuperiorNorth,0.0,equis
S006-290,,,,,SuperiorNorth,0.0,equis
S004-951,,,,,SuperiorNorth,0.0,equis
S003-865,,,,,SuperiorNorth,0.0,equis
S001-753,,,,,SuperiorNorth,0.0,equis
S004-406,,,,,SuperiorNorth,0.0,equis
S000-261,,,,,SuperiorNorth,0.0,equis
S012-313,,,,,SuperiorNorth,0.0,equis
S013-868,,,,,SuperiorNorth,0.0,equis
S013-869,,,,,SuperiorNorth,0.0,equis
S013-937,,,,,SuperiorNorth,0.0,equis
S013-565,,,,,SuperiorNorth,0.0,equis
S012-321,,,,,SuperiorNorth,0.0,equis
S012-316,,,,,SuperiorNorth,0.0,equis
S002-275,,,,,SuperiorNorth,0.0,equis
S004-445,,,,,SuperiorNorth,0.0,equis
S013-906,,,,,SuperiorNorth,0.0,equis
S000-878,,,,,SuperiorNorth,0.0,equis
S013-882,,,,,SuperiorNorth,0.0,equis
S013-669,,,,,SuperiorNorth,0.0,equis
S014-055,,,,,SuperiorNorth,0.0,equis
S008-367,,,,,SuperiorNorth,0.0,equis
S016-617,,,,,SuperiorNorth,0.0,equis
S006-282,,,,,SuperiorNorth,0.0,equis
S007-415,,,,,SuperiorNorth,0.0,equis
S000-875,,,,,SuperiorNorth,0.0,equis
S012-335,,,,,SuperiorNorth,0.0,equis
S012-337,,,,,SuperiorNorth,0.0,equis
S000-864,,,,,SuperiorNorth,0.0,equis
S013-881,,,,,SuperiorNorth,0.0,equis
S017-954,,,,,SuperiorNorth,0.0,equis
S013-370,,,,,SuperiorNorth,0.0,equis
S013-369,,,,,SuperiorNorth,0.0,equis
S003-790,,,,,SuperiorNorth,0.0,equis
S000-910,,,,,SuperiorNorth,0.0,equis
S014-550,,,,,SuperiorNorth,0.0,equis
S014-558,,,,,SuperiorNorth,0.0,equis
S012-311,,,,,SuperiorNorth,0.0,equis
S013-837,,,,,SuperiorSouth,0.0,equis
S016-703,,,,,SuperiorSouth,0.0,equis
S013-568,,,,,SuperiorSouth,0.0,equis
S006-263,,,,,SuperiorSouth,0.0,equis
S006-287,,,,,SuperiorSouth,0.0,equis
S009-551,,,,,SuperiorSouth,0.0,equis
S011-315,,,,,SuperiorSouth,0.0,equis
S011-848,,,,,SuperiorSouth,0.0,equis
S013-835,,,,,SuperiorSouth,0.0,equis
S009-552,,,,,SuperiorSouth,0.0,equis
S011-849,,,,,SuperiorSouth,0.0,equis
S013-910,,,,,SuperiorSouth,0.0,equis
S008-870,,,,,SuperiorSouth,0.0,equis
S007-990,,,,,SuperiorSouth,0.0,equis
S007-989,,,,,SuperiorSouth,0.0,equis
S011-825,,,,,SuperiorSouth,0.0,equis
S017-943,,,,,SuperiorSouth,0.0,equis
S007-986,,,,,SuperiorSouth,0.0,equis
S003-990,,,,,SuperiorSouth,0.0,equis
S013-838,,,,,SuperiorSouth,0.0,equis
S007-408,,,,,SuperiorSouth,0.0,equis
S007-407,,,,,SuperiorSouth,0.0,equis
S007-406,,,,,SuperiorSouth,0.0,equis
S007-367,,,,,SuperiorSouth,0.0,equis
S007-410,,,,,SuperiorSouth,0.0,equis
S011-850,,,,,SuperiorSouth,0.0,equis
S012-686,,,,,SuperiorSouth,0.0,equis
S016-618,,,,,SuperiorSouth,0.0,equis
S007-411,,,,,SuperiorSouth,0.0,equis
S007-411,,,,,SuperiorSouth,0.0,equis
S011-851,,,,,SuperiorSouth,0.0,equis
S009-736,,,,,SuperiorSouth,0.0,equis
S007-987,,,,,SuperiorSouth,0.0,equis
S003-987,,,,,SuperiorSouth,0.0,equis
S006-088,,,,,SuperiorSouth,0.0,equis
S003-991,,,,,SuperiorSouth,0.0,equis
S011-826,,,,,SuperiorSouth,0.0,equis
S013-953,,,,,SuperiorSouth,0.0,equis
S015-250,,,,,SuperiorSouth,0.0,equis
S015-251,,,,,SuperiorSouth,0.0,equis
S015-252,,,,,SuperiorSouth,0.0,equis
S015-253,,,,,SuperiorSouth,0.0,equis
S015-254,,,,,SuperiorSouth,0.0,equis
S015-255,,,,,SuperiorSouth,0.0,equis
S015-256,,,,,SuperiorSouth,0.0,equis
S015-257,,,,,SuperiorSouth,0.0,equis
S015-258,,,,,SuperiorSouth,0.0,equis
S015-259,,,,,SuperiorSouth,0.0,equis
S008-085,,,,,SuperiorSouth,0.0,equis
S011-827,,,,,SuperiorSouth,0.0,equis
S013-049,,,,,SuperiorSouth,0.0,equis
S013-861,,,,,SuperiorSouth,0.0,equis
S013-952,,,,,SuperiorSouth,0.0,equis
S014-035,,,,,SuperiorSouth,0.0,equis
S014-037,,,,,SuperiorSouth,0.0,equis
S003-670,,,,,SuperiorSouth,0.0,equis
S008-039,,,,,SuperiorSouth,0.0,equis
S006-267,,,,,SuperiorSouth,0.0,equis
S011-828,,,,,SuperiorSouth,0.0,equis
S008-000,,,,,SuperiorSouth,0.0,equis
S006-265,,,,,SuperiorSouth,0.0,equis
S008-040,,,,,SuperiorSouth,0.0,equis
S009-748,,,,,SuperiorSouth,0.0,equis
S008-001,,,,,SuperiorSouth,0.0,equis
S006-268,,,,,SuperiorSouth,0.0,equis
S008-069,,,,,SuperiorSouth,0.0,equis
S009-749,,,,,SuperiorSouth,0.0,equis
S011-834,,,,,SuperiorSouth,0.0,equis
S008-068,,,,,SuperiorSouth,0.0,equis
S008-067,,,,,SuperiorSouth,0.0,equis
S008-073,,,,,SuperiorSouth,0.0,equis
S011-831,,,,,SuperiorSouth,0.0,equis
S013-130,,,,,SuperiorSouth,0.0,equis
S013-907,,,,,SuperiorSouth,0.0,equis
S007-830,,,,,SuperiorSouth,0.0,equis
S007-831,,,,,SuperiorSouth,0.0,equis
S007-600,,,,,SuperiorSouth,0.0,equis
S006-980,,,,,SuperiorSouth,0.0,equis
S007-602,,,,,SuperiorSouth,0.0,equis
S013-902,,,,,SuperiorSouth,0.0,equis
S005-547,,,,,SuperiorSouth,0.0,equis
S011-366,,,,,SuperiorSouth,0.0,equis
S008-002,,,,,SuperiorSouth,0.0,equis
S007-832,,,,,SuperiorSouth,0.0,equis
S007-599,,,,,SuperiorSouth,0.0,equis
S007-601,,,,,SuperiorSouth,0.0,equis
S007-833,,,,,SuperiorSouth,0.0,equis
S007-829,,,,,SuperiorSouth,0.0,equis
S007-823,,,,,SuperiorSouth,0.0,equis
S011-837,,,,,SuperiorSouth,0.0,equis
S007-822,,,,,SuperiorSouth,0.0,equis
S007-828,,,,,SuperiorSouth,0.0,equis
S007-827,,,,,SuperiorSouth,0.0,equis
S013-911,,,,,SuperiorSouth,0.0,equis
S006-280,,,,,SuperiorSouth,0.0,equis
S001-754,,,,,SuperiorSouth,0.0,equis
S000-255,,,,,SuperiorSouth,0.0,equis
S003-986,,,,,SuperiorSouth,0.0,equis
S008-908,,,,,SuperiorSouth,0.0,equis
S014-560,,,,,SuperiorSouth,0.0,equis
S007-449,,,,,SuperiorSouth,0.0,equis
S007-448,,,,,SuperiorSouth,0.0,equis
S007-451,,,,,SuperiorSouth,0.0,equis
S007-447,,,,,SuperiorSouth,0.0,equis
S001-755,,,,,SuperiorSouth,0.0,equis
S007-614,,,,,SuperiorSouth,0.0,equis
S008-810,,,,,SuperiorSouth,0.0,equis
S008-907,,,,,SuperiorSouth,0.0,equis
S011-853,,,,,SuperiorSouth,0.0,equis
S007-817,,,,,SuperiorSouth,0.0,equis
S007-816,,,,,SuperiorSouth,0.0,equis
S008-838,,,,,SuperiorSouth,0.0,equis
S003-839,,,,,SuperiorSouth,0.0,equis
S003-980,,,,,SuperiorSouth,0.0,equis
S006-238,,,,,SuperiorSouth,0.0,equis
S006-281,,,,,SuperiorSouth,0.0,equis
S003-977,,,,,SuperiorSouth,0.0,equis
S000-258,,,,,SuperiorSouth,0.0,equis
S001-329,,,,,SuperiorSouth,0.0,equis
S004-731,,,,,SuperiorSouth,0.0,equis
S007-811,,,,,SuperiorSouth,0.0,equis
S007-812,,,,,SuperiorSouth,0.0,equis
S007-814,,,,,SuperiorSouth,0.0,equis
S007-820,,,,,SuperiorSouth,0.0,equis
S008-077,,,,,SuperiorSouth,0.0,equis
S008-837,,,,,SuperiorSouth,0.0,equis
S009-127,,,,,SuperiorSouth,0.0,equis
S013-856,,,,,SuperiorSouth,0.0,equis
S014-959,,,,,SuperiorSouth,0.0,equis
S007-815,,,,,SuperiorSouth,0.0,equis
S013-637,,,,,SuperiorSouth,0.0,equis
S007-821,,,,,SuperiorSouth,0.0,equis
S013-857,,,,,SuperiorSouth,0.0,equis
S007-818,,,,,SuperiorSouth,0.0,equis
S011-838,,,,,SuperiorSouth,0.0,equis
S007-819,,,,,SuperiorSouth,0.0,equis
S017-984,,,,,SuperiorSouth,0.0,equis
S009-114,,,,,SuperiorSouth,0.0,equis
S004-953,,,,,SuperiorSouth,0.0,equis
S004-714,,,,,SuperiorSouth,0.0,equis
S013-932,,,,,SuperiorSouth,0.0,equis
S016-614,,,,,SuperiorSouth,0.0,equis
S017-314,,,,,SuperiorSouth,0.0,equis
S003-979,,,,,SuperiorSouth,0.0,equis
S006-279,,,,,SuperiorSouth,0.0,equis
S007-988,,,,,SuperiorSouth,0.0,equis
S012-343,,,,,SuperiorSouth,0.0,equis
S012-344,,,,,SuperiorSouth,0.0,equis
S014-052,,,,,SuperiorSouth,0.0,equis
S011-316,,,,,SuperiorSouth,0.0,equis
S011-842,,,,,SuperiorSouth,0.0,equis
S003-642,,,,,SuperiorSouth,0.0,equis
S014-673,,,,,SuperiorSouth,0.0,equis
S004-950,,,,,SuperiorSouth,0.0,equis
S009-120,,,,,SuperiorSouth,0.0,equis
S015-198,,,,,SuperiorSouth,0.0,equis
S015-199,,,,,SuperiorSouth,0.0,equis
S015-200,,,,,SuperiorSouth,0.0,equis
S015-201,,,,,SuperiorSouth,0.0,equis
S015-202,,,,,SuperiorSouth,0.0,equis
S006-289,,,,,SuperiorSouth,0.0,equis
S007-357,,,,,SuperiorSouth,0.0,equis
S008-004,,,,,SuperiorSouth,0.0,equis
S008-906,,,,,SuperiorSouth,0.0,equis
S011-844,,,,,SuperiorSouth,0.0,equis
S007-360,,,,,SuperiorSouth,0.0,equis
S012-688,,,,,SuperiorSouth,0.0,equis
S016-648,,,,,SuperiorSouth,0.0,equis
S007-603,,,,,SuperiorSouth,0.0,equis
S012-689,,,,,SuperiorSouth,0.0,equis
S007-361,,,,,SuperiorSouth,0.0,equis
S013-639,,,,,SuperiorSouth,0.0,equis
S013-874,,,,,SuperiorSouth,0.0,equis
S007-356,,,,,SuperiorSouth,0.0,equis
S007-948,,,,,SuperiorSouth,0.0,equis
S007-947,,,,,SuperiorSouth,0.0,equis
S007-362,,,,,SuperiorSouth,0.0,equis
S007-365,,,,,SuperiorSouth,0.0,equis
S006-273,,,,,SuperiorSouth,0.0,equis
S013-129,,,,,SuperiorSouth,0.0,equis
S007-967,,,,,SuperiorSouth,0.0,equis
S013-128,,,,,SuperiorSouth,0.0,equis
S007-968,,,,,SuperiorSouth,0.0,equis
S008-005,,,,,SuperiorSouth,0.0,equis
S007-598,,,,,SuperiorSouth,0.0,equis
S000-252,,,,,SuperiorSouth,0.0,equis
S007-355,,,,,SuperiorSouth,0.0,equis
S013-638,,,,,SuperiorSouth,0.0,equis
S013-728,,,,,SuperiorSouth,0.0,equis
S013-729,,,,,SuperiorSouth,0.0,equis
S013-836,,,,,SuperiorSouth,0.0,equis
S003-669,,,,,SuperiorSouth,0.0,equis
S006-240,,,,,SuperiorSouth,0.0,equis
S000-257,,,,,SuperiorSouth,0.0,equis
S013-671,,,,,SuperiorSouth,0.0,equis
S003-976,,,,,SuperiorSouth,0.0,equis
S005-488,,,,,SuperiorSouth,0.0,equis
S013-858,,,,,SuperiorSouth,0.0,equis
S005-469,,,,,SuperiorSouth,0.0,equis
S014-561,,,,,SuperiorSouth,0.0,equis
S014-562,,,,,SuperiorSouth,0.0,equis
S014-563,,,,,SuperiorSouth,0.0,equis
S014-564,,,,,SuperiorSouth,0.0,equis
S007-596,,,,,SuperiorSouth,0.0,equis
S007-592,,,,,SuperiorSouth,0.0,equis
S004-364,,,,,SuperiorSouth,0.0,equis
S009-115,,,,,SuperiorSouth,0.0,equis
S007-593,,,,,SuperiorSouth,0.0,equis
S007-597,,,,,SuperiorSouth,0.0,equis
S013-740,,,,,SuperiorSouth,0.0,equis
S005-546,,,,,SuperiorSouth,0.0,equis
S009-515,,,,,SuperiorSouth,0.0,equis
S016-706,,,,,SuperiorSouth,0.0,equis
S017-494,,,,,SuperiorSouth,0.0,equis
S004-363,,,,,SuperiorSouth,0.0,equis
S003-769,,,,,SuperiorSouth,0.0,equis
S007-594,,,,,SuperiorSouth,0.0,equis
S016-704,,,,,SuperiorSouth,0.0,equis
S016-705,,,,,SuperiorSouth,0.0,equis
S017-052,,,,,SuperiorSouth,0.0,equis
S006-921,,,,,SuperiorSouth,0.0,equis
S000-197,,,,,SuperiorSouth,0.0,equis
S007-185,,,,,SuperiorSouth,0.0,equis
S004-365,,,,,SuperiorSouth,0.0,equis
S006-269,,,,,SuperiorSouth,0.0,equis
S002-480,,,,,SuperiorSouth,0.0,equis
S013-739,,,,,SuperiorSouth,0.0,equis
S007-731,,,,,SuperiorSouth,0.0,equis
S009-113,,,,,SuperiorSouth,0.0,equis
S002-481,,,,,SuperiorSouth,0.0,equis
S003-821,,,,,SuperiorSouth,0.0,equis
S007-180,,,,,SuperiorSouth,0.0,equis
S001-530,,,,,SuperiorSouth,0.0,equis
S008-481,,,,,SuperiorSouth,0.0,equis
S014-891,,,,,SuperiorSouth,0.0,equis
S017-519,,,,,SuperiorSouth,0.0,equis
S017-520,,,,,SuperiorSouth,0.0,equis
S017-521,,,,,SuperiorSouth,0.0,equis
S017-522,,,,,SuperiorSouth,0.0,equis
S007-450,,,,,SuperiorSouth,0.0,equis
S007-446,,,,,SuperiorSouth,0.0,equis
S001-267,,,,,SuperiorSouth,0.0,equis
S007-445,,,,,SuperiorSouth,0.0,equis
S005-468,,,,,SuperiorSouth,0.0,equis
S007-984,,,,,SuperiorSouth,0.0,equis
S008-003,,,,,SuperiorSouth,0.0,equis
S001-756,,,,,SuperiorSouth,0.0,equis
S000-264,,,,,SuperiorSouth,0.0,equis
S009-066,,,,,SuperiorSouth,0.0,equis
S006-239,,,,,SuperiorSouth,0.0,equis
S003-978,,,,,SuperiorSouth,0.0,equis
S007-826,,,,,SuperiorSouth,0.0,equis
S007-825,,,,,SuperiorSouth,0.0,equis
S005-549,,,,,SuperiorSouth,0.0,equis
S009-067,,,,,SuperiorSouth,0.0,equis
S007-824,,,,,SuperiorSouth,0.0,equis
S009-526,,,,,SuperiorSouth,0.0,equis
S008-034,,,,,SuperiorSouth,0.0,equis
S003-668,,,,,SuperiorSouth,0.0,equis
S006-278,,,,,SuperiorSouth,0.0,equis
S011-833,,,,,SuperiorSouth,0.0,equis
S008-355,,,,,SuperiorSouth,0.0,equis
S011-832,,,,,SuperiorSouth,0.0,equis
S007-841,,,,,SuperiorSouth,0.0,equis
S008-405,,,,,SuperiorSouth,0.0,equis
S007-837,,,,,SuperiorSouth,0.0,equis
S008-404,,,,,SuperiorSouth,0.0,equis
S007-836,,,,,SuperiorSouth,0.0,equis
S007-839,,,,,SuperiorSouth,0.0,equis
S007-838,,,,,SuperiorSouth,0.0,equis
S007-835,,,,,SuperiorSouth,0.0,equis
S007-834,,,,,SuperiorSouth,0.0,equis
S001-268,,,,,SuperiorSouth,0.0,equis
S013-938,,,,,SuperiorSouth,0.0,equis
S013-978,,,,,SuperiorSouth,0.0,equis
S015-260,,,,,SuperiorSouth,0.0,equis
S007-364,,,,,SuperiorSouth,0.0,equis
S007-363,,,,,SuperiorSouth,0.0,equis
S007-993,,,,,SuperiorSouth,0.0,equis
S010-070,,,,,SuperiorSouth,0.0,equis
S006-291,,,,,SuperiorSouth,0.0,equis
S005-486,,,,,SuperiorSouth,0.0,equis
S005-485,,,,,SuperiorSouth,0.0,equis
S001-757,,,,,SuperiorSouth,0.0,equis
S003-820,,,,,SuperiorSouth,0.0,equis
S007-741,,,,,SuperiorSouth,0.0,equis
S003-355,,,,,SuperiorSouth,0.0,equis
S003-988,,,,,SuperiorSouth,0.0,equis
S005-473,,,,,SuperiorSouth,0.0,equis
S011-836,,,,,SuperiorSouth,0.0,equis
S005-394,,,,,SuperiorSouth,0.0,equis
S006-266,,,,,SuperiorSouth,0.0,equis
S006-283,,,,,SuperiorSouth,0.0,equis
S000-256,,,,,SuperiorSouth,0.0,equis
S007-318,,,,,SuperiorSouth,0.0,equis
S013-860,,,,,SuperiorSouth,0.0,equis
S016-554,,,,,SuperiorSouth,0.0,equis
S007-413,,,,,SuperiorSouth,0.0,equis
S011-840,,,,,SuperiorSouth,0.0,equis
S007-985,,,,,SuperiorSouth,0.0,equis
S007-412,,,,,SuperiorSouth,0.0,equis
S007-358,,,,,SuperiorSouth,0.0,equis
S012-687,,,,,SuperiorSouth,0.0,equis
S007-359,,,,,SuperiorSouth,0.0,equis
S011-843,,,,,SuperiorSouth,0.0,equis
S006-277,,,,,SuperiorSouth,0.0,equis
S008-905,,,,,SuperiorSouth,0.0,equis
S006-234,,,,,SuperiorSouth,0.0,equis
S007-354,,,,,SuperiorSouth,0.0,equis
S004-955,,,,,SuperiorSouth,0.0,equis
S012-685,,,,,SuperiorSouth,0.0,equis
S007-971,,,,,SuperiorSouth,0.0,equis
S007-970,,,,,SuperiorSouth,0.0,equis
S013-871,,,,,SuperiorSouth,0.0,equis
S014-956,,,,,SuperiorSouth,0.0,equis
S006-264,,,,,SuperiorSouth,0.0,equis
S006-605,,,,,SuperiorSouth,0.0,equis
S011-830,,,,,SuperiorSouth,0.0,equis
S006-235,,,,,SuperiorSouth,0.0,equis
S000-263,,,,,SuperiorSouth,0.0,equis
S011-846,,,,,SuperiorSouth,0.0,equis
S013-955,,,,,SuperiorSouth,0.0,equis
S011-829,,,,,SuperiorSouth,0.0,equis
S008-086,,,,,SuperiorSouth,0.0,equis
S011-841,,,,,SuperiorSouth,0.0,equis
S007-414,,,,,SuperiorSouth,0.0,equis
S016-719,,,,,Thief,0.0,equis
S011-989,,,,,Thief,0.0,equis
S002-088,370.0,"350,366",,,Thief,0.0,equis
S004-052,,,,,Thief,0.0,equis
S010-156,,,,,Thief,0.0,equis
S005-783,110.0,110,,,Thief,0.0,equis
S008-130,,,,,Thief,0.0,equis
S002-979,,,,,Thief,0.0,equis
S004-499,,,,,Thief,0.0,equis
S016-395,,,,,Thief,0.0,equis
S006-539,150.0,150,,,Thief,0.0,equis
S004-495,470.0,470,,,Thief,0.0,equis
S004-723,470.0,470,,,Thief,0.0,equis
S002-079,490.0,490,,,Thief,0.0,equis
S011-408,,,,,Thief,0.0,equis
S016-264,,,,,Thief,0.0,equis
S008-131,550.0,550,,,Thief,0.0,equis
S004-054,465.0,465,middle of reach,,Thief,0.0,equis
S004-059,,,,,Thief,0.0,equis
S016-718,,,,,Thief,0.0,equis
S008-140,,,,,Thief,0.0,equis
S015-045,,,,,Thief,0.0,equis
S015-042,,,,,Thief,0.0,equis
S011-987,,,,,Thief,0.0,equis
S004-498,,,,,Thief,0.0,equis
S004-494,461.0,461,,,Thief,0.0,equis
S011-984,,,,,Thief,0.0,equis
S016-896,339.0,339,,,Thief,0.0,equis
S004-497,,,,,Thief,0.0,equis
S011-993,,,,,Thief,0.0,equis
S006-859,,,,,Thief,0.0,equis
S004-055,210.0,"201,190",,,Thief,0.0,equis
S004-211,,,,,Thief,0.0,equis
S002-089,,,,,Thief,0.0,equis
S011-992,,,,,Thief,0.0,equis
S016-401,,,,,Thief,0.0,equis
S002-977,,,,,Thief,0.0,equis
S004-212,,,,,Thief,0.0,equis
S008-122,,,,,Thief,0.0,equis
S008-138,,,,,Thief,0.0,equis
S008-132,243.0,243,middle of long reach,,Thief,0.0,equis
S008-139,243.0,243,middle of long reach,,Thief,0.0,equis
S008-123,243.0,243,,,Thief,0.0,equis
S010-157,,,,,Thief,0.0,equis
S016-483,,,,,Thief,0.0,equis
S011-990,,,,,Thief,0.0,equis
S010-520,,,,,Thief,0.0,equis
S008-120,,,,,Thief,0.0,equis
S008-136,,,,,Thief,0.0,equis
S008-128,,,,,Thief,0.0,equis
S010-521,,,,,Thief,0.0,equis
S011-991,,,,,Thief,0.0,equis
S004-966,529.0,529,,,Thief,0.0,equis
S011-980,,,,,Thief,0.0,equis
S003-945,530.0,530,,,Thief,0.0,equis
S004-047,,,,,Thief,0.0,equis
S008-125,,,,,Thief,0.0,equis
S008-117,,,,,Thief,0.0,equis
S002-084,,,,,Thief,0.0,equis
S016-587,,,,,Thief,0.0,equis
S008-135,,,,,Thief,0.0,equis
S011-999,,,,,Thief,0.0,equis
S008-144,,,,,Thief,0.0,equis
S006-540,,,,,Thief,0.0,equis
S008-127,,,,,Thief,0.0,equis
S008-118,,,,,Thief,0.0,equis
S008-126,,,,,Thief,0.0,equis
S008-119,,,,,Thief,0.0,equis
S008-134,,,,,Thief,0.0,equis
S011-981,,,,,Thief,0.0,equis
S011-982,,,,,Thief,0.0,equis
S016-265,481.0,481,,,Thief,0.0,equis
S008-129,,,,,Thief,0.0,equis
S011-988,,,,,Thief,0.0,equis
S008-121,,,,,Thief,0.0,equis
S008-137,,,,,Thief,0.0,equis
S011-983,,,,,Thief,0.0,equis
S008-336,,,,,Thief,0.0,equis
S012-996,,,,,Thief,0.0,equis
S004-048,382.0,382,,,Thief,0.0,equis
S004-053,383.0,383,,,Thief,0.0,equis
S004-493,,,,,Thief,0.0,equis
S015-043,,,,,Thief,0.0,equis
S015-044,249.0,249,,,Thief,0.0,equis
S002-078,247.0,247,,,Thief,0.0,equis
S016-720,,,,,Thief,0.0,equis
S011-985,,,,,Thief,0.0,equis
S004-496,,,,,Thief,0.0,equis
S011-986,,,,,Thief,0.0,equis
S006-380,,,,,Thief,0.0,equis
S002-980,,,,,Thief,0.0,equis
S010-164,,,,,Thief,0.0,equis
S011-996,,,,,Thief,0.0,equis
S008-124,,,,,Thief,0.0,equis
S002-090,,,,,Thief,0.0,equis
S002-978,,,,,Thief,0.0,equis
S008-133,,,,,Thief,0.0,equis
S008-141,,,,,Thief,0.0,equis
S002-372,,,,,TwoRivers,0.0,equis
S012-491,,,,,TwoRivers,0.0,equis
S000-569,450.0,"433,290",,,TwoRivers,0.0,equis
S010-123,433.0,433,,,TwoRivers,0.0,equis
S007-442,433.0,433,,,TwoRivers,0.0,equis
S003-102,290.0,290,,,TwoRivers,0.0,equis
S012-487,,,,,TwoRivers,0.0,equis
S000-186,,,,,TwoRivers,0.0,equis
S005-387,,,,,TwoRivers,0.0,equis
S008-208,,,,,TwoRivers,0.0,equis
S002-370,,,,,TwoRivers,0.0,equis
S003-092,,,,,TwoRivers,0.0,equis
S007-588,,,,,TwoRivers,0.0,equis
S016-642,,,,,TwoRivers,0.0,equis
S002-368,,,,,TwoRivers,0.0,equis
S012-499,,,,,TwoRivers,0.0,equis
S013-723,,,,,TwoRivers,0.0,equis
S010-155,,,,,TwoRivers,0.0,equis
S002-369,,,,,TwoRivers,0.0,equis
S012-500,,,,,TwoRivers,0.0,equis
S012-488,,,,,TwoRivers,0.0,equis
S003-100,,,,,TwoRivers,0.0,equis
S007-441,,,,,TwoRivers,0.0,equis
S002-999,,,,,TwoRivers,0.0,equis
S002-360,,,,,TwoRivers,0.0,equis
S003-103,,,,,TwoRivers,0.0,equis
S012-498,,,,,TwoRivers,0.0,equis
S003-099,,,,,TwoRivers,0.0,equis
S001-154,,,,,TwoRivers,0.0,equis
S006-686,,,,,TwoRivers,0.0,equis
S002-365,,,,,TwoRivers,0.0,equis
S013-722,,,,,TwoRivers,0.0,equis
S002-996,,,,,TwoRivers,0.0,equis
S012-479,,,,,TwoRivers,0.0,equis
S002-364,,,,,TwoRivers,0.0,equis
S012-486,,,,,TwoRivers,0.0,equis
S017-306,,,,,TwoRivers,0.0,equis
S002-371,,,,,TwoRivers,0.0,equis
S012-482,,,,,TwoRivers,0.0,equis
S002-376,,,,,TwoRivers,0.0,equis
S002-997,,,,,TwoRivers,0.0,equis
S012-481,,,,,TwoRivers,0.0,equis
S012-490,,,,,TwoRivers,0.0,equis
S002-361,,,,,TwoRivers,0.0,equis
S012-501,,,,,TwoRivers,0.0,equis
S002-373,,,,,TwoRivers,0.0,equis
S012-493,,,,,TwoRivers,0.0,equis
S002-362,,,,,TwoRivers,0.0,equis
S010-089,,,,,TwoRivers,0.0,equis
S012-483,,,,,TwoRivers,0.0,equis
S012-485,,,,,TwoRivers,0.0,equis
S017-429,,,,,TwoRivers,0.0,equis
S012-489,,,,,TwoRivers,0.0,equis
S003-452,,,,,TwoRivers,0.0,equis
S002-375,,,,,TwoRivers,0.0,equis
S002-363,,,,,TwoRivers,0.0,equis
S017-431,,,,,TwoRivers,0.0,equis
S002-998,,,,,TwoRivers,0.0,equis
S010-189,,,,,TwoRivers,0.0,equis
S010-290,,,,,UpperRed,0.0,equis
S011-603,,,,,UpperRed,0.0,equis
S011-604,,,,,UpperRed,0.0,equis
S000-567,171.0,"312,172",end of reach,,UpperRed,0.0,equis
S013-251,,,,,UpperRed,0.0,equis
S011-590,,,,,UpperRed,0.0,equis
S010-108,,,,,UpperRed,0.0,equis
S008-421,103.0,103,,,UpperRed,0.0,equis
S011-599,,,,,UpperRed,0.0,equis
S003-658,144.0,144,,,UpperRed,0.0,equis
S005-136,160.0,"161,164",,,UpperRed,0.0,equis
S005-322,154.0,154,,,UpperRed,0.0,equis
S003-271,154.0,"158,157",middle of reach,,UpperRed,0.0,equis
S004-880,154.0,"158,157",middle of reach,,UpperRed,0.0,equis
S010-822,154.0,"158,157",,,UpperRed,0.0,equis
S010-823,,,,,UpperRed,0.0,equis
S000-391,,,,,UpperRed,0.0,equis
S011-594,,,,,UpperRed,0.0,equis
S011-595,,,,,UpperRed,0.0,equis
S008-422,124.0,125,middle of reach,,UpperRed,0.0,equis
S011-592,,,,,UpperRed,0.0,equis
S013-247,,,,,UpperRed,0.0,equis
S010-818,,,,,UpperRed,0.0,equis
S004-150,203.0,203,,,UpperRed,0.0,equis
S004-149,204.0,204,,,UpperRed,0.0,equis
S004-151,,,,,UpperRed,0.0,equis
S010-821,,,,,UpperRed,0.0,equis
S010-096,,,,,UpperRed,0.0,equis
S011-600,,,,,UpperRed,0.0,equis
S011-602,,,,,UpperRed,0.0,equis
S000-089,,,,,UpperRed,0.0,equis
S008-426,218.0,"218,-300",missing reach between end of upper red model and start of buffalo/otter tail models,,UpperRed,0.0,equis
S010-289,,,,,UpperRed,0.0,equis
S011-609,,,,,UpperRed,0.0,equis
S011-610,218.0,"218,-300",end of reach,,UpperRed,0.0,equis
S011-611,,,,,UpperRed,0.0,equis
S003-659,138.0,"138,325",Investigate if upstream or downstream of major tributary,,UpperRed,0.0,equis
S000-375,,,,,UpperRed,0.0,equis
S002-103,158.0,158,,,UpperRed,0.0,equis
S002-114,153.0,153,,,UpperRed,0.0,equis
S010-825,,,,,UpperRed,0.0,equis
S001-308,133.0,134,,,UpperRed,0.0,equis
S003-661,133.0,133,,,UpperRed,0.0,equis
S007-461,213.0,213,,,UpperRed,0.0,equis
S010-824,,,,,UpperRed,0.0,equis
S000-012,211.0,211,,,UpperRed,0.0,equis
S011-605,,,,,UpperRed,0.0,equis
S013-571,,,,,UpperRed,0.0,equis
S010-819,,,,,UpperRed,0.0,equis
S002-004,207.0,297,,,UpperRed,0.0,equis
S001-061,207.0,297,,,UpperRed,0.0,equis
S010-820,,,,,UpperRed,0.0,equis
S004-143,206.0,206,,,UpperRed,0.0,equis
S008-178,202.0,"203,205",,,UpperRed,0.0,equis
S001-032,202.0,"203,205",middle of reach,,UpperRed,0.0,equis
S004-881,202.0,"203,205",middle of reach,,UpperRed,0.0,equis
S001-060,202.0,202,,,UpperRed,0.0,equis
S010-110,,,,,UpperRed,0.0,equis
S010-826,,,,,UpperRed,0.0,equis
S010-827,,,,,UpperRed,0.0,equis
S003-678,208.0,208,,,UpperRed,0.0,equis
S011-601,,,,,UpperRed,0.0,equis
S011-591,,,,,UpperRed,0.0,equis
S002-097,117.0,117,,,UpperRed,0.0,equis
S008-424,132.0,132,investigate if downstream of tributary,,UpperRed,0.0,equis
S000-378,,,,,UpperRed,0.0,equis
S013-248,,,,,UpperRed,0.0,equis
S003-520,133.0,134,,,UpperRed,0.0,equis
S000-183,133.0,134,,,UpperRed,0.0,equis
S002-116,,,,,UpperRed,0.0,equis
S008-425,133.0,133,,,UpperRed,0.0,equis
S013-249,,,,,UpperRed,0.0,equis
S000-392,,,,,UpperRed,0.0,equis
S003-660,134.0,134,middle of reach,,UpperRed,0.0,equis
S000-380,,,,,UpperRed,0.0,equis
S000-379,,,,,UpperRed,0.0,equis
S011-596,,,,,UpperRed,0.0,equis
S000-114,,,,,UpperRed,0.0,equis
S000-011,134.0,134,middle of reach,,UpperRed,0.0,equis
S011-597,,,,,UpperRed,0.0,equis
S017-332,,,,,UpperRed,0.0,equis
S000-377,,,,,UpperRed,0.0,equis
S000-393,,,,,UpperRed,0.0,equis
S003-662,140.0,140,,,UpperRed,0.0,equis
S011-598,,,,,UpperRed,0.0,equis
S013-250,,,,,UpperRed,0.0,equis
S011-606,,,,,UpperRed,0.0,equis
S011-607,,,,,UpperRed,0.0,equis
S011-608,,,,,UpperRed,0.0,equis
S013-570,,,,,UpperRed,0.0,equis
S000-376,,,,,UpperRed,0.0,equis
S000-390,117.0,117,,,UpperRed,0.0,equis
S008-423,125.0,"125,-404",,,UpperRed,0.0,equis
S000-010,125.0,125,,,UpperRed,0.0,equis
S000-219,125.0,125,,,UpperRed,0.0,equis
S011-593,,,,,UpperRed,0.0,equis
S003-111,218.0,218,,,UpperRed,0.0,equis
S013-569,,,,,UpperRed,0.0,equis
S008-430,,,,,Vermilion,0.0,equis
S008-583,,,,,Vermilion,0.0,equis
S013-269,,,,,Vermilion,0.0,equis
S008-594,,,,,Vermilion,0.0,equis
S010-302,,,,,Vermilion,0.0,equis
S012-960,,,,,Vermilion,0.0,equis
S015-204,,,,,Vermilion,0.0,equis
S015-205,,,,,Vermilion,0.0,equis
S008-431,,,,,Vermilion,0.0,equis
S010-216,,,,,Vermilion,0.0,equis
S006-505,,,,,Vermilion,0.0,equis
S010-200,,,,,Vermilion,0.0,equis
S009-175,,,,,Vermilion,0.0,equis
S008-592,,,,,Vermilion,0.0,equis
S014-665,,,,,Vermilion,0.0,equis
S008-591,,,,,Vermilion,0.0,equis
S008-593,,,,,Vermilion,0.0,equis
S009-176,,,,,Vermilion,0.0,equis
S015-113,,,,,Vermilion,0.0,equis
S015-114,,,,,Vermilion,0.0,equis
S014-887,,,,,Vermilion,0.0,equis
S008-433,,,,,Vermilion,0.0,equis
S008-597,,,,,Vermilion,0.0,equis
S004-665,,,,,Vermilion,0.0,equis
S014-677,,,,,Vermilion,0.0,equis
S016-301,,,,,Vermilion,0.0,equis
S000-972,,,,,Vermilion,0.0,equis
S000-194,,,,,Vermilion,0.0,equis
S000-190,,,,,Vermilion,0.0,equis
S000-215,,,,,Vermilion,0.0,equis
S000-212,,,,,Vermilion,0.0,equis
S000-213,,,,,Vermilion,0.0,equis
S000-214,,,,,Vermilion,0.0,equis
S000-188,,,,,Vermilion,0.0,equis
S000-196,,,,,Vermilion,0.0,equis
S000-187,,,,,Vermilion,0.0,equis
S000-192,,,,,Vermilion,0.0,equis
S000-210,,,,,Vermilion,0.0,equis
S000-217,,,,,Vermilion,0.0,equis
S000-205,,,,,Vermilion,0.0,equis
S000-211,,,,,Vermilion,0.0,equis
S000-200,,,,,Vermilion,0.0,equis
S000-206,,,,,Vermilion,0.0,equis
S000-207,,,,,Vermilion,0.0,equis
S000-209,,,,,Vermilion,0.0,equis
S000-208,,,,,Vermilion,0.0,equis
S000-203,,,,,Vermilion,0.0,equis
S000-202,,,,,Vermilion,0.0,equis
S000-204,,,,,Vermilion,0.0,equis
S000-199,,,,,Vermilion,0.0,equis
S000-189,,,,,Vermilion,0.0,equis
S000-201,,,,,Vermilion,0.0,equis
S000-193,,,,,Vermilion,0.0,equis
S013-263,,,,,Vermilion,0.0,equis
S008-599,,,,,Vermilion,0.0,equis
S008-600,,,,,Vermilion,0.0,equis
S000-191,,,,,Vermilion,0.0,equis
S000-967,,,,,Vermilion,0.0,equis
S000-600,,,,,Vermilion,0.0,equis
S000-968,,,,,Vermilion,0.0,equis
S000-966,,,,,Vermilion,0.0,equis
S000-969,,,,,Vermilion,0.0,equis
S009-174,,,,,Vermilion,0.0,equis
S000-977,,,,,Vermilion,0.0,equis
S010-192,,,,,Vermilion,0.0,equis
S001-675,,,,,Vermilion,0.0,equis
S008-584,,,,,Vermilion,0.0,equis
S007-474,,,,,Vermilion,0.0,equis
S008-339,,,,,Vermilion,0.0,equis
S006-927,,,,,Vermilion,0.0,equis
S001-676,,,,,Vermilion,0.0,equis
S001-497,,,,,Vermilion,0.0,equis
S001-681,,,,,Vermilion,0.0,equis
S007-473,,,,,Vermilion,0.0,equis
S003-249,,,,,Vermilion,0.0,equis
S007-471,,,,,Vermilion,0.0,equis
S001-682,,,,,Vermilion,0.0,equis
S016-365,,,,,Vermilion,0.0,equis
S008-595,,,,,Vermilion,0.0,equis
S013-270,,,,,Vermilion,0.0,equis
S015-154,,,,,Vermilion,0.0,equis
S008-598,,,,,Vermilion,0.0,equis
S013-273,,,,,Vermilion,0.0,equis
S008-596,,,,,Vermilion,0.0,equis
S010-205,,,,,Vermilion,0.0,equis
LD00192,,,,,Vermilion,0.0,equis
LD00192,,,,,Vermilion,0.0,equis
S006-808,,,,,Vermilion,0.0,equis
S006-769,,,,,Vermilion,0.0,equis
S006-807,,,,,Vermilion,0.0,equis
S006-807,,,,,Vermilion,0.0,equis
WT00002,,,,,Vermilion,0.0,equis
WT00002,,,,,Vermilion,0.0,equis
WT00003,,,,,Vermilion,0.0,equis
WT00004,,,,,Vermilion,0.0,equis
WT00004,,,,,Vermilion,0.0,equis
S010-307,,,,,Vermilion,0.0,equis
S008-432,,,,,Vermilion,0.0,equis
S005-088,,,,,Vermilion,0.0,equis
S015-115,,,,,Vermilion,0.0,equis
S016-834,,,,,Vermilion,0.0,equis
S008-563,93.0,93,,,Watonwan,0.0,equis
S012-439,93.0,93,,,Watonwan,0.0,equis
S006-695,,,,,Watonwan,0.0,equis
S009-305,,,,,Watonwan,0.0,equis
S008-562,91.0,91,,,Watonwan,0.0,equis
S012-428,91.0,91,,,Watonwan,0.0,equis
S012-435,230.0,230,,,Watonwan,0.0,equis
S000-403,230.0,230,,,Watonwan,0.0,equis
S000-354,,,,,Watonwan,0.0,equis
S001-750,,,,,Watonwan,0.0,equis
S013-621,,,,,Watonwan,0.0,equis
S000-401,,,,,Watonwan,0.0,equis
S007-568,,,,,Watonwan,0.0,equis
S009-295,,,,,Watonwan,0.0,equis
S008-574,,,,,Watonwan,0.0,equis
S012-453,,,,,Watonwan,0.0,equis
S001-713,,,,,Watonwan,0.0,equis
S008-573,195.0,195,,,Watonwan,0.0,equis
S012-424,195.0,195,,,Watonwan,0.0,equis
S012-422,,,,,Watonwan,0.0,equis
S009-810,,,,,Watonwan,0.0,equis
S012-460,,,,,Watonwan,0.0,equis
S009-294,,,,,Watonwan,0.0,equis
S008-572,185.0,185,,,Watonwan,0.0,equis
S012-438,185.0,185,,,Watonwan,0.0,equis
S001-714,,,,,Watonwan,0.0,equis
S012-423,,,,,Watonwan,0.0,equis
S009-297,,,,,Watonwan,0.0,equis
S008-579,,,,,Watonwan,0.0,equis
S012-443,,,,,Watonwan,0.0,equis
S009-812,243.0,243,,,Watonwan,0.0,equis
S012-457,243.0,243,,,Watonwan,0.0,equis
S012-452,243.0,243,,,Watonwan,0.0,equis
S008-578,243.0,243,,,Watonwan,0.0,equis
S012-427,,,,,Watonwan,0.0,equis
S007-561,251.0,251,,,Watonwan,0.0,equis
S012-420,,,,,Watonwan,0.0,equis
S012-440,251.0,251,,,Watonwan,0.0,equis
S008-580,251.0,251,,,Watonwan,0.0,equis
S012-447,251.0,251,,,Watonwan,0.0,equis
S008-369,,,,,Watonwan,0.0,equis
S012-442,241.0,241,,,Watonwan,0.0,equis
S008-577,241.0,241,,,Watonwan,0.0,equis
S001-716,,,,,Watonwan,0.0,equis
S001-719,,,,,Watonwan,0.0,equis
S008-581,,,,,Watonwan,0.0,equis
S007-563,131.0,"129,127",,,Watonwan,0.0,equis
S008-659,131.0,"129,127",,,Watonwan,0.0,equis
S001-084,,,,,Watonwan,0.0,equis
S000-478,,,,,Watonwan,0.0,equis
S001-081,,,,,Watonwan,0.0,equis
S001-080,,,,,Watonwan,0.0,equis
S001-079,131.0,131,,,Watonwan,0.0,equis
S001-078,131.0,131,,,Watonwan,0.0,equis
S009-300,131.0,131,,,Watonwan,0.0,equis
S012-445,131.0,131,,,Watonwan,0.0,equis
S017-914,,,,,Watonwan,0.0,equis
S012-431,,,,,Watonwan,0.0,equis
S001-215,,,,,Watonwan,0.0,equis
S012-432,,,,,Watonwan,0.0,equis
S009-461,,,,,Watonwan,0.0,equis
S008-569,,,,,Watonwan,0.0,equis
S012-448,,,,,Watonwan,0.0,equis
S007-562,,,,,Watonwan,0.0,equis
S001-746,119.0,119,,,Watonwan,0.0,equis
S008-568,119.0,119,,,Watonwan,0.0,equis
S012-433,119.0,119,,,Watonwan,0.0,equis
S006-462,157.0,157,,,Watonwan,0.0,equis
S009-708,150.0,150,,,Watonwan,0.0,equis
S002-254,150.0,150,,,Watonwan,0.0,equis
S007-564,210.0,210,,,Watonwan,0.0,equis
S008-718,210.0,210,,,Watonwan,0.0,equis
S000-355,210.0,210,,,Watonwan,0.0,equis
S014-610,210.0,210,,,Watonwan,0.0,equis
S007-566,,,,,Watonwan,0.0,equis
S017-498,,,,,Watonwan,0.0,equis
S006-789,,,,,Watonwan,0.0,equis
S006-789,,,,,Watonwan,0.0,equis
S008-719,,,,,Watonwan,0.0,equis
S002-251,,,,,Watonwan,0.0,equis
S013-620,,,,,Watonwan,0.0,equis
S008-571,,,,,Watonwan,0.0,equis
S012-436,,,,,Watonwan,0.0,equis
S003-855,,,,,Watonwan,0.0,equis
S008-565,,,,,Watonwan,0.0,equis
S012-437,,,,,Watonwan,0.0,equis
S008-720,,,,,Watonwan,0.0,equis
S002-252,,,,,Watonwan,0.0,equis
S012-455,,,,,Watonwan,0.0,equis
S002-253,,,,,Watonwan,0.0,equis
S012-451,,,,,Watonwan,0.0,equis
S001-599,,,,,Watonwan,0.0,equis
S008-564,,,,,Watonwan,0.0,equis
S012-454,,,,,Watonwan,0.0,equis
S007-565,,,,,Watonwan,0.0,equis
S009-299,,,,,Watonwan,0.0,equis
S009-705,,,,,Watonwan,0.0,equis
S009-080,50.0,50,,,Watonwan,0.0,equis
S012-421,50.0,50,,,Watonwan,0.0,equis
S014-611,50.0,50,,,Watonwan,0.0,equis
S008-566,115.0,"113,111",,,Watonwan,0.0,equis
S012-450,115.0,"113,111",,,Watonwan,0.0,equis
S008-567,115.0,115,,,Watonwan,0.0,equis
S012-430,115.0,115,,,Watonwan,0.0,equis
S009-301,,,,,Watonwan,0.0,equis
S012-446,,,,,Watonwan,0.0,equis
S012-449,,,,,Watonwan,0.0,equis
S008-575,,,,,Watonwan,0.0,equis
S012-429,,,,,Watonwan,0.0,equis
S008-582,,,,,Watonwan,0.0,equis
S012-425,,,,,Watonwan,0.0,equis
S008-660,249.0,249,,,Watonwan,0.0,equis
S012-434,249.0,249,,,Watonwan,0.0,equis
S009-682,,,,,Watonwan,0.0,equis
S009-296,,,,,Watonwan,0.0,equis
S007-560,253.0,253,,,Watonwan,0.0,equis
S000-402,270.0,270,,,Watonwan,0.0,equis
S001-574,270.0,270,,,Watonwan,0.0,equis
S009-816,270.0,270,,,Watonwan,0.0,equis
S000-163,270.0,270,,,Watonwan,0.0,equis
S017-950,270.0,270,,,Watonwan,0.0,equis
S002-894,,,,,Watonwan,0.0,equis
S002-890,,,,,Watonwan,0.0,equis
S001-216,33.0,33,,,Watonwan,0.0,equis
S002-891,33.0,33,,,Watonwan,0.0,equis
S013-662,33.0,33,,,Watonwan,0.0,equis
S007-567,181.0,181,,,Watonwan,0.0,equis
S009-081,,,,,Watonwan,0.0,equis
S001-751,181.0,181,,,Watonwan,0.0,equis
S008-800,181.0,181,,,Watonwan,0.0,equis
S013-661,,,,,Watonwan,0.0,equis
S001-723,181.0,181,,,Watonwan,0.0,equis
S008-576,,,,,Watonwan,0.0,equis
S001-220,,,,,Watonwan,0.0,equis
S012-456,,,,,Watonwan,0.0,equis
S002-889,,,,,Watonwan,0.0,equis
S002-892,,,,,Watonwan,0.0,equis
S002-893,,,,,Watonwan,0.0,equis
S012-444,,,,,Watonwan,0.0,equis
S012-821,,,,,WildRiceMarsh,0.0,equis
S017-769,,,,,WildRiceMarsh,0.0,equis
S005-131,,,,,WildRiceMarsh,0.0,equis
S010-160,,,,,WildRiceMarsh,0.0,equis
S007-164,,,,,WildRiceMarsh,0.0,equis
S006-985,,,,,WildRiceMarsh,0.0,equis
S007-895,,,,,WildRiceMarsh,0.0,equis
S010-132,,,,,WildRiceMarsh,0.0,equis
S012-827,,,,,WildRiceMarsh,0.0,equis
S007-896,,,,,WildRiceMarsh,0.0,equis
S010-141,,,,,WildRiceMarsh,0.0,equis
S010-138,,,,,WildRiceMarsh,0.0,equis
S012-828,,,,,WildRiceMarsh,0.0,equis
S014-650,,,,,WildRiceMarsh,0.0,equis
S005-130,,,,,WildRiceMarsh,0.0,equis
S010-095,,,,,WildRiceMarsh,0.0,equis
S012-832,,,,,WildRiceMarsh,0.0,equis
S013-252,,,,,WildRiceMarsh,0.0,equis
S006-200,,,,,WildRiceMarsh,0.0,equis
S007-788,,,,,WildRiceMarsh,0.0,equis
S003-163,,,,,WildRiceMarsh,0.0,equis
S012-820,,,,,WildRiceMarsh,0.0,equis
S008-883,,,,,WildRiceMarsh,0.0,equis
S008-884,,,,,WildRiceMarsh,0.0,equis
S010-137,,,,,WildRiceMarsh,0.0,equis
S006-224,,,,,WildRiceMarsh,0.0,equis
S008-885,,,,,WildRiceMarsh,0.0,equis
S013-743,,,,,WildRiceMarsh,0.0,equis
S007-619,,,,,WildRiceMarsh,0.0,equis
S003-162,,,,,WildRiceMarsh,0.0,equis
S006-201,,,,,WildRiceMarsh,0.0,equis
S006-202,,,,,WildRiceMarsh,0.0,equis
S012-824,,,,,WildRiceMarsh,0.0,equis
S006-197,,,,,WildRiceMarsh,0.0,equis
S000-482,,,,,WildRiceMarsh,0.0,equis
S006-654,,,,,WildRiceMarsh,0.0,equis
S000-483,,,,,WildRiceMarsh,0.0,equis
S013-744,,,,,WildRiceMarsh,0.0,equis
S003-161,,,,,WildRiceMarsh,0.0,equis
S006-199,,,,,WildRiceMarsh,0.0,equis
S012-825,,,,,WildRiceMarsh,0.0,equis
S012-829,,,,,WildRiceMarsh,0.0,equis
S010-507,,,,,WildRiceMarsh,0.0,equis
S017-772,,,,,WildRiceMarsh,0.0,equis
S010-128,,,,,WildRiceMarsh,0.0,equis
S010-508,,,,,WildRiceMarsh,0.0,equis
S012-823,,,,,WildRiceMarsh,0.0,equis
S006-198,,,,,WildRiceMarsh,0.0,equis
S017-773,,,,,WildRiceMarsh,0.0,equis
S007-789,,,,,WildRiceMarsh,0.0,equis
S002-110,,,,,WildRiceMarsh,0.0,equis
S012-850,,,,,WildRiceMarsh,0.0,equis
S006-196,,,,,WildRiceMarsh,0.0,equis
S003-160,,,,,WildRiceMarsh,0.0,equis
S012-819,,,,,WildRiceMarsh,0.0,equis
S010-092,,,,,WildRiceMarsh,0.0,equis
S007-791,,,,,WildRiceMarsh,0.0,equis
S001-155,,,,,WildRiceMarsh,0.0,equis
S012-834,,,,,WildRiceMarsh,0.0,equis
S006-195,,,,,WildRiceMarsh,0.0,equis
S012-831,,,,,WildRiceMarsh,0.0,equis
S012-833,,,,,WildRiceMarsh,0.0,equis
S010-174,,,,,WildRiceMarsh,0.0,equis
S010-527,,,,,WildRiceMarsh,0.0,equis
S007-793,,,,,WildRiceMarsh,0.0,equis
S003-159,,,,,WildRiceMarsh,0.0,equis
S003-157,,,,,WildRiceMarsh,0.0,equis
S006-193,,,,,WildRiceMarsh,0.0,equis
S012-836,,,,,WildRiceMarsh,0.0,equis
S012-848,,,,,WildRiceMarsh,0.0,equis
S013-745,,,,,WildRiceMarsh,0.0,equis
S010-515,,,,,WildRiceMarsh,0.0,equis
S004-864,,,,,WildRiceMarsh,0.0,equis
S004-201,,,,,WildRiceMarsh,0.0,equis
S012-830,,,,,WildRiceMarsh,0.0,equis
S004-200,,,,,WildRiceMarsh,0.0,equis
S012-842,,,,,WildRiceMarsh,0.0,equis
S010-109,,,,,WildRiceMarsh,0.0,equis
S012-826,,,,,WildRiceMarsh,0.0,equis
S008-931,,,,,WildRiceMarsh,0.0,equis
S012-849,,,,,WildRiceMarsh,0.0,equis
S003-308,,,,,WildRiceMarsh,0.0,equis
S004-173,,,,,WildRiceMarsh,0.0,equis
S003-121,,,,,WildRiceMarsh,0.0,equis
S010-129,,,,,WildRiceMarsh,0.0,equis
S004-172,,,,,WildRiceMarsh,0.0,equis
S003-165,,,,,WildRiceMarsh,0.0,equis
S012-835,,,,,WildRiceMarsh,0.0,equis
S003-307,,,,,WildRiceMarsh,0.0,equis
S004-175,,,,,WildRiceMarsh,0.0,equis
S010-133,,,,,WildRiceMarsh,0.0,equis
S014-671,,,,,WildRiceMarsh,0.0,equis
S003-309,,,,,WildRiceMarsh,0.0,equis
S012-838,,,,,WildRiceMarsh,0.0,equis
S003-164,,,,,WildRiceMarsh,0.0,equis
S007-787,,,,,WildRiceMarsh,0.0,equis
S012-840,,,,,WildRiceMarsh,0.0,equis
S012-843,,,,,WildRiceMarsh,0.0,equis
S004-174,,,,,WildRiceMarsh,0.0,equis
S003-168,,,,,WildRiceMarsh,0.0,equis
S011-570,,,,,WildRiceMarsh,0.0,equis
S013-221,,,,,WildRiceMarsh,0.0,equis
S012-837,,,,,WildRiceMarsh,0.0,equis
S013-233,,,,,WildRiceMarsh,0.0,equis
S006-194,,,,,WildRiceMarsh,0.0,equis
S002-109,,,,,WildRiceMarsh,0.0,equis
S003-158,,,,,WildRiceMarsh,0.0,equis
S010-112,,,,,WildRiceMarsh,0.0,equis
S010-172,,,,,WildRiceMarsh,0.0,equis
S000-216,,,,,WildRiceMarsh,0.0,equis
S002-102,,,,,WildRiceMarsh,0.0,equis
S010-125,,,,,WildRiceMarsh,0.0,equis
S005-798,,,,,WildRiceMarsh,0.0,equis
S010-186,,,,,WildRiceMarsh,0.0,equis
S015-024,,,,,WildRiceMarsh,0.0,equis
S004-193,,,,,WildRiceMarsh,0.0,equis
S004-192,,,,,WildRiceMarsh,0.0,equis
S005-789,,,,,WildRiceMarsh,0.0,equis
S012-846,,,,,WildRiceMarsh,0.0,equis
S012-847,,,,,WildRiceMarsh,0.0,equis
S010-514,,,,,WildRiceMarsh,0.0,equis
S012-845,,,,,WildRiceMarsh,0.0,equis
S007-785,,,,,WildRiceMarsh,0.0,equis
S010-173,,,,,WildRiceMarsh,0.0,equis
S007-786,,,,,WildRiceMarsh,0.0,equis
S002-127,,,,,WildRiceMarsh,0.0,equis
S000-374,,,,,WildRiceMarsh,0.0,equis
S008-420,,,,,WildRiceMarsh,0.0,equis
S010-292,,,,,WildRiceMarsh,0.0,equis
S008-419,,,,,WildRiceMarsh,0.0,equis
S006-674,,,,,WildRiceMarsh,0.0,equis
S011-587,,,,,WildRiceMarsh,0.0,equis
S000-563,,,,,WildRiceMarsh,0.0,equis
S013-243,,,,,WildRiceMarsh,0.0,equis
S013-244,,,,,WildRiceMarsh,0.0,equis
S008-661,,,,,Winnebago,0.0,equis
S012-973,,,,,Winnebago,0.0,equis
S008-649,,,,,Winnebago,0.0,equis
S008-650,,,,,Winnebago,0.0,equis
S008-663,,,,,Winnebago,0.0,equis
S008-971,,,,,Winnebago,0.0,equis
S008-645,,,,,Winnebago,0.0,equis
S017-946,,,,,Winnebago,0.0,equis
S008-664,,,,,Winnebago,0.0,equis
S008-644,,,,,Winnebago,0.0,equis
S008-651,,,,,Winnebago,0.0,equis
S012-974,,,,,Winnebago,0.0,equis
S009-537,,,,,Winnebago,0.0,equis
S009-538,,,,,Winnebago,0.0,equis
S008-648,,,,,Winnebago,0.0,equis
S008-643,,,,,Winnebago,0.0,equis
S008-716,,,,,Winnebago,0.0,equis
S008-647,,,,,Winnebago,0.0,equis
S012-972,,,,,Winnebago,0.0,equis
S007-338,,,,,Winnebago,0.0,equis
S008-646,,,,,Winnebago,0.0,equis
S008-715,,,,,Winnebago,0.0,equis
S008-642,,,,,Winnebago,0.0,equis
S001-982,,,,,Zumbro,0.0,equis
S000-268,,,,,Zumbro,0.0,equis
S000-356,,,,,Zumbro,0.0,equis
S009-249,,,,,Zumbro,0.0,equis
S007-134,,,,,Zumbro,0.0,equis
S002-462,,,,,Zumbro,0.0,equis
S012-110,,,,,Zumbro,0.0,equis
S010-008,,,,,Zumbro,0.0,equis
S004-707,,,,,Zumbro,0.0,equis
S004-707,,,,,Zumbro,0.0,equis
S004-729,,,,,Zumbro,0.0,equis
S006-708,,,,,Zumbro,0.0,equis
S012-079,,,,,Zumbro,0.0,equis
S001-637,,,,,Zumbro,0.0,equis
S001-636,,,,,Zumbro,0.0,equis
S001-635,,,,,Zumbro,0.0,equis
S006-415,,,,,Zumbro,0.0,equis
S010-431,,,,,Zumbro,0.0,equis
S001-634,,,,,Zumbro,0.0,equis
S001-638,,,,,Zumbro,0.0,equis
S001-639,,,,,Zumbro,0.0,equis
S001-482,,,,,Zumbro,0.0,equis
S012-081,,,,,Zumbro,0.0,equis
S001-480,,,,,Zumbro,0.0,equis
S001-481,,,,,Zumbro,0.0,equis
S001-479,,,,,Zumbro,0.0,equis
S001-478,,,,,Zumbro,0.0,equis
S001-477,,,,,Zumbro,0.0,equis
S005-362,12.0,12,,,Zumbro,0.0,equis
S005-734,12.0,12,,,Zumbro,0.0,equis
S007-958,12.0,12,,,Zumbro,0.0,equis
S009-914,,,,,Zumbro,0.0,equis
S007-923,,,,,Zumbro,0.0,equis
S007-924,,,,,Zumbro,0.0,equis
S006-679,,,,,Zumbro,0.0,equis
S005-551,,,,,Zumbro,0.0,equis
S005-745,7.0,7,,,Zumbro,0.0,equis
S006-082,7.0,7,,,Zumbro,0.0,equis
S007-957,7.0,7,,,Zumbro,0.0,equis
S005-744,,,,,Zumbro,0.0,equis
S007-959,,,,,Zumbro,0.0,equis
S012-058,,,,,Zumbro,0.0,equis
S013-095,,,,,Zumbro,0.0,equis
S005-746,,,,,Zumbro,0.0,equis
S012-053,1.0,1,,,Zumbro,0.0,equis
S012-054,1.0,1,,,Zumbro,0.0,equis
S017-169,1.0,1,,,Zumbro,0.0,equis
S004-384,101.0,101,,,Zumbro,0.0,equis
S009-729,,,,,Zumbro,0.0,equis
S009-976,,,,,Zumbro,0.0,equis
S007-926,,,,,Zumbro,0.0,equis
S004-662,,,,,Zumbro,0.0,equis
S000-033,,,,,Zumbro,0.0,equis
S016-323,,,,,Zumbro,0.0,equis
S016-324,,,,,Zumbro,0.0,equis
S005-742,,,,,Zumbro,0.0,equis
S005-741,,,,,Zumbro,0.0,equis
S009-920,,,,,Zumbro,0.0,equis
S007-922,,,,,Zumbro,0.0,equis
S007-921,,,,,Zumbro,0.0,equis
S004-383,,,,,Zumbro,0.0,equis
S012-064,,,,,Zumbro,0.0,equis
S012-065,,,,,Zumbro,0.0,equis
S009-975,,,,,Zumbro,0.0,equis
S007-920,,,,,Zumbro,0.0,equis
S007-927,,,,,Zumbro,0.0,equis
S000-817,102.0,102,,,Zumbro,0.0,equis
S000-819,,,,,Zumbro,0.0,equis
S005-735,,,,,Zumbro,0.0,equis
S003-772,105.0,105,,,Zumbro,0.0,equis
S001-307,105.0,105,,,Zumbro,0.0,equis
S009-728,105.0,105,,,Zumbro,0.0,equis
S007-919,,,,,Zumbro,0.0,equis
S012-118,,,,,Zumbro,0.0,equis
S009-961,,,,,Zumbro,0.0,equis
S017-470,,,,,Zumbro,0.0,equis
S017-469,,,,,Zumbro,0.0,equis
S017-471,,,,,Zumbro,0.0,equis
S017-472,,,,,Zumbro,0.0,equis
S017-473,,,,,Zumbro,0.0,equis
S017-474,,,,,Zumbro,0.0,equis
S005-739,,,,,Zumbro,0.0,equis
S010-020,,,,,Zumbro,0.0,equis
S000-816,100.0,101,,,Zumbro,0.0,equis
S011-337,,,,,Zumbro,0.0,equis
S003-811,,,,,Zumbro,0.0,equis
S004-452,4.0,4,,,Zumbro,0.0,equis
S017-438,,,,,Zumbro,0.0,equis
S012-061,,,,,Zumbro,0.0,equis
S012-071,,,,,Zumbro,0.0,equis
S012-068,,,,,Zumbro,0.0,equis
S012-121,,,,,Zumbro,0.0,equis
S007-918,,,,,Zumbro,0.0,equis
S012-069,,,,,Zumbro,0.0,equis
S005-740,,,,,Zumbro,0.0,equis
S012-056,,,,,Zumbro,0.0,equis
S008-372,,,,,Zumbro,0.0,equis
S009-946,,,,,Zumbro,0.0,equis
S012-070,,,,,Zumbro,0.0,equis
S006-632,,,,,Zumbro,0.0,equis
S008-064,,,,,Zumbro,0.0,equis
S008-063,,,,,Zumbro,0.0,equis
S008-065,,,,,Zumbro,0.0,equis
S005-738,,,,,Zumbro,0.0,equis
S005-737,,,,,Zumbro,0.0,equis
S004-737,,,,,Zumbro,0.0,equis
S005-550,,,,,Zumbro,0.0,equis
S005-743,,,,,Zumbro,0.0,equis
S009-957,,,,,Zumbro,0.0,equis
S012-074,,,,,Zumbro,0.0,equis
S012-073,,,,,Zumbro,0.0,equis
S003-849,,,,,Zumbro,0.0,equis
S009-949,,,,,Zumbro,0.0,equis
S003-844,,,,,Zumbro,0.0,equis
S008-328,,,,,Zumbro,0.0,equis
S012-072,,,,,Zumbro,0.0,equis
S008-036,,,,,Zumbro,0.0,equis
S004-347,,,,,Zumbro,0.0,equis
S000-032,,,,,Zumbro,0.0,equis
S007-126,,,,,Zumbro,0.0,equis
S012-075,,,,,Zumbro,0.0,equis
S009-941,,,,,Zumbro,0.0,equis
S001-022,,,,,Zumbro,0.0,equis
S000-814,,,,,Zumbro,0.0,equis
S000-895,,,,,Zumbro,0.0,equis
S002-115,,,,,Zumbro,0.0,equis
S007-111,,,,,Zumbro,0.0,equis
S007-112,,,,,Zumbro,0.0,equis
S001-492,,,,,Zumbro,0.0,equis
S001-491,,,,,Zumbro,0.0,equis
S012-103,,,,,Zumbro,0.0,equis
S012-104,,,,,Zumbro,0.0,equis
S004-009,,,,,Zumbro,0.0,equis
S003-850,,,,,Zumbro,0.0,equis
S001-493,,,,,Zumbro,0.0,equis
S012-077,,,,,Zumbro,0.0,equis
S003-843,,,,,Zumbro,0.0,equis
S007-916,,,,,Zumbro,0.0,equis
S009-948,,,,,Zumbro,0.0,equis
S010-432,,,,,Zumbro,0.0,equis
S010-028,,,,,Zumbro,0.0,equis
S007-917,,,,,Zumbro,0.0,equis
S009-931,,,,,Zumbro,0.0,equis
S012-076,,,,,Zumbro,0.0,equis
S001-021,,,,,Zumbro,0.0,equis
S004-344,,,,,Zumbro,0.0,equis
S001-161,,,,,Zumbro,0.0,equis
S004-771,,,,,Zumbro,0.0,equis
S008-938,,,,,Zumbro,0.0,equis
S012-078,,,,,Zumbro,0.0,equis
S017-892,,,,,Zumbro,0.0,equis
S009-915,,,,,Zumbro,0.0,equis
S007-627,,,,,Zumbro,0.0,equis
S010-012,,,,,Zumbro,0.0,equis
S003-905,,,,,Zumbro,0.0,equis
S003-847,,,,,Zumbro,0.0,equis
S007-913,,,,,Zumbro,0.0,equis
S008-937,,,,,Zumbro,0.0,equis
S003-848,,,,,Zumbro,0.0,equis
S001-484,,,,,Zumbro,0.0,equis
S012-085,,,,,Zumbro,0.0,equis
S001-485,,,,,Zumbro,0.0,equis
S012-083,,,,,Zumbro,0.0,equis
S012-096,,,,,Zumbro,0.0,equis
S008-071,,,,,Zumbro,0.0,equis
S001-353,,,,,Zumbro,0.0,equis
S001-364,,,,,Zumbro,0.0,equis
S010-011,,,,,Zumbro,0.0,equis
S004-798,,,,,Zumbro,0.0,equis
S001-354,,,,,Zumbro,0.0,equis
S006-416,,,,,Zumbro,0.0,equis
S001-483,,,,,Zumbro,0.0,equis
S012-080,,,,,Zumbro,0.0,equis
S001-476,,,,,Zumbro,0.0,equis
S006-417,,,,,Zumbro,0.0,equis
S001-494,,,,,Zumbro,0.0,equis
S016-864,,,,,Zumbro,0.0,equis
S001-349,,,,,Zumbro,0.0,equis
S000-333,,,,,Zumbro,0.0,equis
S016-214,,,,,Zumbro,0.0,equis
S016-218,,,,,Zumbro,0.0,equis
S006-106,,,,,Zumbro,0.0,equis
S001-486,,,,,Zumbro,0.0,equis
S001-490,,,,,Zumbro,0.0,equis
S001-487,,,,,Zumbro,0.0,equis
S007-914,,,,,Zumbro,0.0,equis
S012-086,,,,,Zumbro,0.0,equis
S012-088,,,,,Zumbro,0.0,equis
S007-135,,,,,Zumbro,0.0,equis
S004-385,,,,,Zumbro,0.0,equis
S000-034,,,,,Zumbro,0.0,equis
S009-351,,,,,Zumbro,0.0,equis
S005-465,,,,,Zumbro,0.0,equis
S016-402,,,,,Zumbro,0.0,equis
S005-421,,,,,Zumbro,0.0,equis
S005-361,,,,,Zumbro,0.0,equis
S010-010,,,,,Zumbro,0.0,equis
S016-403,,,,,Zumbro,0.0,equis
S017-175,,,,,Zumbro,0.0,equis
S008-839,,,,,Zumbro,0.0,equis
S000-330,,,,,Zumbro,0.0,equis
S001-489,,,,,Zumbro,0.0,equis
S001-488,,,,,Zumbro,0.0,equis
S010-026,,,,,Zumbro,0.0,equis
S012-089,,,,,Zumbro,0.0,equis
S007-725,,,,,Zumbro,0.0,equis
S012-117,,,,,Zumbro,0.0,equis
S006-419,,,,,Zumbro,0.0,equis
S012-052,,,,,Zumbro,0.0,equis
S001-324,,,,,Zumbro,0.0,equis
S000-800,,,,,Zumbro,0.0,equis
S005-437,,,,,Zumbro,0.0,equis
S010-013,,,,,Zumbro,0.0,equis
S012-109,,,,,Zumbro,0.0,equis
S004-309,,,,,Zumbro,0.0,equis
S004-323,,,,,Zumbro,0.0,equis
S016-215,,,,,Zumbro,0.0,equis
S004-322,,,,,Zumbro,0.0,equis
S004-324,,,,,Zumbro,0.0,equis
S007-956,,,,,Zumbro,0.0,equis
S007-945,,,,,Zumbro,0.0,equis
S001-356,,,,,Zumbro,0.0,equis
S001-612,,,,,Zumbro,0.0,equis
S012-091,,,,,Zumbro,0.0,equis
S005-422,,,,,Zumbro,0.0,equis
S007-915,,,,,Zumbro,0.0,equis
S007-137,,,,,Zumbro,0.0,equis
S006-442,,,,,Zumbro,0.0,equis
S004-710,,,,,Zumbro,0.0,equis
S009-929,,,,,Zumbro,0.0,equis
S006-438,,,,,Zumbro,0.0,equis
S007-138,,,,,Zumbro,0.0,equis
S012-107,,,,,Zumbro,0.0,equis
S009-951,,,,,Zumbro,0.0,equis
S006-437,,,,,Zumbro,0.0,equis
S007-136,,,,,Zumbro,0.0,equis
S004-010,,,,,Zumbro,0.0,equis
S003-459,,,,,Zumbro,0.0,equis
S012-093,,,,,Zumbro,0.0,equis
S008-312,,,,,Zumbro,0.0,equis
S007-946,,,,,Zumbro,0.0,equis
S007-946,,,,,Zumbro,0.0,equis
S012-100,,,,,Zumbro,0.0,equis
S007-128,,,,,Zumbro,0.0,equis
S012-101,,,,,Zumbro,0.0,equis
S006-640,,,,,Zumbro,0.0,equis
S012-099,,,,,Zumbro,0.0,equis
S004-769,,,,,Zumbro,0.0,equis
S004-772,,,,,Zumbro,0.0,equis
S004-754,,,,,Zumbro,0.0,equis
S008-940,,,,,Zumbro,0.0,equis
S012-102,,,,,Zumbro,0.0,equis
S001-817,,,,,Zumbro,0.0,equis
S004-005,,,,,Zumbro,0.0,equis
S010-027,,,,,Zumbro,0.0,equis
S003-846,,,,,Zumbro,0.0,equis
S012-092,,,,,Zumbro,0.0,equis
S003-711,,,,,Zumbro,0.0,equis
S001-191,,,,,Zumbro,0.0,equis
S001-207,,,,,Zumbro,0.0,equis
S001-206,,,,,Zumbro,0.0,equis
S003-825,,,,,Zumbro,0.0,equis
S010-009,,,,,Zumbro,0.0,equis
S001-572,,,,,Zumbro,0.0,equis
S012-095,,,,,Zumbro,0.0,equis
S004-733,,,,,Zumbro,0.0,equis
S004-800,,,,,Zumbro,0.0,equis
S017-944,,,,,Zumbro,0.0,equis
S001-632,,,,,Zumbro,0.0,equis
S001-475,,,,,Zumbro,0.0,equis
S001-729,,,,,Zumbro,0.0,equis
S003-615,,,,,Zumbro,0.0,equis
S003-797,,,,,Zumbro,0.0,equis
S007-141,,,,,Zumbro,0.0,equis
S013-094,,,,,Zumbro,0.0,equis
S005-733,,,,,Zumbro,0.0,equis
S012-055,,,,,Zumbro,0.0,equis
S017-170,,,,,Zumbro,0.0,equis
S004-486,,,,,Zumbro,0.0,equis
S000-820,,,,,Zumbro,0.0,equis
S012-062,,,,,Zumbro,0.0,equis
S000-357,,,,,Zumbro,0.0,equis
S000-331,,,,,Zumbro,0.0,equis
S000-332,,,,,Zumbro,0.0,equis
S001-350,,,,,Zumbro,0.0,equis
S003-802,,,,,Zumbro,0.0,equis
S004-513,,,,,Zumbro,0.0,equis
S002-115,,,,,Zumbro,0.0,equis
S007-133,,,,,Zumbro,0.0,equis
S005-747,8.0,8,,,Zumbro,0.0,equis
S012-060,8.0,8,,,Zumbro,0.0,equis
S016-566,8.0,8,,,Zumbro,0.0,equis
S007-925,,,,,Zumbro,0.0,equis
S002-454,,,,,Zumbro,0.0,equis
S002-455,,,,,Zumbro,0.0,equis
S002-453,,,,,Zumbro,0.0,equis
S003-712,,,,,Zumbro,0.0,equis
S003-713,,,,,Zumbro,0.0,equis
S004-382,,,,,Zumbro,0.0,equis
S006-065,,,,,Zumbro,0.0,equis
S016-562,,,,,Zumbro,0.0,equis
S003-842,,,,,Zumbro,0.0,equis
S000-334,,,,,Zumbro,0.0,equis
S000-008,,,,,,0.0,equis
S000-009,,,,,,0.0,equis
S000-019,,,,,,0.0,equis
S000-020,,,,,,0.0,equis
S000-025,,,,,,0.0,equis
S000-057,,,,,,0.0,equis
S000-067,,,,,,0.0,equis
S000-068,,,,,,0.0,equis
S000-073,,,,,,0.0,equis
S000-074,,,,,,0.0,equis
S000-075,,,,,,0.0,equis
S000-076,,,,,,0.0,equis
S000-077,,,,,,0.0,equis
S000-078,,,,,,0.0,equis
S000-079,,,,,,0.0,equis
S000-080,,,,,,0.0,equis
S000-081,,,,,,0.0,equis
S000-082,,,,,,0.0,equis
S000-090,,,,,,0.0,equis
S000-091,,,,,,0.0,equis
S000-092,,,,,,0.0,equis
S000-095,,,,,MissWinona,0.0,equis
S000-096,,,,,MissWinona,0.0,equis
S000-101,,,,,,0.0,equis
S000-113,,,,,,0.0,equis
S000-122,,,,,,0.0,equis
S000-123,,,,,,0.0,equis
S000-125,,,,,,0.0,equis
S000-127,,,,,,0.0,equis
S000-128,,,,,,0.0,equis
S000-129,,,,,,0.0,equis
S000-130,,,,,,0.0,equis
S000-131,,,,,MissWinona,0.0,equis
S000-132,,,,,,0.0,equis
S000-133,,,,,,0.0,equis
S000-162,,,,,,0.0,equis
S000-218,,,,,MissWinona,0.0,equis
S000-266,,,,,,0.0,equis
S000-267,,,,,MissWinona,0.0,equis
S000-287,,,,,MissWinona,0.0,equis
S000-288,,,,,MissWinona,0.0,equis
S000-301,,,,,,0.0,equis
S000-302,,,,,,0.0,equis
S000-321,,,,,MissWinona,0.0,equis
S000-322,,,,,MissWinona,0.0,equis
S000-323,,,,,MissWinona,0.0,equis
S000-324,,,,,MissWinona,0.0,equis
S000-325,,,,,MissWinona,0.0,equis
S000-326,,,,,MissWinona,0.0,equis
S000-327,,,,,MissWinona,0.0,equis
S000-328,,,,,MissWinona,0.0,equis
S000-329,,,,,MissWinona,0.0,equis
S000-329,,,,,MissWinona,0.0,equis
S000-339,,,,,,0.0,equis
S000-345,,,,,,0.0,equis
S000-410,,,,,,0.0,equis
S000-411,,,,,,0.0,equis
S000-451,,,,,MissWinona,0.0,equis
S000-452,,,,,MissWinona,0.0,equis
S000-453,,,,,MissWinona,0.0,equis
S000-454,,,,,MissWinona,0.0,equis
S000-455,,,,,MissWinona,0.0,equis
S000-456,,,,,MissWinona,0.0,equis
S000-557,,,,,,0.0,equis
S000-558,,,,,,0.0,equis
S000-560,,,,,,0.0,equis
S000-562,,,,,,0.0,equis
S000-774,,,,,MissWinona,0.0,equis
S000-775,,,,,MissWinona,0.0,equis
S000-776,,,,,MissWinona,0.0,equis
S000-826,,,,,MissWinona,0.0,equis
S000-827,,,,,MissWinona,0.0,equis
S000-828,,,,,MissWinona,0.0,equis
S000-828,,,,,MissWinona,0.0,equis
S000-829,,,,,MissWinona,0.0,equis
S000-830,,,,,MissWinona,0.0,equis
S000-831,,,,,MissWinona,0.0,equis
S000-832,,,,,MissWinona,0.0,equis
S000-833,,,,,MissWinona,0.0,equis
S000-834,,,,,MissWinona,0.0,equis
S000-839,,,,,MissWinona,0.0,equis
S000-840,,,,,MissWinona,0.0,equis
S000-842,,,,,MissWinona,0.0,equis
S000-844,,,,,MissWinona,0.0,equis
S000-845,,,,,MissWinona,0.0,equis
S000-846,,,,,MissWinona,0.0,equis
S000-896,,,,,,0.0,equis
S000-941,,,,,,0.0,equis
S000-942,,,,,,0.0,equis
S000-943,,,,,,0.0,equis
S000-944,,,,,,0.0,equis
S000-945,,,,,,0.0,equis
S000-978,,,,,MissWinona,0.0,equis
S000-981,,,,,MissWinona,0.0,equis
S000-982,,,,,MissWinona,0.0,equis
S000-994,,,,,,0.0,equis
S000-995,,,,,,0.0,equis
S000-996,,,,,,0.0,equis
S000-997,,,,,,0.0,equis
S001-167,,,,,,0.0,equis
S001-193,,,,,,0.0,equis
S001-194,,,,,,0.0,equis
S001-223,,,,,,0.0,equis
S001-226,,,,,,0.0,equis
S001-227,,,,,,0.0,equis
S001-228,,,,,,0.0,equis
S001-229,,,,,,0.0,equis
S001-230,,,,,,0.0,equis
S001-231,,,,,,0.0,equis
S001-232,,,,,,0.0,equis
S001-233,,,,,,0.0,equis
S001-234,,,,,,0.0,equis
S001-236,,,,,,0.0,equis
S001-238,,,,,,0.0,equis
S001-303,,,,,,0.0,equis
S001-334,,,,,,0.0,equis
S001-361,,,,,,0.0,equis
S001-362,,,,,,0.0,equis
S001-371,,,,,,0.0,equis
S001-375,,,,,,0.0,equis
S001-398,,,,,,0.0,equis
S001-418,,,,,,0.0,equis
S001-419,,,,,,0.0,equis
S001-420,,,,,,0.0,equis
S001-423,,,,,,0.0,equis
S001-424,,,,,,0.0,equis
S001-425,,,,,,0.0,equis
S001-429,,,,,,0.0,equis
S001-449,,,,,MissWinona,0.0,equis
S001-449,,,,,MissWinona,0.0,equis
S001-450,,,,,MissWinona,0.0,equis
S001-450,,,,,MissWinona,0.0,equis
S001-451,,,,,MissWinona,0.0,equis
S001-456,,,,,,0.0,equis
S001-457,,,,,,0.0,equis
S001-463,221.0,"217,215","middle of reach, should break up reach 221",,,0.0,equis
S001-528,,,,,MissWinona,0.0,equis
S001-529,,,,,MissWinona,0.0,equis
S001-531,,,,,MissWinona,0.0,equis
S001-532,,,,,MissWinona,0.0,equis
S001-533,,,,,MissWinona,0.0,equis
S001-600,,,,,,0.0,equis
S001-692,,,,,,0.0,equis
S001-693,,,,,,0.0,equis
S001-698,,,,,,0.0,equis
S001-704,,,,,MissWinona,0.0,equis
S001-717,,,,,MissWinona,0.0,equis
S001-718,,,,,MissWinona,0.0,equis
S001-720,,,,,,0.0,equis
S001-728,,,,,MissWinona,0.0,equis
S001-741,,,,,MissWinona,0.0,equis
S001-742,,,,,MissWinona,0.0,equis
S001-743,,,,,MissWinona,0.0,equis
S001-744,,,,,MissWinona,0.0,equis
S001-745,,,,,MissWinona,0.0,equis
S001-767,,,,,MissWinona,0.0,equis
S001-769,,,,,MissWinona,0.0,equis
S001-797,,,,,MissWinona,0.0,equis
S001-824,,,,,MissWinona,0.0,equis
S001-825,,,,,MissWinona,0.0,equis
S001-826,,,,,MissWinona,0.0,equis
S001-831,,,,,MissWinona,0.0,equis
S001-832,,,,,MissWinona,0.0,equis
S001-833,,,,,MissWinona,0.0,equis
S001-879,,,,,MissWinona,0.0,equis
S001-946,,,,,,0.0,equis
S001-947,,,,,,0.0,equis
S001-951,,,,,MissWinona,0.0,equis
S001-952,,,,,MissWinona,0.0,equis
S001-953,,,,,,0.0,equis
S001-963,,,,,,0.0,equis
S001-974,,,,,,0.0,equis
S001-977,,,,,,0.0,equis
S001-981,,,,,MissWinona,0.0,equis
S001-990,,,,,MissWinona,0.0,equis
S002-011,,,,,,0.0,equis
S002-071,,,,,MissWinona,0.0,equis
S002-072,,,,,MissWinona,0.0,equis
S002-072,,,,,MissWinona,0.0,equis
S002-073,,,,,MissWinona,0.0,equis
S002-074,,,,,MissWinona,0.0,equis
S002-093,,,,,,0.0,equis
S002-094,,,,,,0.0,equis
S002-095,,,,,,0.0,equis
S002-096,,,,,,0.0,equis
S002-113,,,,,,0.0,equis
S002-243,211.0,211,,,,0.0,equis
S002-249,,,,,,0.0,equis
S002-325,,,,,,0.0,equis
S002-398,,,,,MissWinona,0.0,equis
S002-409,,,,,,0.0,equis
S002-417,,,,,,0.0,equis
S002-418,,,,,,0.0,equis
S002-419,,,,,,0.0,equis
S002-420,,,,,,0.0,equis
S002-421,,,,,,0.0,equis
S002-423,,,,,,0.0,equis
S002-424,,,,,,0.0,equis
S002-425,,,,,,0.0,equis
S002-426,,,,,,0.0,equis
S002-429,,,,,,0.0,equis
S002-474,,,,,,0.0,equis
S002-501,,,,,,0.0,equis
S002-545,,,,,MissWinona,0.0,equis
S002-546,,,,,MissWinona,0.0,equis
S002-557,,,,,,0.0,equis
S002-559,,,,,,0.0,equis
S002-560,,,,,,0.0,equis
S002-561,,,,,,0.0,equis
S002-562,,,,,,0.0,equis
S002-563,,,,,,0.0,equis
S002-564,,,,,,0.0,equis
S002-565,,,,,,0.0,equis
S002-566,,,,,,0.0,equis
S002-567,,,,,,0.0,equis
S002-568,,,,,,0.0,equis
S002-570,,,,,,0.0,equis
S002-571,,,,,,0.0,equis
S002-572,,,,,,0.0,equis
S002-573,,,,,,0.0,equis
S002-574,,,,,,0.0,equis
S002-575,,,,,,0.0,equis
S002-576,,,,,,0.0,equis
S002-577,,,,,,0.0,equis
S002-747,,,,,,0.0,equis
S002-748,,,,,,0.0,equis
S002-749,,,,,,0.0,equis
S002-750,,,,,,0.0,equis
S002-751,,,,,,0.0,equis
S002-753,,,,,,0.0,equis
S002-754,,,,,,0.0,equis
S002-756,,,,,,0.0,equis
S002-757,,,,,,0.0,equis
S002-767,,,,,,0.0,equis
S002-768,,,,,,0.0,equis
S002-770,,,,,,0.0,equis
S002-771,,,,,,0.0,equis
S002-772,,,,,,0.0,equis
S002-773,,,,,,0.0,equis
S002-774,,,,,,0.0,equis
S002-775,,,,,,0.0,equis
S002-776,,,,,,0.0,equis
S002-777,,,,,,0.0,equis
S002-778,,,,,,0.0,equis
S002-779,,,,,,0.0,equis
S002-780,,,,,,0.0,equis
S002-781,,,,,,0.0,equis
S002-782,,,,,,0.0,equis
S002-783,,,,,,0.0,equis
S002-784,,,,,,0.0,equis
S002-785,,,,,,0.0,equis
S002-786,,,,,,0.0,equis
S002-787,,,,,,0.0,equis
S002-789,,,,,,0.0,equis
S002-793,,,,,,0.0,equis
S002-794,,,,,,0.0,equis
S002-795,,,,,,0.0,equis
S002-796,,,,,,0.0,equis
S002-798,,,,,,0.0,equis
S002-799,,,,,,0.0,equis
S002-800,,,,,,0.0,equis
S002-802,,,,,,0.0,equis
S002-803,,,,,,0.0,equis
S002-804,,,,,,0.0,equis
S002-805,,,,,,0.0,equis
S002-810,,,,,,0.0,equis
S002-829,,,,,,0.0,equis
S002-830,,,,,,0.0,equis
S002-831,,,,,,0.0,equis
S002-832,,,,,,0.0,equis
S002-835,,,,,,0.0,equis
S002-846,,,,,,0.0,equis
S002-854,,,,,,0.0,equis
S002-871,,,,,,0.0,equis
S002-872,,,,,,0.0,equis
S002-873,,,,,,0.0,equis
S002-918,,,,,,0.0,equis
S002-919,,,,,,0.0,equis
S002-923,,,,,,0.0,equis
S002-924,,,,,,0.0,equis
S002-925,,,,,,0.0,equis
S002-926,,,,,,0.0,equis
S002-927,,,,,,0.0,equis
S002-928,,,,,,0.0,equis
S002-964,406.0,406,,,,0.0,equis
S002-965,240.0,240,,,,0.0,equis
S003-018,,,,,,0.0,equis
S003-019,,,,,,0.0,equis
S003-026,,,,,,0.0,equis
S003-027,,,,,,0.0,equis
S003-028,,,,,,0.0,equis
S003-029,,,,,,0.0,equis
S003-030,,,,,,0.0,equis
S003-031,,,,,,0.0,equis
S003-032,,,,,,0.0,equis
S003-033,,,,,,0.0,equis
S003-034,,,,,,0.0,equis
S003-035,,,,,,0.0,equis
S003-036,,,,,,0.0,equis
S003-037,,,,,,0.0,equis
S003-038,,,,,,0.0,equis
S003-039,,,,,,0.0,equis
S003-040,,,,,,0.0,equis
S003-041,,,,,,0.0,equis
S003-042,,,,,,0.0,equis
S003-043,,,,,,0.0,equis
S003-044,,,,,,0.0,equis
S003-045,,,,,,0.0,equis
S003-046,,,,,,0.0,equis
S003-047,,,,,,0.0,equis
S003-048,,,,,,0.0,equis
S003-049,,,,,,0.0,equis
S003-050,,,,,,0.0,equis
S003-051,,,,,,0.0,equis
S003-052,,,,,,0.0,equis
S003-053,,,,,,0.0,equis
S003-054,,,,,,0.0,equis
S003-055,,,,,,0.0,equis
S003-056,,,,,,0.0,equis
S003-057,,,,,,0.0,equis
S003-058,,,,,,0.0,equis
S003-059,,,,,,0.0,equis
S003-060,,,,,,0.0,equis
S003-063,,,,,,0.0,equis
S003-142,,,,,,0.0,equis
S003-184,,,,,,0.0,equis
S003-188,,,,,,0.0,equis
S003-190,,,,,,0.0,equis
S003-192,,,,,,0.0,equis
S003-209,,,,,,0.0,equis
S003-210,,,,,,0.0,equis
S003-212,,,,,,0.0,equis
S003-213,,,,,,0.0,equis
S003-214,,,,,,0.0,equis
S003-215,,,,,,0.0,equis
S003-216,,,,,,0.0,equis
S003-217,,,,,,0.0,equis
S003-218,,,,,,0.0,equis
S003-219,,,,,,0.0,equis
S003-220,,,,,,0.0,equis
S003-221,,,,,,0.0,equis
S003-222,,,,,,0.0,equis
S003-223,,,,,,0.0,equis
S003-224,,,,,,0.0,equis
S003-225,,,,,,0.0,equis
S003-227,,,,,,0.0,equis
S003-228,,,,,,0.0,equis
S003-230,,,,,,0.0,equis
S003-323,,,,,,0.0,equis
S003-324,,,,,,0.0,equis
S003-325,,,,,,0.0,equis
S003-326,,,,,,0.0,equis
S003-338,,,,,,0.0,equis
S003-339,,,,,,0.0,equis
S003-340,,,,,,0.0,equis
S003-341,,,,,,0.0,equis
S003-347,,,,,,0.0,equis
S003-348,,,,,,0.0,equis
S003-440,,,,,,0.0,equis
S003-441,,,,,,0.0,equis
S003-454,,,,,MissWinona,0.0,equis
S003-464,,,,,,0.0,equis
S003-466,,,,,,0.0,equis
S003-468,,,,,,0.0,equis
S003-469,,,,,,0.0,equis
S003-470,,,,,,0.0,equis
S003-471,,,,,,0.0,equis
S003-472,,,,,,0.0,equis
S003-473,,,,,,0.0,equis
S003-475,,,,,,0.0,equis
S003-476,,,,,,0.0,equis
S003-477,,,,,,0.0,equis
S003-479,,,,,,0.0,equis
S003-481,,,,,,0.0,equis
S003-482,,,,,,0.0,equis
S003-483,,,,,,0.0,equis
S003-562,,,,,MissWinona,0.0,equis
S003-569,,,,,,0.0,equis
S003-573,,,,,,0.0,equis
S003-604,,,,,MissWinona,0.0,equis
S003-605,,,,,MissWinona,0.0,equis
S003-610,,,,,,0.0,equis
S003-624,,,,,MissWinona,0.0,equis
S003-644,,,,,,0.0,equis
S003-646,,,,,,0.0,equis
S003-648,,,,,,0.0,equis
S003-649,,,,,,0.0,equis
S003-650,,,,,,0.0,equis
S003-651,,,,,,0.0,equis
S003-657,150.0,150,Major tributary from North Dakot currently not modeled. Check external sources for which reach the tirbutary is getting routed too. Need to investigate if station is downstream or upstream of tributr,,,0.0,equis
S003-679,,,,,,0.0,equis
S003-680,,,,,,0.0,equis
S003-687,,,,,MissWinona,0.0,equis
S003-707,,,,,MissWinona,0.0,equis
S003-708,,,,,MissWinona,0.0,equis
S003-709,,,,,MissWinona,0.0,equis
S003-710,,,,,MissWinona,0.0,equis
S003-719,,,,,,0.0,equis
S003-720,,,,,,0.0,equis
S003-721,,,,,,0.0,equis
S003-722,,,,,,0.0,equis
S003-723,,,,,,0.0,equis
S003-724,,,,,,0.0,equis
S003-725,,,,,,0.0,equis
S003-726,,,,,,0.0,equis
S003-728,,,,,,0.0,equis
S003-729,,,,,,0.0,equis
S003-730,,,,,,0.0,equis
S003-731,,,,,,0.0,equis
S003-732,,,,,,0.0,equis
S003-733,,,,,,0.0,equis
S003-734,,,,,,0.0,equis
S003-735,,,,,,0.0,equis
S003-736,,,,,,0.0,equis
S003-737,,,,,,0.0,equis
S003-738,,,,,,0.0,equis
S003-739,,,,,,0.0,equis
S003-740,,,,,,0.0,equis
S003-741,,,,,,0.0,equis
S003-742,,,,,,0.0,equis
S003-744,,,,,,0.0,equis
S003-745,,,,,,0.0,equis
S003-746,,,,,,0.0,equis
S003-747,,,,,,0.0,equis
S003-748,,,,,,0.0,equis
S003-749,,,,,,0.0,equis
S003-750,,,,,,0.0,equis
S003-751,,,,,,0.0,equis
S003-752,,,,,,0.0,equis
S003-753,,,,,,0.0,equis
S003-754,,,,,,0.0,equis
S003-755,,,,,,0.0,equis
S003-756,,,,,,0.0,equis
S003-773,,,,,,0.0,equis
S003-783,,,,,,0.0,equis
S003-784,,,,,MissWinona,0.0,equis
S003-792,,,,,MissWinona,0.0,equis
S003-793,,,,,MissWinona,0.0,equis
S003-806,,,,,MissWinona,0.0,equis
S003-897,,,,,,0.0,equis
S003-933,,,,,,0.0,equis
S003-989,,,,,,0.0,equis
S003-993,,,,,,0.0,equis
S003-994,,,,,,0.0,equis
S003-994,,,,,,0.0,equis
S003-995,,,,,,0.0,equis
S003-996,,,,,,0.0,equis
S004-011,,,,,MissWinona,0.0,equis
S004-012,,,,,MissWinona,0.0,equis
S004-013,,,,,MissWinona,0.0,equis
S004-017,,,,,MissWinona,0.0,equis
S004-020,,,,,MissWinona,0.0,equis
S004-021,,,,,MissWinona,0.0,equis
S004-032,,,,,,0.0,equis
S004-033,,,,,,0.0,equis
S004-034,,,,,,0.0,equis
S004-060,,,,,,0.0,equis
S004-094,,,,,,0.0,equis
S004-095,,,,,,0.0,equis
S004-096,,,,,,0.0,equis
S004-097,,,,,,0.0,equis
S004-098,,,,,,0.0,equis
S004-099,,,,,,0.0,equis
S004-127,,,,,,0.0,equis
S004-128,,,,,,0.0,equis
S004-141,,,,,,0.0,equis
S004-165,,,,,,0.0,equis
S004-170,,,,,,0.0,equis
S004-171,,,,,,0.0,equis
S004-220,,,,,,0.0,equis
S004-221,,,,,,0.0,equis
S004-222,,,,,,0.0,equis
S004-240,,,,,MissWinona,0.0,equis
S004-243,,,,,MissWinona,0.0,equis
S004-244,,,,,MissWinona,0.0,equis
S004-245,,,,,MissWinona,0.0,equis
S004-246,,,,,MissWinona,0.0,equis
S004-247,,,,,MissWinona,0.0,equis
S004-248,,,,,MissWinona,0.0,equis
S004-252,,,,,,0.0,equis
S004-255,,,,,,0.0,equis
S004-274,,,,,,0.0,equis
S004-305,,,,,,0.0,equis
S004-318,,,,,,0.0,equis
S004-361,,,,,,0.0,equis
S004-362,,,,,,0.0,equis
S004-367,,,,,,0.0,equis
S004-368,,,,,,0.0,equis
S004-369,,,,,,0.0,equis
S004-370,,,,,,0.0,equis
S004-371,,,,,,0.0,equis
S004-372,,,,,,0.0,equis
S004-373,,,,,,0.0,equis
S004-374,,,,,,0.0,equis
S004-375,,,,,,0.0,equis
S004-376,,,,,,0.0,equis
S004-377,,,,,,0.0,equis
S004-378,,,,,,0.0,equis
S004-425,,,,,,0.0,equis
S004-426,,,,,,0.0,equis
S004-427,,,,,,0.0,equis
S004-428,,,,,,0.0,equis
S004-434,,,,,,0.0,equis
S004-435,,,,,,0.0,equis
S004-436,,,,,,0.0,equis
S004-437,,,,,,0.0,equis
S004-438,,,,,,0.0,equis
S004-439,,,,,,0.0,equis
S004-440,,,,,,0.0,equis
S004-441,,,,,,0.0,equis
S004-442,,,,,,0.0,equis
S004-456,,,,,,0.0,equis
S004-457,,,,,,0.0,equis
S004-458,,,,,,0.0,equis
S004-459,,,,,,0.0,equis
S004-460,,,,,,0.0,equis
S004-461,,,,,,0.0,equis
S004-462,,,,,,0.0,equis
S004-463,,,,,,0.0,equis
S004-464,,,,,,0.0,equis
S004-465,,,,,,0.0,equis
S004-466,,,,,,0.0,equis
S004-467,,,,,,0.0,equis
S004-468,,,,,,0.0,equis
S004-470,,,,,,0.0,equis
S004-471,,,,,,0.0,equis
S004-472,,,,,,0.0,equis
S004-473,,,,,,0.0,equis
S004-475,,,,,,0.0,equis
S004-478,,,,,,0.0,equis
S004-482,,,,,,0.0,equis
S004-525,,,,,,0.0,equis
S004-536,,,,,,0.0,equis
S004-537,,,,,,0.0,equis
S004-538,,,,,,0.0,equis
S004-539,,,,,,0.0,equis
S004-540,,,,,,0.0,equis
S004-541,,,,,,0.0,equis
S004-542,,,,,,0.0,equis
S004-543,,,,,,0.0,equis
S004-544,,,,,,0.0,equis
S004-545,,,,,,0.0,equis
S004-611,,,,,MissWinona,0.0,equis
S004-612,,,,,MissWinona,0.0,equis
S004-614,,,,,,0.0,equis
S004-619,,,,,,0.0,equis
S004-620,,,,,,0.0,equis
S004-652,,,,,,0.0,equis
S004-653,,,,,,0.0,equis
S004-654,,,,,,0.0,equis
S004-655,,,,,,0.0,equis
S004-656,,,,,,0.0,equis
S004-657,,,,,,0.0,equis
S004-660,,,,,MissWinona,0.0,equis
S004-661,,,,,,0.0,equis
S004-664,,,,,MissWinona,0.0,equis
S004-670,219.0,219,,,,0.0,equis
S004-675,232.0,232,,,,0.0,equis
S004-688,205.0,"206,216",,,,0.0,equis
S004-689,211.0,212,,,,0.0,equis
S004-699,231.0,231,,,,0.0,equis
S004-708,,,,,MissWinona,0.0,equis
S004-718,,,,,,0.0,equis
S004-726,,,,,,0.0,equis
S004-768,213.0,214,,,,0.0,equis
S004-801,,,,,MissWinona,0.0,equis
S004-802,,,,,MissWinona,0.0,equis
S004-807,,,,,,0.0,equis
S004-882,,,,,,0.0,equis
S004-883,,,,,,0.0,equis
S004-884,,,,,,0.0,equis
S004-885,,,,,,0.0,equis
S004-886,,,,,,0.0,equis
S004-887,,,,,,0.0,equis
S004-925,,,,,,0.0,equis
S004-926,,,,,,0.0,equis
S004-977,,,,,,0.0,equis
S004-982,,,,,,0.0,equis
S004-983,,,,,,0.0,equis
S004-995,,,,,,0.0,equis
S004-996,,,,,,0.0,equis
S004-997,,,,,,0.0,equis
S005-013,,,,,,0.0,equis
S005-016,,,,,,0.0,equis
S005-017,,,,,,0.0,equis
S005-072,,,,,MissWinona,0.0,equis
S005-076,,,,,MissWinona,0.0,equis
S005-077,,,,,MissWinona,0.0,equis
S005-100,,,,,,0.0,equis
S005-109,,,,,,0.0,equis
S005-111,,,,,,0.0,equis
S005-112,,,,,,0.0,equis
S005-118,,,,,,0.0,equis
S005-120,,,,,,0.0,equis
S005-121,,,,,,0.0,equis
S005-122,,,,,,0.0,equis
S005-123,,,,,,0.0,equis
S005-124,,,,,,0.0,equis
S005-125,,,,,,0.0,equis
S005-126,,,,,,0.0,equis
S005-127,,,,,,0.0,equis
S005-128,,,,,,0.0,equis
S005-170,,,,,,0.0,equis
S005-257,,,,,,0.0,equis
S005-258,,,,,,0.0,equis
S005-259,,,,,,0.0,equis
S005-260,,,,,,0.0,equis
S005-261,,,,,,0.0,equis
S005-262,,,,,,0.0,equis
S005-263,,,,,,0.0,equis
S005-264,,,,,,0.0,equis
S005-279,,,,,,0.0,equis
S005-314,,,,,,0.0,equis
S005-324,,,,,,0.0,equis
S005-331,,,,,,0.0,equis
S005-332,,,,,,0.0,equis
S005-333,,,,,,0.0,equis
S005-334,,,,,,0.0,equis
S005-335,,,,,,0.0,equis
S005-338,,,,,,0.0,equis
S005-341,,,,,MissWinona,0.0,equis
S005-342,,,,,,0.0,equis
S005-343,,,,,,0.0,equis
S005-344,,,,,,0.0,equis
S005-345,,,,,,0.0,equis
S005-346,,,,,,0.0,equis
S005-348,,,,,,0.0,equis
S005-349,,,,,,0.0,equis
S005-351,,,,,,0.0,equis
S005-352,,,,,,0.0,equis
S005-353,,,,,,0.0,equis
S005-376,,,,,,0.0,equis
S005-390,,,,,MissWinona,0.0,equis
S005-395,,,,,,0.0,equis
S005-444,,,,,,0.0,equis
S005-446,,,,,,0.0,equis
S005-448,,,,,,0.0,equis
S005-453,,,,,,0.0,equis
S005-454,,,,,,0.0,equis
S005-476,215.0,215,,,,0.0,equis
S005-503,,,,,,0.0,equis
S005-504,,,,,,0.0,equis
S005-505,,,,,,0.0,equis
S005-506,,,,,,0.0,equis
S005-507,,,,,,0.0,equis
S005-508,,,,,,0.0,equis
S005-509,,,,,,0.0,equis
S005-510,,,,,,0.0,equis
S005-511,,,,,,0.0,equis
S005-512,,,,,,0.0,equis
S005-513,,,,,,0.0,equis
S005-515,,,,,,0.0,equis
S005-516,,,,,,0.0,equis
S005-517,,,,,,0.0,equis
S005-518,,,,,,0.0,equis
S005-519,,,,,,0.0,equis
S005-520,,,,,,0.0,equis
S005-521,,,,,,0.0,equis
S005-522,,,,,,0.0,equis
S005-523,,,,,,0.0,equis
S005-524,,,,,,0.0,equis
S005-525,,,,,,0.0,equis
S005-526,,,,,,0.0,equis
S005-527,,,,,,0.0,equis
S005-528,,,,,,0.0,equis
S005-529,,,,,,0.0,equis
S005-530,,,,,,0.0,equis
S005-531,,,,,,0.0,equis
S005-532,,,,,,0.0,equis
S005-567,,,,,,0.0,equis
S005-586,,,,,MissWinona,0.0,equis
S005-587,,,,,MissWinona,0.0,equis
S005-636,,,,,,0.0,equis
S005-637,,,,,,0.0,equis
S005-638,,,,,,0.0,equis
S005-639,,,,,,0.0,equis
S005-640,,,,,,0.0,equis
S005-641,,,,,,0.0,equis
S005-642,,,,,,0.0,equis
S005-686,,,,,,0.0,equis
S005-790,,,,,,0.0,equis
S005-791,,,,,,0.0,equis
S005-793,,,,,,0.0,equis
S005-794,,,,,,0.0,equis
S005-795,,,,,,0.0,equis
S005-796,,,,,,0.0,equis
S005-818,,,,,,0.0,equis
S005-819,,,,,,0.0,equis
S005-830,,,,,,0.0,equis
S005-831,,,,,,0.0,equis
S006-061,,,,,,0.0,equis
S006-093,117.0,511,upstream end of long headwaters reach,,,0.0,equis
S006-113,,,,,,0.0,equis
S006-114,,,,,,0.0,equis
S006-115,,,,,,0.0,equis
S006-117,,,,,,0.0,equis
S006-124,209.0,210,,,,0.0,equis
S006-127,,,,,MissWinona,0.0,equis
S006-127,,,,,MissWinona,0.0,equis
S006-139,,,,,,0.0,equis
S006-140,,,,,,0.0,equis
S006-141,,,,,,0.0,equis
S006-145,,,,,,0.0,equis
S006-146,,,,,,0.0,equis
S006-149,,,,,,0.0,equis
S006-164,,,,,,0.0,equis
S006-174,,,,,,0.0,equis
S006-187,,,,,,0.0,equis
S006-209,,,,,,0.0,equis
S006-211,,,,,,0.0,equis
S006-334,,,,,,0.0,equis
S006-335,,,,,,0.0,equis
S006-386,,,,,,0.0,equis
S006-418,,,,,,0.0,equis
S006-420,,,,,,0.0,equis
S006-421,,,,,,0.0,equis
S006-422,,,,,,0.0,equis
S006-455,,,,,,0.0,equis
S006-497,,,,,,0.0,equis
S006-509,,,,,,0.0,equis
S006-523,,,,,,0.0,equis
S006-524,,,,,,0.0,equis
S006-525,,,,,,0.0,equis
S006-526,,,,,,0.0,equis
S006-528,,,,,,0.0,equis
S006-529,,,,,MissWinona,0.0,equis
S006-530,,,,,MissWinona,0.0,equis
S006-531,,,,,MissWinona,0.0,equis
S006-532,,,,,MissWinona,0.0,equis
S006-541,,,,,,0.0,equis
S006-542,,,,,,0.0,equis
S006-629,,,,,,0.0,equis
S006-630,,,,,,0.0,equis
S006-647,,,,,,0.0,equis
S006-650,,,,,,0.0,equis
S006-655,,,,,MissWinona,0.0,equis
S006-689,,,,,MissWinona,0.0,equis
S006-691,,,,,,0.0,equis
S006-732,,,,,,0.0,equis
S006-732,,,,,,0.0,equis
S006-733,,,,,,0.0,equis
S006-734,,,,,,0.0,equis
S006-734,,,,,,0.0,equis
S006-735,,,,,,0.0,equis
S006-736,,,,,,0.0,equis
S006-737,,,,,,0.0,equis
S006-738,,,,,,0.0,equis
S006-741,,,,,,0.0,equis
S006-742,,,,,,0.0,equis
S006-745,,,,,,0.0,equis
S006-746,,,,,,0.0,equis
S006-747,,,,,,0.0,equis
S006-749,,,,,,0.0,equis
S006-754,,,,,,0.0,equis
S006-771,,,,,,0.0,equis
S006-772,,,,,,0.0,equis
S006-773,,,,,,0.0,equis
S006-774,,,,,,0.0,equis
S006-775,,,,,,0.0,equis
S006-776,,,,,,0.0,equis
S006-777,,,,,,0.0,equis
S006-800,,,,,MissWinona,0.0,equis
S006-800,,,,,MissWinona,0.0,equis
S006-822,,,,,,0.0,equis
S006-822,,,,,,0.0,equis
S006-823,,,,,,0.0,equis
S006-823,,,,,,0.0,equis
S006-824,,,,,,0.0,equis
S006-824,,,,,,0.0,equis
S006-846,,,,,,0.0,equis
S006-847,,,,,,0.0,equis
S006-852,,,,,,0.0,equis
S006-889,,,,,MissWinona,0.0,equis
S006-930,,,,,,0.0,equis
S006-931,,,,,,0.0,equis
S006-932,,,,,,0.0,equis
S007-057,,,,,,0.0,equis
S007-072,,,,,MissWinona,0.0,equis
S007-073,,,,,MissWinona,0.0,equis
S007-074,,,,,MissWinona,0.0,equis
S007-075,,,,,MissWinona,0.0,equis
S007-076,,,,,MissWinona,0.0,equis
S007-077,,,,,MissWinona,0.0,equis
S007-078,,,,,MissWinona,0.0,equis
S007-079,,,,,MissWinona,0.0,equis
S007-080,,,,,MissWinona,0.0,equis
S007-081,,,,,MissWinona,0.0,equis
S007-082,,,,,MissWinona,0.0,equis
S007-083,,,,,,0.0,equis
S007-084,,,,,MissWinona,0.0,equis
S007-085,,,,,MissWinona,0.0,equis
S007-086,,,,,MissWinona,0.0,equis
S007-096,,,,,MissWinona,0.0,equis
S007-114,,,,,MissWinona,0.0,equis
S007-127,,,,,,0.0,equis
S007-140,,,,,MissWinona,0.0,equis
S007-144,,,,,MissWinona,0.0,equis
S007-145,,,,,MissWinona,0.0,equis
S007-146,,,,,MissWinona,0.0,equis
S007-149,,,,,,0.0,equis
S007-165,,,,,,0.0,equis
S007-167,,,,,MissWinona,0.0,equis
S007-168,,,,,MissWinona,0.0,equis
S007-177,,,,,,0.0,equis
S007-223,,,,,,0.0,equis
S007-224,,,,,,0.0,equis
S007-225,,,,,,0.0,equis
S007-226,,,,,,0.0,equis
S007-237,,,,,,0.0,equis
S007-241,,,,,,0.0,equis
S007-242,,,,,,0.0,equis
S007-289,,,,,,0.0,equis
S007-291,,,,,,0.0,equis
S007-294,,,,,,0.0,equis
S007-295,,,,,,0.0,equis
S007-325,,,,,,0.0,equis
S007-430,,,,,,0.0,equis
S007-431,,,,,,0.0,equis
S007-539,,,,,,0.0,equis
S007-540,,,,,,0.0,equis
S007-541,,,,,,0.0,equis
S007-542,,,,,,0.0,equis
S007-543,,,,,,0.0,equis
S007-559,,,,,,0.0,equis
S007-624,,,,,,0.0,equis
S007-625,,,,,,0.0,equis
S007-657,,,,,,0.0,equis
S007-660,,,,,,0.0,equis
S007-661,,,,,,0.0,equis
S007-662,,,,,,0.0,equis
S007-679,,,,,MissWinona,0.0,equis
S007-680,,,,,,0.0,equis
S007-716,,,,,,0.0,equis
S007-724,,,,,,0.0,equis
S007-732,,,,,,0.0,equis
S007-733,,,,,,0.0,equis
S007-738,,,,,,0.0,equis
S007-739,,,,,,0.0,equis
S007-744,,,,,,0.0,equis
S007-771,,,,,,0.0,equis
S007-874,,,,,MissWinona,0.0,equis
S007-875,,,,,MissWinona,0.0,equis
S007-960,,,,,,0.0,equis
S007-963,,,,,,0.0,equis
S007-964,,,,,,0.0,equis
S007-965,,,,,,0.0,equis
S008-062,,,,,,0.0,equis
S008-075,,,,,,0.0,equis
S008-182,,,,,,0.0,equis
S008-340,,,,,MissWinona,0.0,equis
S008-345,,,,,,0.0,equis
S008-408,,,,,,0.0,equis
S008-409,,,,,,0.0,equis
S008-410,,,,,,0.0,equis
S008-411,,,,,,0.0,equis
S008-412,,,,,,0.0,equis
S008-413,,,,,,0.0,equis
S008-414,,,,,,0.0,equis
S008-415,,,,,,0.0,equis
S008-416,,,,,,0.0,equis
S008-417,,,,,,0.0,equis
S008-418,,,,,,0.0,equis
S008-435,,,,,MissWinona,0.0,equis
S008-701,,,,,,0.0,equis
S008-702,,,,,,0.0,equis
S008-703,,,,,,0.0,equis
S008-704,,,,,,0.0,equis
S008-705,,,,,,0.0,equis
S008-831,,,,,MissWinona,0.0,equis
S008-847,,,,,,0.0,equis
S008-869,,,,,MissWinona,0.0,equis
S008-878,,,,,,0.0,equis
S008-920,,,,,,0.0,equis
S008-921,,,,,,0.0,equis
S008-922,,,,,,0.0,equis
S008-943,,,,,,0.0,equis
S008-976,,,,,,0.0,equis
S008-977,,,,,,0.0,equis
S008-978,,,,,,0.0,equis
S008-979,,,,,,0.0,equis
S008-980,,,,,,0.0,equis
S008-981,,,,,,0.0,equis
S008-982,,,,,,0.0,equis
S008-983,,,,,,0.0,equis
S008-984,,,,,,0.0,equis
S008-994,,,,,,0.0,equis
S008-995,,,,,,0.0,equis
S008-996,,,,,,0.0,equis
S008-997,,,,,,0.0,equis
S008-998,,,,,,0.0,equis
S009-000,,,,,,0.0,equis
S009-001,,,,,,0.0,equis
S009-002,,,,,,0.0,equis
S009-003,,,,,,0.0,equis
S009-004,,,,,,0.0,equis
S009-005,,,,,,0.0,equis
S009-006,,,,,,0.0,equis
S009-007,,,,,,0.0,equis
S009-008,,,,,,0.0,equis
S009-009,,,,,,0.0,equis
S009-030,,,,,MissWinona,0.0,equis
S009-031,,,,,MissWinona,0.0,equis
S009-140,,,,,,0.0,equis
S009-141,,,,,,0.0,equis
S009-142,,,,,,0.0,equis
S009-158,,,,,,0.0,equis
S009-159,,,,,,0.0,equis
S009-160,,,,,,0.0,equis
S009-161,,,,,,0.0,equis
S009-162,,,,,,0.0,equis
S009-163,,,,,,0.0,equis
S009-164,,,,,,0.0,equis
S009-183,,,,,,0.0,equis
S009-184,,,,,,0.0,equis
S009-185,,,,,,0.0,equis
S009-507,,,,,,0.0,equis
S009-508,214.0,,,,,0.0,equis
S009-525,,,,,,0.0,equis
S009-566,,,,,,0.0,equis
S009-567,,,,,,0.0,equis
S009-621,,,,,,0.0,equis
S009-622,,,,,,0.0,equis
S009-623,,,,,,0.0,equis
S009-624,,,,,,0.0,equis
S009-625,,,,,,0.0,equis
S009-629,,,,,,0.0,equis
S009-630,,,,,,0.0,equis
S009-632,,,,,,0.0,equis
S009-641,,,,,,0.0,equis
S009-642,,,,,,0.0,equis
S009-643,,,,,,0.0,equis
S009-644,,,,,,0.0,equis
S009-652,,,,,,0.0,equis
S009-656,,,,,,0.0,equis
S009-657,,,,,,0.0,equis
S009-658,,,,,,0.0,equis
S009-663,,,,,,0.0,equis
S009-744,,,,,MissWinona,0.0,equis
S009-745,,,,,MissWinona,0.0,equis
S009-917,,,,,MissWinona,0.0,equis
S009-926,,,,,MissWinona,0.0,equis
S009-932,,,,,,0.0,equis
S009-937,,,,,MissWinona,0.0,equis
S009-938,,,,,MissWinona,0.0,equis
S009-945,,,,,MissWinona,0.0,equis
S009-947,,,,,,0.0,equis
S009-956,,,,,MissWinona,0.0,equis
S009-958,,,,,MissWinona,0.0,equis
S009-979,,,,,MissWinona,0.0,equis
S009-980,,,,,MissWinona,0.0,equis
S009-982,,,,,MissWinona,0.0,equis
S009-989,,,,,MissWinona,0.0,equis
S009-991,,,,,MissWinona,0.0,equis
S009-992,,,,,MissWinona,0.0,equis
S009-993,,,,,MissWinona,0.0,equis
S010-000,,,,,,0.0,equis
S010-001,,,,,,0.0,equis
S010-002,,,,,,0.0,equis
S010-003,,,,,,0.0,equis
S010-004,,,,,,0.0,equis
S010-014,,,,,MissWinona,0.0,equis
S010-019,,,,,,0.0,equis
S010-060,,,,,,0.0,equis
S010-061,,,,,,0.0,equis
S010-062,,,,,,0.0,equis
S010-063,,,,,,0.0,equis
S010-064,,,,,,0.0,equis
S010-065,,,,,,0.0,equis
S010-066,,,,,,0.0,equis
S010-067,,,,,,0.0,equis
S010-120,,,,,,0.0,equis
S010-288,,,,,,0.0,equis
S010-293,,,,,,0.0,equis
S010-294,,,,,,0.0,equis
S010-295,,,,,,0.0,equis
S010-313,,,,,,0.0,equis
S010-318,,,,,,0.0,equis
S010-324,,,,,,0.0,equis
S010-328,,,,,,0.0,equis
S010-330,,,,,,0.0,equis
S010-338,,,,,,0.0,equis
S010-342,,,,,,0.0,equis
S010-350,,,,,,0.0,equis
S010-353,,,,,,0.0,equis
S010-355,,,,,,0.0,equis
S010-361,,,,,,0.0,equis
S010-364,,,,,,0.0,equis
S010-366,,,,,,0.0,equis
S010-411,,,,,,0.0,equis
S010-412,,,,,,0.0,equis
S010-429,,,,,,0.0,equis
S010-434,,,,,,0.0,equis
S010-435,,,,,,0.0,equis
S010-436,,,,,,0.0,equis
S010-437,,,,,MissWinona,0.0,equis
S010-438,,,,,,0.0,equis
S010-439,,,,,,0.0,equis
S010-440,,,,,,0.0,equis
S010-441,,,,,,0.0,equis
S010-531,,,,,,0.0,equis
S010-532,,,,,,0.0,equis
S010-533,,,,,,0.0,equis
S010-534,,,,,,0.0,equis
S010-540,,,,,,0.0,equis
S010-541,,,,,,0.0,equis
S010-542,,,,,,0.0,equis
S010-543,,,,,,0.0,equis
S010-544,,,,,,0.0,equis
S010-545,,,,,,0.0,equis
S010-546,,,,,,0.0,equis
S010-605,,,,,,0.0,equis
S010-607,,,,,,0.0,equis
S010-613,,,,,,0.0,equis
S010-614,,,,,,0.0,equis
S010-615,,,,,,0.0,equis
S010-701,,,,,,0.0,equis
S010-702,,,,,,0.0,equis
S010-703,,,,,,0.0,equis
S010-704,,,,,,0.0,equis
S010-705,,,,,,0.0,equis
S010-706,,,,,,0.0,equis
S010-707,,,,,,0.0,equis
S010-708,,,,,,0.0,equis
S010-709,,,,,,0.0,equis
S010-710,,,,,,0.0,equis
S010-711,,,,,,0.0,equis
S010-712,,,,,,0.0,equis
S010-922,,,,,,0.0,equis
S010-923,,,,,,0.0,equis
S010-924,,,,,,0.0,equis
S010-925,,,,,,0.0,equis
S010-926,,,,,,0.0,equis
S011-182,,,,,,0.0,equis
S011-184,,,,,,0.0,equis
S011-185,,,,,,0.0,equis
S011-187,,,,,,0.0,equis
S011-188,,,,,,0.0,equis
S011-190,,,,,,0.0,equis
S011-191,,,,,,0.0,equis
S011-192,,,,,,0.0,equis
S011-193,,,,,,0.0,equis
S011-194,,,,,,0.0,equis
S011-195,,,,,,0.0,equis
S011-196,,,,,,0.0,equis
S011-198,,,,,,0.0,equis
S011-201,,,,,,0.0,equis
S011-202,,,,,,0.0,equis
S011-371,,,,,,0.0,equis
S011-413,,,,,MissWinona,0.0,equis
S011-415,,,,,MissWinona,0.0,equis
S011-416,,,,,MissWinona,0.0,equis
S011-417,,,,,MissWinona,0.0,equis
S011-419,,,,,MissWinona,0.0,equis
S011-422,,,,,MissWinona,0.0,equis
S011-423,,,,,MissWinona,0.0,equis
S011-425,,,,,MissWinona,0.0,equis
S011-429,,,,,MissWinona,0.0,equis
S011-430,,,,,MissWinona,0.0,equis
S011-431,,,,,MissWinona,0.0,equis
S011-432,,,,,MissWinona,0.0,equis
S011-433,,,,,MissWinona,0.0,equis
S011-434,,,,,MissWinona,0.0,equis
S011-435,,,,,MissWinona,0.0,equis
S011-438,,,,,MissWinona,0.0,equis
S011-573,,,,,,0.0,equis
S011-574,,,,,,0.0,equis
S011-575,,,,,,0.0,equis
S011-576,,,,,,0.0,equis
S011-577,,,,,,0.0,equis
S011-578,,,,,,0.0,equis
S011-580,,,,,,0.0,equis
S011-581,,,,,,0.0,equis
S011-582,,,,,,0.0,equis
S011-583,,,,,,0.0,equis
S011-585,,,,,,0.0,equis
S011-586,,,,,,0.0,equis
S011-588,,,,,,0.0,equis
S011-589,,,,,,0.0,equis
S011-661,,,,,,0.0,equis
S011-662,,,,,,0.0,equis
S011-663,,,,,,0.0,equis
S011-664,,,,,,0.0,equis
S011-665,,,,,,0.0,equis
S011-666,,,,,,0.0,equis
S011-667,,,,,,0.0,equis
S011-668,,,,,,0.0,equis
S011-669,,,,,,0.0,equis
S011-670,,,,,,0.0,equis
S011-671,,,,,,0.0,equis
S011-672,,,,,,0.0,equis
S011-673,,,,,,0.0,equis
S011-674,,,,,,0.0,equis
S011-675,,,,,,0.0,equis
S011-676,,,,,,0.0,equis
S011-677,,,,,,0.0,equis
S011-678,,,,,,0.0,equis
S011-679,,,,,,0.0,equis
S011-680,,,,,,0.0,equis
S011-681,,,,,,0.0,equis
S011-682,,,,,,0.0,equis
S011-820,,,,,,0.0,equis
S011-821,,,,,,0.0,equis
S012-002,,,,,,0.0,equis
S012-003,,,,,,0.0,equis
S012-112,,,,,MissWinona,0.0,equis
S012-114,,,,,,0.0,equis
S012-115,,,,,,0.0,equis
S012-116,,,,,,0.0,equis
S012-178,,,,,,0.0,equis
S012-273,,,,,,0.0,equis
S012-277,,,,,MissWinona,0.0,equis
S012-280,,,,,,0.0,equis
S012-281,,,,,,0.0,equis
S012-282,,,,,,0.0,equis
S012-283,,,,,,0.0,equis
S012-284,,,,,,0.0,equis
S012-285,,,,,,0.0,equis
S012-286,,,,,,0.0,equis
S012-287,,,,,,0.0,equis
S012-288,,,,,,0.0,equis
S012-289,,,,,MissWinona,0.0,equis
S012-290,,,,,MissWinona,0.0,equis
S012-291,,,,,MissWinona,0.0,equis
S012-292,,,,,MissWinona,0.0,equis
S012-293,,,,,,0.0,equis
S012-294,,,,,,0.0,equis
S012-295,,,,,,0.0,equis
S012-296,,,,,,0.0,equis
S012-297,,,,,MissWinona,0.0,equis
S012-298,,,,,,0.0,equis
S012-299,,,,,,0.0,equis
S012-300,,,,,,0.0,equis
S012-301,,,,,,0.0,equis
S012-302,,,,,,0.0,equis
S012-303,,,,,,0.0,equis
S012-304,,,,,,0.0,equis
S012-512,,,,,,0.0,equis
S013-054,,,,,,0.0,equis
S013-088,,,,,MissWinona,0.0,equis
S013-235,,,,,,0.0,equis
S013-239,,,,,,0.0,equis
S013-242,,,,,,0.0,equis
S013-245,,,,,,0.0,equis
S013-246,,,,,,0.0,equis
S013-573,,,,,,0.0,equis
S013-575,,,,,,0.0,equis
S013-576,,,,,,0.0,equis
S013-579,,,,,,0.0,equis
S013-759,,,,,,0.0,equis
S013-760,,,,,,0.0,equis
S013-765,,,,,,0.0,equis
S013-766,,,,,,0.0,equis
S013-767,,,,,,0.0,equis
S013-768,,,,,,0.0,equis
S013-769,,,,,,0.0,equis
S013-770,,,,,,0.0,equis
S013-801,,,,,,0.0,equis
S013-802,,,,,,0.0,equis
S013-816,,,,,,0.0,equis
S013-819,,,,,,0.0,equis
S013-823,,,,,,0.0,equis
S013-826,,,,,,0.0,equis
S013-827,,,,,,0.0,equis
S013-828,,,,,,0.0,equis
S013-829,,,,,,0.0,equis
S013-878,,,,,,0.0,equis
S013-923,,,,,,0.0,equis
S013-924,,,,,,0.0,equis
S013-925,,,,,,0.0,equis
S013-926,,,,,,0.0,equis
S013-927,,,,,,0.0,equis
S013-928,,,,,,0.0,equis
S013-929,,,,,,0.0,equis
S013-930,,,,,,0.0,equis
S013-996,,,,,,0.0,equis
S013-997,,,,,,0.0,equis
S013-998,,,,,,0.0,equis
S014-000,,,,,,0.0,equis
S014-001,,,,,,0.0,equis
S014-002,,,,,,0.0,equis
S014-008,,,,,,0.0,equis
S014-022,,,,,,0.0,equis
S014-023,,,,,,0.0,equis
S014-024,,,,,,0.0,equis
S014-025,,,,,,0.0,equis
S014-058,,,,,,0.0,equis
S014-059,,,,,,0.0,equis
S014-060,,,,,,0.0,equis
S014-061,,,,,,0.0,equis
S014-062,,,,,,0.0,equis
S014-063,,,,,,0.0,equis
S014-064,,,,,,0.0,equis
S014-065,,,,,,0.0,equis
S014-066,,,,,,0.0,equis
S014-067,,,,,,0.0,equis
S014-068,,,,,,0.0,equis
S014-069,,,,,,0.0,equis
S014-070,,,,,,0.0,equis
S014-071,,,,,,0.0,equis
S014-072,,,,,,0.0,equis
S014-073,,,,,,0.0,equis
S014-074,,,,,,0.0,equis
S014-075,,,,,,0.0,equis
S014-076,,,,,,0.0,equis
S014-077,,,,,,0.0,equis
S014-078,,,,,,0.0,equis
S014-079,,,,,,0.0,equis
S014-083,,,,,,0.0,equis
S014-093,,,,,,0.0,equis
S014-100,,,,,,0.0,equis
S014-136,,,,,,0.0,equis
S014-137,,,,,,0.0,equis
S014-138,,,,,,0.0,equis
S014-139,,,,,,0.0,equis
S014-140,,,,,,0.0,equis
S014-141,,,,,,0.0,equis
S014-142,,,,,,0.0,equis
S014-143,,,,,,0.0,equis
S014-144,,,,,,0.0,equis
S014-145,,,,,,0.0,equis
S014-146,,,,,,0.0,equis
S014-147,,,,,,0.0,equis
S014-148,,,,,,0.0,equis
S014-149,,,,,,0.0,equis
S014-150,,,,,,0.0,equis
S014-151,,,,,,0.0,equis
S014-152,,,,,,0.0,equis
S014-153,,,,,,0.0,equis
S014-154,,,,,,0.0,equis
S014-155,,,,,,0.0,equis
S014-156,,,,,,0.0,equis
S014-157,,,,,,0.0,equis
S014-158,,,,,,0.0,equis
S014-159,,,,,,0.0,equis
S014-160,,,,,,0.0,equis
S014-161,,,,,,0.0,equis
S014-162,,,,,,0.0,equis
S014-163,,,,,,0.0,equis
S014-164,,,,,,0.0,equis
S014-165,,,,,,0.0,equis
S014-166,,,,,,0.0,equis
S014-167,,,,,,0.0,equis
S014-168,,,,,,0.0,equis
S014-169,,,,,,0.0,equis
S014-170,,,,,,0.0,equis
S014-171,,,,,,0.0,equis
S014-172,,,,,,0.0,equis
S014-173,,,,,,0.0,equis
S014-174,,,,,,0.0,equis
S014-175,,,,,,0.0,equis
S014-176,,,,,,0.0,equis
S014-178,,,,,,0.0,equis
S014-179,,,,,,0.0,equis
S014-180,,,,,,0.0,equis
S014-181,,,,,,0.0,equis
S014-182,,,,,,0.0,equis
S014-183,,,,,,0.0,equis
S014-185,,,,,,0.0,equis
S014-186,,,,,,0.0,equis
S014-187,,,,,,0.0,equis
S014-188,,,,,,0.0,equis
S014-190,,,,,,0.0,equis
S014-191,,,,,,0.0,equis
S014-192,,,,,,0.0,equis
S014-193,,,,,,0.0,equis
S014-194,,,,,,0.0,equis
S014-195,,,,,,0.0,equis
S014-196,,,,,,0.0,equis
S014-197,,,,,,0.0,equis
S014-198,,,,,,0.0,equis
S014-199,,,,,,0.0,equis
S014-201,,,,,,0.0,equis
S014-202,,,,,,0.0,equis
S014-203,,,,,,0.0,equis
S014-204,,,,,,0.0,equis
S014-209,,,,,,0.0,equis
S014-210,,,,,,0.0,equis
S014-211,,,,,,0.0,equis
S014-212,,,,,,0.0,equis
S014-250,,,,,MissWinona,0.0,equis
S014-251,,,,,MissWinona,0.0,equis
S014-252,,,,,MissWinona,0.0,equis
S014-253,,,,,MissWinona,0.0,equis
S014-254,,,,,MissWinona,0.0,equis
S014-268,,,,,,0.0,equis
S014-270,,,,,,0.0,equis
S014-271,,,,,,0.0,equis
S014-448,,,,,,0.0,equis
S014-465,,,,,,0.0,equis
S014-466,,,,,,0.0,equis
S014-486,,,,,,0.0,equis
S014-514,,,,,,0.0,equis
S014-649,,,,,,0.0,equis
S014-674,,,,,MissWinona,0.0,equis
S014-678,,,,,,0.0,equis
S014-687,,,,,,0.0,equis
S014-691,,,,,,0.0,equis
S014-693,,,,,,0.0,equis
S014-694,,,,,,0.0,equis
S014-695,,,,,,0.0,equis
S014-696,,,,,,0.0,equis
S014-697,,,,,,0.0,equis
S014-740,,,,,,0.0,equis
S014-894,,,,,,0.0,equis
S014-964,,,,,,0.0,equis
S014-975,,,,,,0.0,equis
S014-976,,,,,,0.0,equis
S014-977,,,,,,0.0,equis
S014-978,,,,,,0.0,equis
S014-979,,,,,,0.0,equis
S014-980,,,,,,0.0,equis
S014-981,,,,,,0.0,equis
S014-991,,,,,,0.0,equis
S015-010,,,,,,0.0,equis
S015-011,,,,,,0.0,equis
S015-012,,,,,,0.0,equis
S015-013,,,,,,0.0,equis
S015-014,,,,,,0.0,equis
S015-015,,,,,,0.0,equis
S015-016,,,,,,0.0,equis
S015-017,,,,,,0.0,equis
S015-018,,,,,,0.0,equis
S015-019,,,,,,0.0,equis
S015-020,,,,,,0.0,equis
S015-021,,,,,,0.0,equis
S015-047,,,,,,0.0,equis
S015-048,,,,,,0.0,equis
S015-084,,,,,,0.0,equis
S015-102,112.0,112,middle of reach,,,0.0,equis
S015-117,,,,,,0.0,equis
S015-150,,,,,MissWinona,0.0,equis
S015-161,,,,,,0.0,equis
S015-203,,,,,,0.0,equis
S015-217,,,,,,0.0,equis
S015-218,,,,,,0.0,equis
S015-219,,,,,,0.0,equis
S015-220,,,,,,0.0,equis
S015-221,,,,,,0.0,equis
S015-222,,,,,,0.0,equis
S015-223,,,,,,0.0,equis
S015-231,,,,,,0.0,equis
S015-245,,,,,MissWinona,0.0,equis
S015-267,,,,,,0.0,equis
S015-268,,,,,,0.0,equis
S015-269,,,,,,0.0,equis
S015-270,,,,,,0.0,equis
S015-271,,,,,,0.0,equis
S015-272,,,,,,0.0,equis
S015-273,,,,,,0.0,equis
S015-274,,,,,,0.0,equis
S015-275,,,,,,0.0,equis
S015-276,,,,,,0.0,equis
S015-277,,,,,,0.0,equis
S015-278,,,,,,0.0,equis
S015-279,,,,,,0.0,equis
S015-280,,,,,,0.0,equis
S015-281,,,,,,0.0,equis
S015-284,,,,,,0.0,equis
S015-285,,,,,,0.0,equis
S015-286,,,,,,0.0,equis
S015-287,,,,,,0.0,equis
S016-051,,,,,,0.0,equis
S016-053,,,,,,0.0,equis
S016-060,,,,,,0.0,equis
S016-062,,,,,,0.0,equis
S016-063,,,,,,0.0,equis
S016-065,,,,,,0.0,equis
S016-071,,,,,,0.0,equis
S016-189,,,,,,0.0,equis
S016-231,,,,,,0.0,equis
S016-232,,,,,,0.0,equis
S016-233,,,,,,0.0,equis
S016-234,,,,,,0.0,equis
S016-254,,,,,MissWinona,0.0,equis
S016-255,,,,,,0.0,equis
S016-261,,,,,MissWinona,0.0,equis
S016-276,,,,,,0.0,equis
S016-280,,,,,,0.0,equis
S016-298,,,,,,0.0,equis
S016-299,,,,,,0.0,equis
S016-300,,,,,,0.0,equis
S016-311,,,,,,0.0,equis
S016-312,,,,,,0.0,equis
S016-314,,,,,,0.0,equis
S016-315,,,,,,0.0,equis
S016-316,,,,,,0.0,equis
S016-317,,,,,,0.0,equis
S016-318,,,,,,0.0,equis
S016-325,,,,,,0.0,equis
S016-325,,,,,,0.0,equis
S016-332,,,,,MissWinona,0.0,equis
S016-333,,,,,MissWinona,0.0,equis
S016-334,,,,,MissWinona,0.0,equis
S016-335,,,,,,0.0,equis
S016-340,,,,,,0.0,equis
S016-367,177.0,177,middle of reach,,,0.0,equis
S016-368,177.0,177,middloe of reach,,,0.0,equis
S016-392,,,,,,0.0,equis
S016-393,,,,,,0.0,equis
S016-399,,,,,,0.0,equis
S016-418,,,,,,0.0,equis
S016-430,,,,,,0.0,equis
S016-431,,,,,,0.0,equis
S016-432,,,,,,0.0,equis
S016-433,,,,,,0.0,equis
S016-434,,,,,,0.0,equis
S016-435,,,,,,0.0,equis
S016-436,,,,,,0.0,equis
S016-437,,,,,,0.0,equis
S016-438,,,,,,0.0,equis
S016-439,,,,,,0.0,equis
S016-440,,,,,,0.0,equis
S016-441,,,,,,0.0,equis
S016-542,,,,,,0.0,equis
S016-543,,,,,,0.0,equis
S016-568,,,,,MissWinona,0.0,equis
S016-569,,,,,MissWinona,0.0,equis
S016-570,,,,,MissWinona,0.0,equis
S016-582,,,,,MissWinona,0.0,equis
S016-586,,,,,,0.0,equis
S016-589,,,,,,0.0,equis
S016-629,,,,,,0.0,equis
S016-647,,,,,,0.0,equis
S016-655,,,,,MissWinona,0.0,equis
S016-656,,,,,MissWinona,0.0,equis
S016-657,,,,,MissWinona,0.0,equis
S016-658,,,,,MissWinona,0.0,equis
S016-659,,,,,,0.0,equis
S016-659,,,,,,0.0,equis
S016-662,,,,,,0.0,equis
S016-662,,,,,,0.0,equis
S016-671,,,,,,0.0,equis
S016-671,,,,,,0.0,equis
S016-675,,,,,,0.0,equis
S016-676,,,,,,0.0,equis
S016-677,,,,,,0.0,equis
S016-678,,,,,,0.0,equis
S016-714,,,,,,0.0,equis
S016-725,,,,,MissWinona,0.0,equis
S016-727,,,,,,0.0,equis
S016-729,,,,,,0.0,equis
S016-761,,,,,MissWinona,0.0,equis
S016-762,,,,,MissWinona,0.0,equis
S016-766,,,,,,0.0,equis
S016-800,,,,,,0.0,equis
S016-800,,,,,,0.0,equis
S016-801,,,,,,0.0,equis
S016-801,,,,,,0.0,equis
S016-802,,,,,,0.0,equis
S016-802,,,,,,0.0,equis
S016-803,,,,,,0.0,equis
S016-803,,,,,,0.0,equis
S016-804,,,,,,0.0,equis
S016-804,,,,,,0.0,equis
S016-816,,,,,,0.0,equis
S016-841,,,,,MissWinona,0.0,equis
S016-843,,,,,,0.0,equis
S016-853,,,,,MissWinona,0.0,equis
S016-863,,,,,,0.0,equis
S016-865,,,,,MissWinona,0.0,equis
S016-866,,,,,MissWinona,0.0,equis
S016-868,,,,,MissWinona,0.0,equis
S016-869,,,,,MissWinona,0.0,equis
S016-871,,,,,MissWinona,0.0,equis
S016-874,,,,,MissWinona,0.0,equis
S016-875,,,,,MissWinona,0.0,equis
S016-877,,,,,MissWinona,0.0,equis
S016-884,,,,,,0.0,equis
S016-907,,,,,MissWinona,0.0,equis
S017-038,,,,,,0.0,equis
S017-039,,,,,,0.0,equis
S017-040,,,,,MissWinona,0.0,equis
S017-046,,,,,MissWinona,0.0,equis
S017-047,,,,,MissWinona,0.0,equis
S017-048,,,,,MissWinona,0.0,equis
S017-049,,,,,MissWinona,0.0,equis
S017-197,,,,,,0.0,equis
S017-199,,,,,,0.0,equis
S017-202,,,,,,0.0,equis
S017-207,,,,,,0.0,equis
S017-208,,,,,,0.0,equis
S017-209,,,,,,0.0,equis
S017-210,,,,,,0.0,equis
S017-211,,,,,,0.0,equis
S017-212,,,,,,0.0,equis
S017-242,,,,,,0.0,equis
S017-243,,,,,,0.0,equis
S017-244,,,,,,0.0,equis
S017-245,,,,,,0.0,equis
S017-246,,,,,,0.0,equis
S017-247,,,,,,0.0,equis
S017-278,,,,,,0.0,equis
S017-279,,,,,,0.0,equis
S017-280,,,,,MissWinona,0.0,equis
S017-281,,,,,,0.0,equis
S017-282,,,,,MissWinona,0.0,equis
S017-283,,,,,,0.0,equis
S017-284,,,,,MissWinona,0.0,equis
S017-290,,,,,,0.0,equis
S017-291,,,,,MissWinona,0.0,equis
S017-292,,,,,,0.0,equis
S017-293,,,,,MissWinona,0.0,equis
S017-294,,,,,,0.0,equis
S017-295,,,,,,0.0,equis
S017-296,,,,,MissWinona,0.0,equis
S017-322,,,,,,0.0,equis
S017-323,,,,,,0.0,equis
S017-329,,,,,,0.0,equis
S017-330,,,,,,0.0,equis
S017-351,,,,,,0.0,equis
S017-364,,,,,MissWinona,0.0,equis
S017-376,,,,,,0.0,equis
S017-450,,,,,,0.0,equis
S017-501,,,,,,0.0,equis
S017-523,,,,,MissWinona,0.0,equis
S017-524,,,,,MissWinona,0.0,equis
S017-525,,,,,MissWinona,0.0,equis
S017-526,,,,,MissWinona,0.0,equis
S017-744,,,,,,0.0,equis
S017-745,,,,,,0.0,equis
S017-746,,,,,,0.0,equis
S017-747,,,,,,0.0,equis
S017-748,,,,,,0.0,equis
S017-822,,,,,,0.0,equis
S017-827,,,,,,0.0,equis
S017-828,,,,,,0.0,equis
S017-901,,,,,,0.0,equis
S017-948,,,,,,0.0,equis
S017-949,,,,,,0.0,equis
S018-017,,,,,,0.0,equis
